model_id,sample,outcome,block,specification,family,formula,status,reason,n,rank,df_resid,r2,adj_r2,sse,cv_r2,cv_rmse,max_leverage,condition_number,dropped_constant
all_managers__roa_2025__education__M1__main,all_managers,roa_2025,education,M1,main,roa_2025 ~ expertise_score_10,ok,,101,2.0,99.0,0.0059022383272875345,-0.004139153204760104,2.5282517442266794,-0.03409037326538322,0.1613667939461785,0.07624596187951305,15.095270177405263,
all_managers__roa_2025__education__M2__main,all_managers,roa_2025,education,M2,main,roa_2025 ~ expertise_score_10 + roa_2024,ok,,101,3.0,98.0,0.5455068699873058,0.5362314999870468,1.155895418937627,0.47570215146319117,0.11490104028507714,0.4061292582286792,28.796777085243953,
all_managers__roa_2025__education__M3__main,all_managers,roa_2025,education,M3,main,roa_2025 ~ expertise_score_10 + roa_2024 + log_assets_2024 + age + leverage_2024 + fixed_assets_ratio_2024 + state_2024,ok,,93,8.0,85.0,0.5637454748501904,0.527818631602559,0.9059919035237614,0.4519769272612467,0.11062419752740336,0.4852381051294082,702.7762966149102,
all_managers__roa_2025__education__M4__main,all_managers,roa_2025,education,M4,main,roa_2025 ~ expertise_score_10 + roa_2024 + log_assets_2024 + age + leverage_2024 + fixed_assets_ratio_2024 + state_2024 + C(industry_group),ok,,93,15.0,78.0,0.6397903404944858,0.5751373246858038,0.7480656732923957,0.28175428128729907,0.12664476270340425,0.7054415021627038,801.4183372975759,
all_managers__roa_2025__education__M5__main,all_managers,roa_2025,education,M5,main,roa_2025 ~ expertise_score_10 + roa_2024 + log_employees_2024 + age + leverage_2024 + fixed_assets_ratio_2024 + state_2024,ok,,54,8.0,46.0,0.5694913556800636,0.5039791706748559,0.5862359626168803,0.3604984204772699,0.1269899116587209,0.5119782243295015,489.68129398625496,
all_managers__roa_2024__education__C2024__main,all_managers,roa_2024,education,C2024,main,roa_2024 ~ expertise_score_10 + log_assets_2024 + age + leverage_2024 + fixed_assets_ratio_2024 + state_2024,ok,,93,7.0,86.0,0.3035393720102013,0.25494909563882007,1.3686015798123174,0.2113468498054346,0.1290897561314549,0.46755365566351303,648.2790079099165,
all_managers__roa_2025_w__education__W2025__main,all_managers,roa_2025_w,education,W2025,main,roa_2025_w ~ expertise_score_10 + roa_2024 + log_assets_2024 + age + leverage_2024 + fixed_assets_ratio_2024 + state_2024,ok,,93,8.0,85.0,0.5674520019301764,0.531830402089132,0.8760741028413841,0.4597594768429385,0.10846893410323166,0.4852381051294082,702.7762966149102,
all_managers__roa_2025__index_equal__M1__main,all_managers,roa_2025,index_equal,M1,main,roa_2025 ~ index_equal_10,ok,,60,2.0,58.0,0.01460640162186011,-0.002383143177763003,1.0656106013808746,-0.03469296414992207,0.13656031841344513,0.38258454899292116,49.236397960879266,
all_managers__roa_2025__index_equal__M2__main,all_managers,roa_2025,index_equal,M2,main,roa_2025 ~ index_equal_10 + roa_2024,ok,,60,3.0,57.0,0.5879875638486032,0.5735309871415366,0.4455527421593903,0.5220251097815032,0.09281567209845772,0.6174096306050554,49.39645089322954,
all_managers__roa_2025__index_equal__M3__main,all_managers,roa_2025,index_equal,M3,main,roa_2025 ~ index_equal_10 + roa_2024 + log_assets_2024 + age + leverage_2024 + fixed_assets_ratio_2024 + state_2024,ok,,56,8.0,48.0,0.6193573740499865,0.5638469910989428,0.40646410548663936,0.47724951769337554,0.09984023553996303,0.669046431465222,762.0713908754309,
all_managers__roa_2025__index_equal__M4__main,all_managers,roa_2025,index_equal,M4,main,roa_2025 ~ index_equal_10 + roa_2024 + log_assets_2024 + age + leverage_2024 + fixed_assets_ratio_2024 + state_2024 + C(industry_group),ok,,56,13.0,43.0,0.7266818316433097,0.6504069939623729,0.29185912780282747,0.11118266472599914,0.1301861051050447,0.8268101835701946,885.9340181827391,
all_managers__roa_2025__index_equal__M5__main,all_managers,roa_2025,index_equal,M5,main,roa_2025 ~ index_equal_10 + roa_2024 + log_employees_2024 + age + leverage_2024 + fixed_assets_ratio_2024 + state_2024,ok,,38,8.0,30.0,0.5429054252266956,0.43625002444625793,0.3371357159034126,0.2833217865251254,0.11794231594486511,0.552710881756969,636.0535715471921,
all_managers__roa_2024__index_equal__C2024__main,all_managers,roa_2024,index_equal,C2024,main,roa_2024 ~ index_equal_10 + log_assets_2024 + age + leverage_2024 + fixed_assets_ratio_2024 + state_2024,ok,,56,7.0,49.0,0.25553769857347564,0.16437904941920733,1.0202884678329522,0.0948951080709759,0.1488317458681577,0.5036579178008626,707.803208425318,
all_managers__roa_2025_w__index_equal__W2025__main,all_managers,roa_2025_w,index_equal,W2025,main,roa_2025_w ~ index_equal_10 + roa_2024 + log_assets_2024 + age + leverage_2024 + fixed_assets_ratio_2024 + state_2024,ok,,56,8.0,48.0,0.6193573740499865,0.5638469910989428,0.40646410548663936,0.47724951769337554,0.09984023553996303,0.669046431465222,762.0713908754309,
all_managers__roa_2025__index_critic__M1__main,all_managers,roa_2025,index_critic,M1,main,roa_2025 ~ index_critic_10,ok,,60,2.0,58.0,0.014067307451681277,-0.002931532075013843,1.0661935810793735,-0.03645165585763088,0.13667632651439002,0.5002484719222192,47.003924903829144,
all_managers__roa_2025__index_critic__M2__main,all_managers,roa_2025,index_critic,M2,main,roa_2025 ~ index_critic_10 + roa_2024,ok,,60,3.0,57.0,0.5868288840046615,0.5723316518644741,0.44680574555553865,0.5200763583461662,0.09300468902357352,0.6169177284323214,47.26489100159526,
all_managers__roa_2025__index_critic__M3__main,all_managers,roa_2025,index_critic,M3,main,roa_2025 ~ index_critic_10 + roa_2024 + log_assets_2024 + age + leverage_2024 + fixed_assets_ratio_2024 + state_2024,ok,,56,8.0,48.0,0.6205243890291261,0.5651841957625403,0.40521792424668596,0.47938751267424995,0.099635858277451,0.6682253207181791,750.4629107662251,
all_managers__roa_2025__index_critic__M4__main,all_managers,roa_2025,index_critic,M4,main,roa_2025 ~ index_critic_10 + roa_2024 + log_assets_2024 + age + leverage_2024 + fixed_assets_ratio_2024 + state_2024 + C(industry_group),ok,,56,13.0,43.0,0.72652119499889,0.6502015284869523,0.292030661481746,0.11461138894137579,0.12993475786534922,0.8257921732924711,879.4575694324772,
all_managers__roa_2025__index_critic__M5__main,all_managers,roa_2025,index_critic,M5,main,roa_2025 ~ index_critic_10 + roa_2024 + log_employees_2024 + age + leverage_2024 + fixed_assets_ratio_2024 + state_2024,ok,,38,8.0,30.0,0.5451391456440585,0.43900494629433884,0.33548820798361456,0.2884729851911356,0.11751769027115071,0.6593112631503288,626.4854358045413,
all_managers__roa_2024__index_critic__C2024__main,all_managers,roa_2024,index_critic,C2024,main,roa_2024 ~ index_critic_10 + log_assets_2024 + age + leverage_2024 + fixed_assets_ratio_2024 + state_2024,ok,,56,7.0,49.0,0.25540799169944095,0.16423346007080108,1.0204662316062456,0.09157490509186261,0.14910447628024207,0.5890205281094046,695.9263768190631,
all_managers__roa_2025_w__index_critic__W2025__main,all_managers,roa_2025_w,index_critic,W2025,main,roa_2025_w ~ index_critic_10 + roa_2024 + log_assets_2024 + age + leverage_2024 + fixed_assets_ratio_2024 + state_2024,ok,,56,8.0,48.0,0.6205243890291261,0.5651841957625403,0.40521792424668596,0.47938751267424995,0.099635858277451,0.6682253207181791,750.4629107662251,
all_managers__roa_2025__components_joint__M1__main,all_managers,roa_2025,components_joint,M1,main,roa_2025 ~ media_score_10 + awards_score_10 + expertise_score_10 + face_score_10 + communication_score_10,ok,,60,6.0,54.0,0.06107762415475659,-0.025859632867951232,1.015356340066726,-0.14702068643408484,0.14378195949959113,0.8280474866292691,184.21727087939013,
all_managers__roa_2025__components_joint__M2__main,all_managers,roa_2025,components_joint,M2,main,roa_2025 ~ media_score_10 + awards_score_10 + expertise_score_10 + face_score_10 + communication_score_10 + roa_2024,ok,,60,7.0,53.0,0.6120789957596964,0.5681634103740016,0.4195001218773424,0.44905649210601706,0.0996488538169686,0.8282643334645332,185.26176554875914,
all_managers__roa_2025__components_joint__M3__main,all_managers,roa_2025,components_joint,M3,main,roa_2025 ~ media_score_10 + awards_score_10 + expertise_score_10 + face_score_10 + communication_score_10 + roa_2024 + log_assets_2024 + age + leverage_2024 + fixed_assets_ratio_2024 + state_2024,undefined_hc3_and_press_leverage_one,,56,12.0,44.0,0.6380283162737048,0.547535395342131,0.38652659110391496,,,0.9999999999999992,895.9088866154157,
all_managers__roa_2025__components_joint__M4__main,all_managers,roa_2025,components_joint,M4,main,roa_2025 ~ media_score_10 + awards_score_10 + expertise_score_10 + face_score_10 + communication_score_10 + roa_2024 + log_assets_2024 + age + leverage_2024 + fixed_assets_ratio_2024 + state_2024 + C(industry_group),undefined_hc3_and_press_leverage_one,,56,17.0,39.0,0.7336572852926445,0.6243884792588577,0.284410483498044,,,1.0000000000000016,1089.3310173370062,
all_managers__roa_2025__components_joint__M5__main,all_managers,roa_2025,components_joint,M5,main,roa_2025 ~ media_score_10 + awards_score_10 + expertise_score_10 + face_score_10 + communication_score_10 + roa_2024 + log_employees_2024 + age + leverage_2024 + fixed_assets_ratio_2024 + state_2024,undefined_hc3_and_press_leverage_one,,38,12.0,26.0,0.573713647135955,0.3933617286165513,0.3144127335660253,,,1.0000000000000016,742.0172328092128,
all_managers__roa_2024__components_joint__C2024__main,all_managers,roa_2024,components_joint,C2024,main,roa_2024 ~ media_score_10 + awards_score_10 + expertise_score_10 + face_score_10 + communication_score_10 + log_assets_2024 + age + leverage_2024 + fixed_assets_ratio_2024 + state_2024,undefined_hc3_and_press_leverage_one,,56,11.0,45.0,0.2920374750725586,0.13471246953312732,0.9702653827564676,,,0.9999999999999986,867.8630758580116,
all_managers__roa_2025_w__components_joint__W2025__main,all_managers,roa_2025_w,components_joint,W2025,main,roa_2025_w ~ media_score_10 + awards_score_10 + expertise_score_10 + face_score_10 + communication_score_10 + roa_2024 + log_assets_2024 + age + leverage_2024 + fixed_assets_ratio_2024 + state_2024,undefined_hc3_and_press_leverage_one,,56,12.0,44.0,0.6380283162737048,0.547535395342131,0.38652659110391496,,,0.9999999999999992,895.9088866154157,
all_managers__stock_return_2025__education__M1__main,all_managers,stock_return_2025,education,M1,main,stock_return_2025 ~ expertise_score_10,ok,,103,2.0,101.0,0.006938766066363233,-0.002893523378524332,14.539160778645336,-0.021754968390997442,0.38109778269555106,0.08813632339028021,14.50542192985531,
all_managers__stock_return_2025__education__M2__main,all_managers,stock_return_2025,education,M2,main,stock_return_2025 ~ expertise_score_10 + stock_return_2024,ok,,89,3.0,86.0,0.1171780262460409,0.09664728267036748,12.02154155843677,0.05932791979539198,0.3793740645805089,0.3388119526989442,15.262325223882092,
all_managers__stock_return_2025__education__M3__main,all_managers,stock_return_2025,education,M3,main,stock_return_2025 ~ expertise_score_10 + stock_return_2024 + log_assets_2024 + age + leverage_2024 + fixed_assets_ratio_2024 + state_2024,ok,,77,8.0,69.0,0.3340239245272598,0.2664611342619093,6.900598461314203,0.18019096653136069,0.3321429600216181,0.485255321135009,723.8626149275319,
all_managers__stock_return_2025__education__M4__main,all_managers,stock_return_2025,education,M4,main,stock_return_2025 ~ expertise_score_10 + stock_return_2024 + log_assets_2024 + age + leverage_2024 + fixed_assets_ratio_2024 + state_2024 + C(industry_group),undefined_hc3_and_press_leverage_one,,77,15.0,62.0,0.5459571770225138,0.44343137828566204,4.704624266547613,,,1.0000000000000002,791.7444419513315,
all_managers__stock_return_2025__education__M5__main,all_managers,stock_return_2025,education,M5,main,stock_return_2025 ~ expertise_score_10 + stock_return_2024 + log_employees_2024 + age + leverage_2024 + fixed_assets_ratio_2024 + state_2024,ok,,40,8.0,32.0,0.5019762615729524,0.39303356879203577,2.4113300916567333,0.2538061825283875,0.30053782457244504,0.5352977196543357,314.890317769303,
all_managers__stock_return_2024__education__C2024__main,all_managers,stock_return_2024,education,C2024,main,stock_return_2024 ~ expertise_score_10 + log_assets_2024 + age + leverage_2024 + fixed_assets_ratio_2024 + state_2024,ok,,80,7.0,73.0,0.01091897736463443,-0.07037535326292987,12.740768066595649,-0.16657528162821955,0.4334043459096738,0.48220318656950795,701.7036772244496,
all_managers__stock_return_2025_w__education__W2025__main,all_managers,stock_return_2025_w,education,W2025,main,stock_return_2025_w ~ expertise_score_10 + stock_return_2024 + log_assets_2024 + age + leverage_2024 + fixed_assets_ratio_2024 + state_2024,ok,,77,8.0,69.0,0.33543288224118306,0.26801302971492624,5.664579387572724,0.18348985791986916,0.3006421292495971,0.485255321135009,723.8626149275319,
all_managers__stock_return_2025__index_equal__M1__main,all_managers,stock_return_2025,index_equal,M1,main,stock_return_2025 ~ index_equal_10,ok,,59,2.0,57.0,0.002004359513525844,-0.01550433593360534,9.495891305832039,-0.11216428323187877,0.42350838313233935,0.3892226210318244,49.27169605717519,
all_managers__stock_return_2025__index_equal__M2__main,all_managers,stock_return_2025,index_equal,M2,main,stock_return_2025 ~ index_equal_10 + stock_return_2024,ok,,49,3.0,46.0,0.05541967954407401,0.014350969959033733,8.34718689413119,-0.14395264264272223,0.45420990961281194,0.41874312386262696,46.6169307613714,
all_managers__stock_return_2025__index_equal__M3__main,all_managers,stock_return_2025,index_equal,M3,main,stock_return_2025 ~ index_equal_10 + stock_return_2024 + log_assets_2024 + age + leverage_2024 + fixed_assets_ratio_2024 + state_2024,ok,,43,8.0,35.0,0.46591543572804606,0.3590985228736553,4.014728574317792,0.19903656258358515,0.37419260404133786,0.5360452024061261,779.2281679275883,
all_managers__stock_return_2025__index_equal__M4__main,all_managers,stock_return_2025,index_equal,M4,main,stock_return_2025 ~ index_equal_10 + stock_return_2024 + log_assets_2024 + age + leverage_2024 + fixed_assets_ratio_2024 + state_2024 + C(industry_group),undefined_hc3_and_press_leverage_one,,43,12.0,31.0,0.644698961991337,0.5186244001172953,2.670807818088925,,,0.9999999999999989,913.2576225768289,
all_managers__stock_return_2025__index_equal__M5__main,all_managers,stock_return_2025,index_equal,M5,main,stock_return_2025 ~ index_equal_10 + stock_return_2024 + log_employees_2024 + age + leverage_2024 + fixed_assets_ratio_2024 + state_2024,ok,,27,8.0,19.0,0.5976950611399721,0.44947745208627754,1.2559811189380863,0.13301279598372961,0.31661999306924815,0.6143855495565869,523.1529605076945,
all_managers__stock_return_2024__index_equal__C2024__main,all_managers,stock_return_2024,index_equal,C2024,main,stock_return_2024 ~ index_equal_10 + log_assets_2024 + age + leverage_2024 + fixed_assets_ratio_2024 + state_2024,ok,,46,7.0,39.0,0.07881552721064145,-0.06290516091079823,4.309895728466051,-0.2979895315082979,0.3633429652473695,0.5172537969655958,754.4438002814089,
all_managers__stock_return_2025_w__index_equal__W2025__main,all_managers,stock_return_2025_w,index_equal,W2025,main,stock_return_2025_w ~ index_equal_10 + stock_return_2024 + log_assets_2024 + age + leverage_2024 + fixed_assets_ratio_2024 + state_2024,ok,,43,8.0,35.0,0.4815432691357111,0.3778519229628533,2.968040160703944,0.22342971162315883,0.32153983563424693,0.5360452024061261,779.2281679275883,
all_managers__stock_return_2025__index_critic__M1__main,all_managers,stock_return_2025,index_critic,M1,main,stock_return_2025 ~ index_critic_10,ok,,59,2.0,57.0,0.0006937987208252006,-0.016837889020914654,9.508361242906217,-0.11435649538656767,0.42392557112422646,0.4902045975701065,45.94225936809093,
all_managers__stock_return_2025__index_critic__M2__main,all_managers,stock_return_2025,index_critic,M2,main,stock_return_2025 ~ index_critic_10 + stock_return_2024,ok,,49,3.0,46.0,0.05859688697943999,0.017666316848111374,8.319110145452346,-0.14014334726244848,0.4534530327843425,0.5212205144046169,43.220029388366875,
all_managers__stock_return_2025__index_critic__M3__main,all_managers,stock_return_2025,index_critic,M3,main,stock_return_2025 ~ index_critic_10 + stock_return_2024 + log_assets_2024 + age + leverage_2024 + fixed_assets_ratio_2024 + state_2024,ok,,43,8.0,35.0,0.47148634620044194,0.3657836154405304,3.972851884829524,0.2118141740614372,0.37119589416909343,0.6542753729326549,766.6178696451713,
all_managers__stock_return_2025__index_critic__M4__main,all_managers,stock_return_2025,index_critic,M4,main,stock_return_2025 ~ index_critic_10 + stock_return_2024 + log_assets_2024 + age + leverage_2024 + fixed_assets_ratio_2024 + state_2024 + C(industry_group),undefined_hc3_and_press_leverage_one,,43,12.0,31.0,0.6453424779079517,0.5194962603914185,2.6659704909851474,,,0.9999999999999997,910.7992377946418,
all_managers__stock_return_2025__index_critic__M5__main,all_managers,stock_return_2025,index_critic,M5,main,stock_return_2025 ~ index_critic_10 + stock_return_2024 + log_employees_2024 + age + leverage_2024 + fixed_assets_ratio_2024 + state_2024,ok,,27,8.0,19.0,0.6045759399290597,0.45889339148187114,1.2344992702059174,0.12207875728472206,0.3186102695419777,0.7170571857311564,491.36623747242845,
all_managers__stock_return_2024__index_critic__C2024__main,all_managers,stock_return_2024,index_critic,C2024,main,stock_return_2024 ~ index_critic_10 + log_assets_2024 + age + leverage_2024 + fixed_assets_ratio_2024 + state_2024,ok,,46,7.0,39.0,0.07837124938693851,-0.06341778916891716,4.311974346974276,-0.29190437862017493,0.36249026385892863,0.6357373910362323,742.7667964143322,
all_managers__stock_return_2025_w__index_critic__W2025__main,all_managers,stock_return_2025_w,index_critic,W2025,main,stock_return_2025_w ~ index_critic_10 + stock_return_2024 + log_assets_2024 + age + leverage_2024 + fixed_assets_ratio_2024 + state_2024,ok,,43,8.0,35.0,0.488071631334135,0.385685957600962,2.930666856366199,0.2362891521590853,0.3188664890723629,0.6542753729326549,766.6178696451713,
all_managers__stock_return_2025__components_joint__M1__main,all_managers,stock_return_2025,components_joint,M1,main,stock_return_2025 ~ media_score_10 + awards_score_10 + expertise_score_10 + face_score_10 + communication_score_10,ok,,59,6.0,53.0,0.16518639310454353,0.08643039245402873,7.943220340967301,-0.15070159914284242,0.43078333868302804,0.7396391763319385,187.28089956723457,
all_managers__stock_return_2025__components_joint__M2__main,all_managers,stock_return_2025,components_joint,M2,main,stock_return_2025 ~ media_score_10 + awards_score_10 + expertise_score_10 + face_score_10 + communication_score_10 + stock_return_2024,ok,,49,7.0,42.0,0.2576706452839985,0.15162359461028396,6.559909969142102,-0.1153525738905159,0.4484960981151172,0.7575999409205006,181.88507379772076,
all_managers__stock_return_2025__components_joint__M3__main,all_managers,stock_return_2025,components_joint,M3,main,stock_return_2025 ~ media_score_10 + awards_score_10 + expertise_score_10 + face_score_10 + communication_score_10 + stock_return_2024 + log_assets_2024 + age + leverage_2024 + fixed_assets_ratio_2024 + state_2024,undefined_hc3_and_press_leverage_one,,43,12.0,31.0,0.5598007610921427,0.40360103115709667,3.3089899635002866,,,1.000000000000001,917.2749889368998,
all_managers__stock_return_2025__components_joint__M4__main,all_managers,stock_return_2025,components_joint,M4,main,stock_return_2025 ~ media_score_10 + awards_score_10 + expertise_score_10 + face_score_10 + communication_score_10 + stock_return_2024 + log_assets_2024 + age + leverage_2024 + fixed_assets_ratio_2024 + state_2024 + C(industry_group),undefined_hc3_and_press_leverage_one,,43,16.0,27.0,0.6761521797357284,0.4962367240333553,2.434373102540118,,,1.0000000000000002,1067.8289251906006,
all_managers__stock_return_2025__components_joint__M5__main,all_managers,stock_return_2025,components_joint,M5,main,stock_return_2025 ~ media_score_10 + awards_score_10 + expertise_score_10 + face_score_10 + communication_score_10 + stock_return_2024 + log_employees_2024 + age + leverage_2024 + fixed_assets_ratio_2024 + state_2024,undefined_hc3_and_press_leverage_one,,27,12.0,15.0,0.7157195940326776,0.5072472963233079,0.8875128985260556,,,0.9999999999999987,827.2918423576363,
all_managers__stock_return_2024__components_joint__C2024__main,all_managers,stock_return_2024,components_joint,C2024,main,stock_return_2024 ~ media_score_10 + awards_score_10 + expertise_score_10 + face_score_10 + communication_score_10 + log_assets_2024 + age + leverage_2024 + fixed_assets_ratio_2024 + state_2024,undefined_hc3_and_press_leverage_one,,46,11.0,35.0,0.1085215554348774,-0.14618657158372916,4.170911748671374,,,0.999999999999998,879.4664862292028,
all_managers__stock_return_2025_w__components_joint__W2025__main,all_managers,stock_return_2025_w,components_joint,W2025,main,stock_return_2025_w ~ media_score_10 + awards_score_10 + expertise_score_10 + face_score_10 + communication_score_10 + stock_return_2024 + log_assets_2024 + age + leverage_2024 + fixed_assets_ratio_2024 + state_2024,undefined_hc3_and_press_leverage_one,,43,12.0,31.0,0.5813880799628506,0.43284836640128144,2.3964526188104847,,,1.000000000000001,917.2749889368998,
ceo__roa_2025__education__M1__main,ceo,roa_2025,education,M1,main,roa_2025 ~ expertise_score_10,ok,,97,2.0,95.0,0.012396688080149154,0.0020008637441507604,2.4865667375597136,-0.040771257973762465,0.16436167900594822,0.07478827108131017,11.614559235956177,
ceo__roa_2025__education__M2__main,ceo,roa_2025,education,M2,main,roa_2025 ~ expertise_score_10 + roa_2024,ok,,97,3.0,94.0,0.5427022276221054,0.5329724877842779,1.1513746625095436,0.46155654160157455,0.11822055026951174,0.41863449017037935,30.478148107957097,
ceo__roa_2025__education__M3__main,ceo,roa_2025,education,M3,main,roa_2025 ~ expertise_score_10 + roa_2024 + log_assets_2024 + age + leverage_2024 + fixed_assets_ratio_2024 + state_2024,ok,,90,8.0,82.0,0.5627348501306255,0.5254073373368984,0.897245620654216,0.44234759121572265,0.11275706878047002,0.5149528182721573,711.1774025067969,
ceo__roa_2025__education__M4__main,ceo,roa_2025,education,M4,main,roa_2025 ~ expertise_score_10 + roa_2024 + log_assets_2024 + age + leverage_2024 + fixed_assets_ratio_2024 + state_2024 + C(industry_group),ok,,90,15.0,75.0,0.6421039844003299,0.5752967281550582,0.7343842351541767,0.26608080200998485,0.12935586080357,0.7281690767384302,811.0749195501585,
ceo__roa_2025__education__M5__main,ceo,roa_2025,education,M5,main,roa_2025 ~ expertise_score_10 + roa_2024 + log_employees_2024 + age + leverage_2024 + fixed_assets_ratio_2024 + state_2024,ok,,53,8.0,45.0,0.5736330322836122,0.5073092817499518,0.5794537938580371,0.35017552583704636,0.12908557901102352,0.5183709191957603,492.24655524543294,
ceo__roa_2024__education__C2024__main,ceo,roa_2024,education,C2024,main,roa_2024 ~ expertise_score_10 + log_assets_2024 + age + leverage_2024 + fixed_assets_ratio_2024 + state_2024,ok,,90,7.0,83.0,0.33460777835032807,0.28650713582143617,1.262485527526571,0.2481433046123972,0.12589852015842187,0.47400282396865906,650.2774183852795,
ceo__roa_2025_w__education__W2025__main,ceo,roa_2025_w,education,W2025,main,roa_2025_w ~ expertise_score_10 + roa_2024 + log_assets_2024 + age + leverage_2024 + fixed_assets_ratio_2024 + state_2024,ok,,90,8.0,82.0,0.5663291885461937,0.5293085095196493,0.8675645006005697,0.4499843321680461,0.11056993798823593,0.5149528182721573,711.1774025067969,
ceo__roa_2025__index_equal__M1__main,ceo,roa_2025,index_equal,M1,main,roa_2025 ~ index_equal_10,ok,,28,2.0,26.0,0.11717885461894217,0.08322419518120927,0.3917242241610663,-0.17889739010461958,0.13668247635391229,0.21339088259130093,60.451317890356705,
ceo__roa_2025__index_equal__M2__main,ceo,roa_2025,index_equal,M2,main,roa_2025 ~ index_equal_10 + roa_2024,ok,,28,3.0,25.0,0.8871955020222353,0.8781711421840142,0.05005346177242409,0.8624145099950256,0.04669400794655711,0.7478558762803911,66.55467987690494,
ceo__roa_2025__index_equal__M3__main,ceo,roa_2025,index_equal,M3,main,roa_2025 ~ index_equal_10 + roa_2024 + log_assets_2024 + age + leverage_2024 + fixed_assets_ratio_2024 + state_2024,ok,,27,8.0,19.0,0.9137078066032558,0.8819159458781395,0.03775755198156807,0.7941964047719817,0.05775116598510089,0.9168066038447372,808.1657115885882,
ceo__roa_2025__index_equal__M4__main,ceo,roa_2025,index_equal,M4,main,roa_2025 ~ index_equal_10 + roa_2024 + log_assets_2024 + age + leverage_2024 + fixed_assets_ratio_2024 + state_2024 + C(industry_group),undefined_hc3_and_press_leverage_one,,27,13.0,14.0,0.9419227218762714,0.8921421977702182,0.025411984113355567,,,1.0000000000000018,1401.8272704043618,
ceo__roa_2025__index_equal__M5__main,ceo,roa_2025,index_equal,M5,main,roa_2025 ~ index_equal_10 + roa_2024 + log_employees_2024 + age + leverage_2024 + fixed_assets_ratio_2024 + state_2024,ok,,17,8.0,9.0,0.8719501868603957,0.7723558877518146,0.016926655177112084,0.5128492379438057,0.06154649585226632,0.9386426273298575,840.450591540831,
ceo__roa_2024__index_equal__C2024__main,ceo,roa_2024,index_equal,C2024,main,roa_2024 ~ index_equal_10 + log_assets_2024 + age + leverage_2024 + fixed_assets_ratio_2024 + state_2024,ok,,27,7.0,20.0,0.42901157709754467,0.2577150502268081,0.6217009233658848,-0.1446611081074125,0.2148491729838811,0.9168046374468282,807.1662051715363,
ceo__roa_2025_w__index_equal__W2025__main,ceo,roa_2025_w,index_equal,W2025,main,roa_2025_w ~ index_equal_10 + roa_2024 + log_assets_2024 + age + leverage_2024 + fixed_assets_ratio_2024 + state_2024,ok,,27,8.0,19.0,0.9137078066032558,0.8819159458781395,0.03775755198156807,0.7941964047719817,0.05775116598510089,0.9168066038447372,808.1657115885882,
ceo__roa_2025__index_critic__M1__main,ceo,roa_2025,index_critic,M1,main,roa_2025 ~ index_critic_10,ok,,28,2.0,26.0,0.17446576594599716,0.14271444925161236,0.3663049520790771,-0.22462017990915517,0.13930783449498332,0.27421554303534257,15.652388090590426,
ceo__roa_2025__index_critic__M2__main,ceo,roa_2025,index_critic,M2,main,roa_2025 ~ index_critic_10 + roa_2024,ok,,28,3.0,25.0,0.8867481980799804,0.8776880539263788,0.050251938882607455,0.8635136909473576,0.04650711292652766,0.752117813251799,22.565604038351736,
ceo__roa_2025__index_critic__M3__main,ceo,roa_2025,index_critic,M3,main,roa_2025 ~ index_critic_10 + roa_2024 + log_assets_2024 + age + leverage_2024 + fixed_assets_ratio_2024 + state_2024,ok,,27,8.0,19.0,0.9096324763392944,0.8763391781485081,0.039540731759791004,0.7751443455323804,0.06036513621756327,0.9208810369319698,710.6472323195937,
ceo__roa_2025__index_critic__M4__main,ceo,roa_2025,index_critic,M4,main,roa_2025 ~ index_critic_10 + roa_2024 + log_assets_2024 + age + leverage_2024 + fixed_assets_ratio_2024 + state_2024 + C(industry_group),undefined_hc3_and_press_leverage_one,,27,13.0,14.0,0.935671903378283,0.8805335348453827,0.02814705892226696,,,0.9999999999999998,1198.867885809348,
ceo__roa_2025__index_critic__M5__main,ceo,roa_2025,index_critic,M5,main,roa_2025 ~ index_critic_10 + roa_2024 + log_employees_2024 + age + leverage_2024 + fixed_assets_ratio_2024 + state_2024,ok,,17,8.0,9.0,0.8519180146263874,0.7367431371135775,0.019574668973773426,0.16586381135452088,0.08053601193114367,0.9438772417728823,778.0144810726051,
ceo__roa_2024__index_critic__C2024__main,ceo,roa_2024,index_critic,C2024,main,roa_2024 ~ index_critic_10 + log_assets_2024 + age + leverage_2024 + fixed_assets_ratio_2024 + state_2024,ok,,27,7.0,20.0,0.4526175377177232,0.2884027990330401,0.5959983925861831,-0.23955432941207766,0.2235774538521866,0.9204420934078061,661.986859581011,
ceo__roa_2025_w__index_critic__W2025__main,ceo,roa_2025_w,index_critic,W2025,main,roa_2025_w ~ index_critic_10 + roa_2024 + log_assets_2024 + age + leverage_2024 + fixed_assets_ratio_2024 + state_2024,ok,,27,8.0,19.0,0.9096324763392944,0.8763391781485081,0.039540731759791004,0.7751443455323804,0.06036513621756327,0.9208810369319698,710.6472323195937,
ceo__roa_2025__components_joint__M1__main,ceo,roa_2025,components_joint,M1,main,roa_2025 ~ media_score_10 + awards_score_10 + expertise_score_10 + face_score_10 + communication_score_10,ok,,28,5.0,23.0,0.22961763572709748,0.09563809411441881,0.3418330377914912,-0.4633539256968562,0.15228233378531533,0.4075806983902754,112.38890116409443,communication_score_10
ceo__roa_2025__components_joint__M2__main,ceo,roa_2025,components_joint,M2,main,roa_2025 ~ media_score_10 + awards_score_10 + expertise_score_10 + face_score_10 + communication_score_10 + roa_2024,ok,,28,6.0,22.0,0.9083282834350604,0.8874938023975742,0.04067645211807202,0.8539491521368352,0.048109060593782574,0.7750910333020561,112.41367392500273,communication_score_10
ceo__roa_2025__components_joint__M3__main,ceo,roa_2025,components_joint,M3,main,roa_2025 ~ media_score_10 + awards_score_10 + expertise_score_10 + face_score_10 + communication_score_10 + roa_2024 + log_assets_2024 + age + leverage_2024 + fixed_assets_ratio_2024 + state_2024,ok,,27,11.0,16.0,0.9285922220341372,0.8839623608054729,0.031244806538155118,0.7336183243266138,0.0657031893646911,0.933254035802419,838.513063039368,communication_score_10
ceo__roa_2025__components_joint__M4__main,ceo,roa_2025,components_joint,M4,main,roa_2025 ~ media_score_10 + awards_score_10 + expertise_score_10 + face_score_10 + communication_score_10 + roa_2024 + log_assets_2024 + age + leverage_2024 + fixed_assets_ratio_2024 + state_2024 + C(industry_group),undefined_hc3_and_press_leverage_one,,27,16.0,11.0,0.961033415406453,0.9078971636879799,0.017050010961832063,,,1.0000000000000009,1296.4128531004706,communication_score_10
ceo__roa_2025__components_joint__M5__main,ceo,roa_2025,components_joint,M5,main,roa_2025 ~ media_score_10 + awards_score_10 + expertise_score_10 + face_score_10 + communication_score_10 + roa_2024 + log_employees_2024 + age + leverage_2024 + fixed_assets_ratio_2024 + state_2024,ok,,17,11.0,6.0,0.8809331779113919,0.6824884744303785,0.01573921110162934,-0.42829792556393453,0.10538554383492713,0.9781659638997934,1243.9373654995504,communication_score_10
ceo__roa_2024__components_joint__C2024__main,ceo,roa_2024,components_joint,C2024,main,roa_2024 ~ media_score_10 + awards_score_10 + expertise_score_10 + face_score_10 + communication_score_10 + log_assets_2024 + age + leverage_2024 + fixed_assets_ratio_2024 + state_2024,ok,,27,10.0,17.0,0.46707249395969574,0.18493440252659354,0.5802596152618257,-0.7154688457602698,0.26301870818295375,0.9324613105684528,799.3183830775481,communication_score_10
ceo__roa_2025_w__components_joint__W2025__main,ceo,roa_2025_w,components_joint,W2025,main,roa_2025_w ~ media_score_10 + awards_score_10 + expertise_score_10 + face_score_10 + communication_score_10 + roa_2024 + log_assets_2024 + age + leverage_2024 + fixed_assets_ratio_2024 + state_2024,ok,,27,11.0,16.0,0.9285922220341372,0.8839623608054729,0.031244806538155118,0.7336183243266138,0.0657031893646911,0.933254035802419,838.513063039368,communication_score_10
ceo__stock_return_2025__education__M1__main,ceo,stock_return_2025,education,M1,main,stock_return_2025 ~ expertise_score_10,ok,,98,2.0,96.0,0.000516748506303788,-0.00989453536342233,14.066875164248268,-0.04189136933887183,0.3868202832391576,0.07207089693487702,11.713616574689672,
ceo__stock_return_2025__education__M2__main,ceo,stock_return_2025,education,M2,main,stock_return_2025 ~ expertise_score_10 + stock_return_2024,ok,,84,3.0,81.0,0.10926714750466016,0.08727374373934305,11.612912598067949,0.03784043866655418,0.38643882276309144,0.3600129711078208,11.532003130623195,
ceo__stock_return_2025__education__M3__main,ceo,stock_return_2025,education,M3,main,stock_return_2025 ~ expertise_score_10 + stock_return_2024 + log_assets_2024 + age + leverage_2024 + fixed_assets_ratio_2024 + state_2024,ok,,74,8.0,66.0,0.34646054402123583,0.2771457532356094,6.54685799511008,0.1856689643501983,0.33202072067874083,0.4902789917057028,717.3589258313466,
ceo__stock_return_2025__education__M4__main,ceo,stock_return_2025,education,M4,main,stock_return_2025 ~ expertise_score_10 + stock_return_2024 + log_assets_2024 + age + leverage_2024 + fixed_assets_ratio_2024 + state_2024 + C(industry_group),undefined_hc3_and_press_leverage_one,,74,15.0,59.0,0.5470824106898893,0.4396104403451173,4.537120312437926,,,0.9999999999999999,794.6259345860268,
ceo__stock_return_2025__education__M5__main,ceo,stock_return_2025,education,M5,main,stock_return_2025 ~ expertise_score_10 + stock_return_2024 + log_employees_2024 + age + leverage_2024 + fixed_assets_ratio_2024 + state_2024,ok,,39,8.0,31.0,0.5114398055910214,0.40111976169221975,2.283420109444212,0.25078985125541753,0.299642487088975,0.5394186624158482,315.5016819779477,
ceo__stock_return_2024__education__C2024__main,ceo,stock_return_2024,education,C2024,main,stock_return_2024 ~ expertise_score_10 + log_assets_2024 + age + leverage_2024 + fixed_assets_ratio_2024 + state_2024,ok,,77,7.0,70.0,0.019945444317588157,-0.06405923188376161,12.370587166124455,-0.19516521466981795,0.4426277527055599,0.4865978573918202,696.9970970096745,
ceo__stock_return_2025_w__education__W2025__main,ceo,stock_return_2025_w,education,W2025,main,stock_return_2025_w ~ expertise_score_10 + stock_return_2024 + log_assets_2024 + age + leverage_2024 + fixed_assets_ratio_2024 + state_2024,ok,,74,8.0,66.0,0.3457510881602214,0.27636105205600237,5.351455192799728,0.19145192196103056,0.29895203009664817,0.4902789917057028,717.3589258313466,
ceo__stock_return_2025__index_equal__M1__main,ceo,stock_return_2025,index_equal,M1,main,stock_return_2025 ~ index_equal_10,ok,,26,2.0,24.0,0.024020690890316887,-0.01664511365592003,5.683506647369608,-0.1936818999980996,0.5170654401076343,0.25935492676537614,63.98860687920325,
ceo__stock_return_2025__index_equal__M2__main,ceo,stock_return_2025,index_equal,M2,main,stock_return_2025 ~ index_equal_10 + stock_return_2024,ok,,21,3.0,18.0,0.36295420515842136,0.29217133906491255,3.3724719010688538,-0.019912808006082416,0.5070615956732939,0.5142136562738963,68.22391105527603,
ceo__stock_return_2025__index_equal__M3__main,ceo,stock_return_2025,index_equal,M3,main,stock_return_2025 ~ index_equal_10 + stock_return_2024 + log_assets_2024 + age + leverage_2024 + fixed_assets_ratio_2024 + state_2024,ok,,20,8.0,12.0,0.5240031713585603,0.24633835465105391,2.0347412634094195,-3.547145860968387,0.9858413076188344,0.9608955517944928,917.4651715886232,
ceo__stock_return_2025__index_equal__M4__main,ceo,stock_return_2025,index_equal,M4,main,stock_return_2025 ~ index_equal_10 + stock_return_2024 + log_assets_2024 + age + leverage_2024 + fixed_assets_ratio_2024 + state_2024 + C(industry_group),ok,,20,10.0,10.0,0.8390302011541289,0.6941573821928448,0.6880967942774514,-0.032673760628930903,0.46980662836914555,0.9746429215618493,1135.472724368332,
ceo__stock_return_2025__index_equal__M5__main,ceo,stock_return_2025,index_equal,M5,main,stock_return_2025 ~ index_equal_10 + stock_return_2024 + log_employees_2024 + age + leverage_2024 + fixed_assets_ratio_2024 + state_2024,ok,,11,8.0,3.0,0.7576820483619542,0.19227349453984732,0.2666158335159334,-6.317070563408748,0.8555048049622639,0.9718098863118197,996.3523008329015,
ceo__stock_return_2024__index_equal__C2024__main,ceo,stock_return_2024,index_equal,C2024,main,stock_return_2024 ~ index_equal_10 + log_assets_2024 + age + leverage_2024 + fixed_assets_ratio_2024 + state_2024,ok,,21,7.0,14.0,0.2797838218257275,-0.02888025453467491,1.0904758857728174,-1.6409854317441055,0.4363650430154096,0.9477065578026898,795.3201053891516,
ceo__stock_return_2025_w__index_equal__W2025__main,ceo,stock_return_2025_w,index_equal,W2025,main,stock_return_2025_w ~ index_equal_10 + stock_return_2024 + log_assets_2024 + age + leverage_2024 + fixed_assets_ratio_2024 + state_2024,ok,,20,8.0,12.0,0.5067021330561534,0.21894504400557624,1.206720249225746,-3.801558925615729,0.7663458591545607,0.9608955517944928,917.4651715886232,
ceo__stock_return_2025__index_critic__M1__main,ceo,stock_return_2025,index_critic,M1,main,stock_return_2025 ~ index_critic_10,ok,,26,2.0,24.0,0.03228486230145222,-0.008036601769320528,5.635381166929826,-0.1279543471287492,0.5026283353231104,0.3787378716344498,16.35373353087641,
ceo__stock_return_2025__index_critic__M2__main,ceo,stock_return_2025,index_critic,M2,main,stock_return_2025 ~ index_critic_10 + stock_return_2024,ok,,21,3.0,18.0,0.36867319746696425,0.2985257749632937,3.342195991520175,-0.0018776873792434312,0.502558413730973,0.5220829443723922,18.193307950148824,
ceo__stock_return_2025__index_critic__M3__main,ceo,stock_return_2025,index_critic,M3,main,stock_return_2025 ~ index_critic_10 + stock_return_2024 + log_assets_2024 + age + leverage_2024 + fixed_assets_ratio_2024 + state_2024,ok,,20,8.0,12.0,0.5285754310576329,0.25357776584125213,2.0151962477350924,-3.1821299303874806,0.9454451306865385,0.9586655652835026,750.9533269255883,
ceo__stock_return_2025__index_critic__M4__main,ceo,stock_return_2025,index_critic,M4,main,stock_return_2025 ~ index_critic_10 + stock_return_2024 + log_assets_2024 + age + leverage_2024 + fixed_assets_ratio_2024 + state_2024 + C(industry_group),ok,,20,10.0,10.0,0.8384579294233432,0.693070065904352,0.6905430813836824,0.19558274692790967,0.4146467417948078,0.9747453828277763,893.5552624386511,
ceo__stock_return_2025__index_critic__M5__main,ceo,stock_return_2025,index_critic,M5,main,stock_return_2025 ~ index_critic_10 + stock_return_2024 + log_employees_2024 + age + leverage_2024 + fixed_assets_ratio_2024 + state_2024,ok,,11,8.0,3.0,0.7220985532397577,0.07366184413252563,0.30576738273992843,-7.146568271828025,0.902695301978655,0.9693920514664225,743.2643104152721,
ceo__stock_return_2024__index_critic__C2024__main,ceo,stock_return_2024,index_critic,C2024,main,stock_return_2024 ~ index_critic_10 + log_assets_2024 + age + leverage_2024 + fixed_assets_ratio_2024 + state_2024,ok,,21,7.0,14.0,0.27904420078178693,-0.0299368560260187,1.0915957424734428,-1.8381818969435564,0.45236298609741377,0.9484733023178891,707.4587703552228,
ceo__stock_return_2025_w__index_critic__W2025__main,ceo,stock_return_2025_w,index_critic,W2025,main,stock_return_2025_w ~ index_critic_10 + stock_return_2024 + log_assets_2024 + age + leverage_2024 + fixed_assets_ratio_2024 + state_2024,ok,,20,8.0,12.0,0.5049606703218021,0.21618772800952002,1.2109802683452955,-3.7456548526993885,0.7618715532484848,0.9586655652835026,750.9533269255883,
ceo__stock_return_2025__components_joint__M1__main,ceo,stock_return_2025,components_joint,M1,main,stock_return_2025 ~ media_score_10 + awards_score_10 + expertise_score_10 + face_score_10 + communication_score_10,ok,,26,5.0,21.0,0.034748361538947004,-0.14910909340601552,5.62103525389519,-0.49847777063533805,0.5793304543705108,0.5093177088574168,110.1681731648067,communication_score_10
ceo__stock_return_2025__components_joint__M2__main,ceo,stock_return_2025,components_joint,M2,main,stock_return_2025 ~ media_score_10 + awards_score_10 + expertise_score_10 + face_score_10 + communication_score_10 + stock_return_2024,undefined_hc3_and_press_leverage_one,,21,6.0,15.0,0.46083686034235694,0.2811158137898092,2.8542885822512076,,,0.9999999999999999,100.75867651653792,communication_score_10
ceo__stock_return_2025__components_joint__M3__main,ceo,stock_return_2025,components_joint,M3,main,stock_return_2025 ~ media_score_10 + awards_score_10 + expertise_score_10 + face_score_10 + communication_score_10 + stock_return_2024 + log_assets_2024 + age + leverage_2024 + fixed_assets_ratio_2024 + state_2024,undefined_hc3_and_press_leverage_one,,20,11.0,9.0,0.5517320691540439,0.05365659043631488,1.9162086826475546,,,0.9999999999999928,973.6271491471698,communication_score_10
ceo__stock_return_2025__components_joint__M4__main,ceo,stock_return_2025,components_joint,M4,main,stock_return_2025 ~ media_score_10 + awards_score_10 + expertise_score_10 + face_score_10 + communication_score_10 + stock_return_2024 + log_assets_2024 + age + leverage_2024 + fixed_assets_ratio_2024 + state_2024 + C(industry_group),undefined_hc3_and_press_leverage_one,,20,13.0,7.0,0.8417129221748254,0.5703636459030975,0.6766289801438852,,,0.9999999999999931,1202.866568374142,communication_score_10
ceo__stock_return_2025__components_joint__M5__main,ceo,stock_return_2025,components_joint,M5,main,stock_return_2025 ~ media_score_10 + awards_score_10 + expertise_score_10 + face_score_10 + communication_score_10 + stock_return_2024 + log_employees_2024 + age + leverage_2024 + fixed_assets_ratio_2024 + state_2024,not_estimable,"Слишком мало наблюдений: N=11, rank=11",11,,,,,,,,,,
ceo__stock_return_2024__components_joint__C2024__main,ceo,stock_return_2024,components_joint,C2024,main,stock_return_2024 ~ media_score_10 + awards_score_10 + expertise_score_10 + face_score_10 + communication_score_10 + log_assets_2024 + age + leverage_2024 + fixed_assets_ratio_2024 + state_2024,ok,,21,10.0,11.0,0.5011544672901247,0.09300812234568123,0.7552996456211045,-5.2983531760585185,0.6738767215120434,0.9608922372268714,876.8609837559504,communication_score_10
ceo__stock_return_2025_w__components_joint__W2025__main,ceo,stock_return_2025_w,components_joint,W2025,main,stock_return_2025_w ~ media_score_10 + awards_score_10 + expertise_score_10 + face_score_10 + communication_score_10 + stock_return_2024 + log_assets_2024 + age + leverage_2024 + fixed_assets_ratio_2024 + state_2024,undefined_hc3_and_press_leverage_one,,20,11.0,9.0,0.5728890019366786,0.09832122631076579,1.0448119170332801,,,0.9999999999999928,973.6271491471698,communication_score_10
all_managers__roa_2025__media_score__M3__individual_components,all_managers,roa_2025,media_score,M3,individual_components,roa_2025 ~ media_score_10 + roa_2024 + log_assets_2024 + age + leverage_2024 + fixed_assets_ratio_2024 + state_2024,ok,,93,8.0,85.0,0.5553433703573919,0.5187245890927066,0.9234409801618135,0.44619836115273237,0.11120590017280649,0.49335720782382353,753.148279846821,
all_managers__roa_2025__awards_score__M3__individual_components,all_managers,roa_2025,awards_score,M3,individual_components,roa_2025 ~ awards_score_10 + roa_2024 + log_assets_2024 + age + leverage_2024 + fixed_assets_ratio_2024 + state_2024,ok,,93,8.0,85.0,0.5566916951301061,0.5201839523761148,0.9206408457059473,0.4389634646493473,0.11192994325300822,0.4970070056249882,701.2584752092314,
all_managers__roa_2025__expertise_score__M3__individual_components,all_managers,roa_2025,expertise_score,M3,individual_components,roa_2025 ~ expertise_score_10 + roa_2024 + log_assets_2024 + age + leverage_2024 + fixed_assets_ratio_2024 + state_2024,ok,,93,8.0,85.0,0.5637454748501904,0.527818631602559,0.9059919035237614,0.4519769272612467,0.11062419752740336,0.4852381051294082,702.7762966149102,
all_managers__roa_2025__face_score__M3__individual_components,all_managers,roa_2025,face_score,M3,individual_components,roa_2025 ~ face_score_10 + roa_2024 + log_assets_2024 + age + leverage_2024 + fixed_assets_ratio_2024 + state_2024,ok,,67,8.0,59.0,0.596796244742827,0.5489585110682471,0.6634962464017032,0.41208993394007043,0.12016417184868598,0.5930764683225777,782.3070593499021,
all_managers__roa_2025__communication_score__M3__individual_components,all_managers,roa_2025,communication_score,M3,individual_components,roa_2025 ~ communication_score_10 + roa_2024 + log_assets_2024 + age + leverage_2024 + fixed_assets_ratio_2024 + state_2024,ok,,73,8.0,65.0,0.5791012611440186,0.533773704651836,0.5186587955065792,0.47159268953536393,0.09444414514638833,0.6161211738274494,753.692387557823,
all_managers__stock_return_2025__media_score__M3__individual_components,all_managers,stock_return_2025,media_score,M3,individual_components,stock_return_2025 ~ media_score_10 + stock_return_2024 + log_assets_2024 + age + leverage_2024 + fixed_assets_ratio_2024 + state_2024,ok,,77,8.0,69.0,0.37549256036866085,0.3121367331596844,6.470915751651033,0.22403333758328114,0.3231396376075356,0.5183866367015928,741.3922564077379,
all_managers__stock_return_2025__awards_score__M3__individual_components,all_managers,stock_return_2025,awards_score,M3,individual_components,stock_return_2025 ~ awards_score_10 + stock_return_2024 + log_assets_2024 + age + leverage_2024 + fixed_assets_ratio_2024 + state_2024,ok,,77,8.0,69.0,0.3453057825238537,0.2788875285769983,6.783700009854369,0.1905055803700909,0.33004687997258586,0.4849352609651549,715.8728433373027,
all_managers__stock_return_2025__expertise_score__M3__individual_components,all_managers,stock_return_2025,expertise_score,M3,individual_components,stock_return_2025 ~ expertise_score_10 + stock_return_2024 + log_assets_2024 + age + leverage_2024 + fixed_assets_ratio_2024 + state_2024,ok,,77,8.0,69.0,0.3340239245272598,0.2664611342619093,6.900598461314203,0.18019096653136069,0.3321429600216181,0.485255321135009,723.8626149275319,
all_managers__stock_return_2025__face_score__M3__individual_components,all_managers,stock_return_2025,face_score,M3,individual_components,stock_return_2025 ~ face_score_10 + stock_return_2024 + log_assets_2024 + age + leverage_2024 + fixed_assets_ratio_2024 + state_2024,ok,,54,8.0,46.0,0.4194629944696254,0.331120406671525,4.651009847205103,0.20464782854117314,0.34351169779656104,0.545096091728028,819.3393663866722,
all_managers__stock_return_2025__communication_score__M3__individual_components,all_managers,stock_return_2025,communication_score,M3,individual_components,stock_return_2025 ~ communication_score_10 + stock_return_2024 + log_assets_2024 + age + leverage_2024 + fixed_assets_ratio_2024 + state_2024,ok,,57,8.0,49.0,0.38376642775509584,0.2957330602915381,5.801854218247195,0.19122898502204977,0.3654989133007256,0.5051029920160133,754.0037104139597,
ceo__roa_2025__media_score__M3__individual_components,ceo,roa_2025,media_score,M3,individual_components,roa_2025 ~ media_score_10 + roa_2024 + log_assets_2024 + age + leverage_2024 + fixed_assets_ratio_2024 + state_2024,ok,,66,8.0,58.0,0.6461816325689003,0.6034794158099744,0.5124986755353069,0.4940785496787766,0.10537213155293935,0.5499047281831964,736.7225173858307,
ceo__roa_2025__awards_score__M3__individual_components,ceo,roa_2025,awards_score,M3,individual_components,roa_2025 ~ awards_score_10 + roa_2024 + log_assets_2024 + age + leverage_2024 + fixed_assets_ratio_2024 + state_2024,ok,,77,8.0,69.0,0.6236722216946813,0.5854940412868953,0.7321621898275763,0.47636754975470263,0.11502398883071847,0.564960015265039,710.3953373537227,
ceo__roa_2025__expertise_score__M3__individual_components,ceo,roa_2025,expertise_score,M3,individual_components,roa_2025 ~ expertise_score_10 + roa_2024 + log_assets_2024 + age + leverage_2024 + fixed_assets_ratio_2024 + state_2024,ok,,90,8.0,82.0,0.5627348501306255,0.5254073373368984,0.897245620654216,0.44234759121572265,0.11275706878047002,0.5149528182721573,711.1774025067969,
ceo__roa_2025__face_score__M3__individual_components,ceo,roa_2025,face_score,M3,individual_components,roa_2025 ~ face_score_10 + roa_2024 + log_assets_2024 + age + leverage_2024 + fixed_assets_ratio_2024 + state_2024,ok,,38,8.0,30.0,0.8009410275229063,0.7544939339449178,0.20339628330543613,0.38666045315736897,0.12842196566375752,0.9011816723814732,740.5128339879966,
ceo__roa_2025__communication_score__M3__individual_components,ceo,roa_2025,communication_score,M3,individual_components,roa_2025 ~ communication_score_10 + roa_2024 + log_assets_2024 + age + leverage_2024 + fixed_assets_ratio_2024 + state_2024,ok,,73,8.0,65.0,0.5791012611440186,0.533773704651836,0.5186587955065792,0.47159268953536393,0.09444414514638833,0.6161211738274494,753.692387557823,
ceo__stock_return_2025__media_score__M3__individual_components,ceo,stock_return_2025,media_score,M3,individual_components,stock_return_2025 ~ media_score_10 + stock_return_2024 + log_assets_2024 + age + leverage_2024 + fixed_assets_ratio_2024 + state_2024,ok,,53,8.0,45.0,0.37933483374200494,0.28278691899076136,4.781611467249702,0.1018182604676825,0.361328844355454,0.5231912421618663,744.2029640418949,
ceo__stock_return_2025__awards_score__M3__individual_components,ceo,stock_return_2025,awards_score,M3,individual_components,stock_return_2025 ~ awards_score_10 + stock_return_2024 + log_assets_2024 + age + leverage_2024 + fixed_assets_ratio_2024 + state_2024,ok,,64,8.0,56.0,0.3920143291895879,0.3160161203382864,5.564493854331234,0.20149797625557386,0.3379202246458209,0.5006546382190135,713.2686922493375,
ceo__stock_return_2025__expertise_score__M3__individual_components,ceo,stock_return_2025,expertise_score,M3,individual_components,stock_return_2025 ~ expertise_score_10 + stock_return_2024 + log_assets_2024 + age + leverage_2024 + fixed_assets_ratio_2024 + state_2024,ok,,74,8.0,66.0,0.34646054402123583,0.2771457532356094,6.54685799511008,0.1856689643501983,0.33202072067874083,0.4902789917057028,717.3589258313466,
ceo__stock_return_2025__face_score__M3__individual_components,ceo,stock_return_2025,face_score,M3,individual_components,stock_return_2025 ~ face_score_10 + stock_return_2024 + log_assets_2024 + age + leverage_2024 + fixed_assets_ratio_2024 + state_2024,ok,,31,8.0,23.0,0.5287911490404915,0.3853797596180324,2.7905687366955774,-1.0866324561283918,0.6313668488983946,0.9401525480902492,765.2025973676455,
ceo__stock_return_2025__communication_score__M3__individual_components,ceo,stock_return_2025,communication_score,M3,individual_components,stock_return_2025 ~ communication_score_10 + stock_return_2024 + log_assets_2024 + age + leverage_2024 + fixed_assets_ratio_2024 + state_2024,ok,,57,8.0,49.0,0.38376642775509584,0.2957330602915381,5.801854218247195,0.19122898502204977,0.3654989133007256,0.5051029920160133,754.0037104139597,
all_managers__roa_2025__controls__common_no_industry__comparison,all_managers,roa_2025,controls,common_no_industry,comparison,roa_2025 ~ roa_2024 + log_assets_2024 + age + leverage_2024 + fixed_assets_ratio_2024 + state_2024,ok,,56,7.0,49.0,0.6081293258218223,0.5601451616367394,0.4184538256816155,0.4683031174556146,0.1006909487104985,0.6630821824707096,699.4151308358241,
all_managers__roa_2025__education__common_no_industry__comparison,all_managers,roa_2025,education,common_no_industry,comparison,roa_2025 ~ roa_2024 + log_assets_2024 + age + leverage_2024 + fixed_assets_ratio_2024 + state_2024 + expertise_score_10,ok,,56,8.0,48.0,0.6081653986709106,0.5510228526437517,0.4184153057751798,0.44774538365209005,0.10261906498441059,0.6751188714849669,720.237502572879,
all_managers__roa_2025__index_equal__common_no_industry__comparison,all_managers,roa_2025,index_equal,common_no_industry,comparison,roa_2025 ~ roa_2024 + log_assets_2024 + age + leverage_2024 + fixed_assets_ratio_2024 + state_2024 + index_equal_10,ok,,56,8.0,48.0,0.6193573740499866,0.563846991098943,0.40646410548663925,0.4772495176933723,0.09984023553996335,0.6690464314652215,762.0713908754336,
all_managers__roa_2025__index_critic__common_no_industry__comparison,all_managers,roa_2025,index_critic,common_no_industry,comparison,roa_2025 ~ roa_2024 + log_assets_2024 + age + leverage_2024 + fixed_assets_ratio_2024 + state_2024 + index_critic_10,ok,,56,8.0,48.0,0.6205243890291262,0.5651841957625405,0.4052179242466859,0.4793875126742463,0.09963585827745136,0.6682253207181812,750.4629107662258,
all_managers__roa_2025__components_joint__common_no_industry__comparison,all_managers,roa_2025,components_joint,common_no_industry,comparison,roa_2025 ~ roa_2024 + log_assets_2024 + age + leverage_2024 + fixed_assets_ratio_2024 + state_2024 + media_score_10 + awards_score_10 + expertise_score_10 + face_score_10 + communication_score_10,undefined_hc3_and_press_leverage_one,,56,12.0,44.0,0.6380283162737048,0.547535395342131,0.38652659110391496,,,1.0000000000000016,895.9088866154143,
all_managers__roa_2025__controls__common_industry__comparison,all_managers,roa_2025,controls,common_industry,comparison,roa_2025 ~ roa_2024 + log_assets_2024 + age + leverage_2024 + fixed_assets_ratio_2024 + state_2024 + C(industry_group),ok,,56,12.0,44.0,0.7109384403793133,0.6386730504741416,0.30867049629177534,0.06354392791012486,0.13362941920322666,0.8226180519453729,850.1726162986778,
all_managers__roa_2025__education__common_industry__comparison,all_managers,roa_2025,education,common_industry,comparison,roa_2025 ~ roa_2024 + log_assets_2024 + age + leverage_2024 + fixed_assets_ratio_2024 + state_2024 + expertise_score_10 + C(industry_group),ok,,56,13.0,43.0,0.715476135798642,0.6360741271843096,0.30382497930590197,0.015698286010734974,0.1370006086203624,0.82895964738696,853.5187806393278,
all_managers__roa_2025__index_equal__common_industry__comparison,all_managers,roa_2025,index_equal,common_industry,comparison,roa_2025 ~ roa_2024 + log_assets_2024 + age + leverage_2024 + fixed_assets_ratio_2024 + state_2024 + index_equal_10 + C(industry_group),ok,,56,13.0,43.0,0.7266818316433097,0.6504069939623729,0.2918591278028275,0.11118266472601745,0.13018610510504333,0.8268101835701916,885.9340181827382,
all_managers__roa_2025__index_critic__common_industry__comparison,all_managers,roa_2025,index_critic,common_industry,comparison,roa_2025 ~ roa_2024 + log_assets_2024 + age + leverage_2024 + fixed_assets_ratio_2024 + state_2024 + index_critic_10 + C(industry_group),ok,,56,13.0,43.0,0.7265211949988899,0.6502015284869522,0.29203066148174606,0.11461138894142875,0.12993475786534534,0.8257921732924807,879.4575694324774,
all_managers__roa_2025__components_joint__common_industry__comparison,all_managers,roa_2025,components_joint,common_industry,comparison,roa_2025 ~ roa_2024 + log_assets_2024 + age + leverage_2024 + fixed_assets_ratio_2024 + state_2024 + media_score_10 + awards_score_10 + expertise_score_10 + face_score_10 + communication_score_10 + C(industry_group),undefined_hc3_and_press_leverage_one,,56,17.0,39.0,0.7336572852926446,0.6243884792588579,0.2844104834980439,,,1.0000000000000013,1089.331017337007,
all_managers__stock_return_2025__controls__common_no_industry__comparison,all_managers,stock_return_2025,controls,common_no_industry,comparison,stock_return_2025 ~ stock_return_2024 + log_assets_2024 + age + leverage_2024 + fixed_assets_ratio_2024 + state_2024,ok,,43,7.0,36.0,0.4586919575107593,0.36847395042921915,4.069027661662576,0.22940143640442023,0.36703117248083306,0.5318970644990498,711.5922006303363,
all_managers__stock_return_2025__education__common_no_industry__comparison,all_managers,stock_return_2025,education,common_no_industry,comparison,stock_return_2025 ~ stock_return_2024 + log_assets_2024 + age + leverage_2024 + fixed_assets_ratio_2024 + state_2024 + expertise_score_10,ok,,43,8.0,35.0,0.45873736388972586,0.35048483666767105,4.068686340644729,0.2036683660202343,0.37310909670317327,0.5319790578628805,757.4555154517718,
all_managers__stock_return_2025__index_equal__common_no_industry__comparison,all_managers,stock_return_2025,index_equal,common_no_industry,comparison,stock_return_2025 ~ stock_return_2024 + log_assets_2024 + age + leverage_2024 + fixed_assets_ratio_2024 + state_2024 + index_equal_10,ok,,43,8.0,35.0,0.46591543572804595,0.3590985228736552,4.014728574317793,0.19903656258358504,0.3741926040413379,0.536045202406126,779.2281679275867,
all_managers__stock_return_2025__index_critic__common_no_industry__comparison,all_managers,stock_return_2025,index_critic,common_no_industry,comparison,stock_return_2025 ~ stock_return_2024 + log_assets_2024 + age + leverage_2024 + fixed_assets_ratio_2024 + state_2024 + index_critic_10,ok,,43,8.0,35.0,0.47148634620044194,0.3657836154405304,3.9728518848295233,0.21181417406143854,0.3711958941690931,0.6542753729326571,766.617869645173,
all_managers__stock_return_2025__components_joint__common_no_industry__comparison,all_managers,stock_return_2025,components_joint,common_no_industry,comparison,stock_return_2025 ~ stock_return_2024 + log_assets_2024 + age + leverage_2024 + fixed_assets_ratio_2024 + state_2024 + media_score_10 + awards_score_10 + expertise_score_10 + face_score_10 + communication_score_10,undefined_hc3_and_press_leverage_one,,43,12.0,31.0,0.5598007610921427,0.40360103115709667,3.308989963500286,,,1.000000000000002,917.2749889368998,
all_managers__stock_return_2025__controls__common_industry__comparison,all_managers,stock_return_2025,controls,common_industry,comparison,stock_return_2025 ~ stock_return_2024 + log_assets_2024 + age + leverage_2024 + fixed_assets_ratio_2024 + state_2024 + C(industry_group),undefined_hc3_and_press_leverage_one,,43,11.0,32.0,0.6326504864479663,0.5178537634629558,2.7613765449849694,,,0.9999999999999989,886.6949717851518,
all_managers__stock_return_2025__education__common_industry__comparison,all_managers,stock_return_2025,education,common_industry,comparison,stock_return_2025 ~ stock_return_2024 + log_assets_2024 + age + leverage_2024 + fixed_assets_ratio_2024 + state_2024 + expertise_score_10 + C(industry_group),undefined_hc3_and_press_leverage_one,,43,12.0,31.0,0.634498810120314,0.5048048395178447,2.747482644358806,,,0.999999999999994,891.2888714388893,
all_managers__stock_return_2025__index_equal__common_industry__comparison,all_managers,stock_return_2025,index_equal,common_industry,comparison,stock_return_2025 ~ stock_return_2024 + log_assets_2024 + age + leverage_2024 + fixed_assets_ratio_2024 + state_2024 + index_equal_10 + C(industry_group),undefined_hc3_and_press_leverage_one,,43,12.0,31.0,0.644698961991337,0.5186244001172953,2.670807818088925,,,0.9999999999999981,913.2576225768265,
all_managers__stock_return_2025__index_critic__common_industry__comparison,all_managers,stock_return_2025,index_critic,common_industry,comparison,stock_return_2025 ~ stock_return_2024 + log_assets_2024 + age + leverage_2024 + fixed_assets_ratio_2024 + state_2024 + index_critic_10 + C(industry_group),undefined_hc3_and_press_leverage_one,,43,12.0,31.0,0.6453424779079517,0.5194962603914185,2.6659704909851474,,,0.9999999999999991,910.7992377946405,
all_managers__stock_return_2025__components_joint__common_industry__comparison,all_managers,stock_return_2025,components_joint,common_industry,comparison,stock_return_2025 ~ stock_return_2024 + log_assets_2024 + age + leverage_2024 + fixed_assets_ratio_2024 + state_2024 + media_score_10 + awards_score_10 + expertise_score_10 + face_score_10 + communication_score_10 + C(industry_group),undefined_hc3_and_press_leverage_one,,43,16.0,27.0,0.6761521797357284,0.4962367240333553,2.434373102540118,,,1.0000000000000013,1067.8289251905999,
ceo__roa_2025__controls__common_no_industry__comparison,ceo,roa_2025,controls,common_no_industry,comparison,roa_2025 ~ roa_2024 + log_assets_2024 + age + leverage_2024 + fixed_assets_ratio_2024 + state_2024,ok,,27,7.0,20.0,0.9039681840277283,0.8751586392360468,0.04201916929827669,0.8059795712872775,0.056073544351456305,0.9152655928158291,707.0180759770552,
ceo__roa_2025__education__common_no_industry__comparison,ceo,roa_2025,education,common_no_industry,comparison,roa_2025 ~ roa_2024 + log_assets_2024 + age + leverage_2024 + fixed_assets_ratio_2024 + state_2024 + expertise_score_10,ok,,27,8.0,19.0,0.9040469667567672,0.8686958492461025,0.041984697547474636,0.7781266935323718,0.05996347679059089,0.9198712441124878,721.7770947023452,
ceo__roa_2025__index_equal__common_no_industry__comparison,ceo,roa_2025,index_equal,common_no_industry,comparison,roa_2025 ~ roa_2024 + log_assets_2024 + age + leverage_2024 + fixed_assets_ratio_2024 + state_2024 + index_equal_10,ok,,27,8.0,19.0,0.9137078066032558,0.8819159458781395,0.03775755198156808,0.7941964047720159,0.057751165985096095,0.9168066038447373,808.1657115885869,
ceo__roa_2025__index_critic__common_no_industry__comparison,ceo,roa_2025,index_critic,common_no_industry,comparison,roa_2025 ~ roa_2024 + log_assets_2024 + age + leverage_2024 + fixed_assets_ratio_2024 + state_2024 + index_critic_10,ok,,27,8.0,19.0,0.9096324763392944,0.8763391781485081,0.039540731759791004,0.775144345532341,0.06036513621756858,0.9208810369319697,710.6472323195951,
ceo__roa_2025__components_joint__common_no_industry__comparison,ceo,roa_2025,components_joint,common_no_industry,comparison,roa_2025 ~ roa_2024 + log_assets_2024 + age + leverage_2024 + fixed_assets_ratio_2024 + state_2024 + media_score_10 + awards_score_10 + expertise_score_10 + face_score_10 + communication_score_10,ok,,27,11.0,16.0,0.9285922220341372,0.8839623608054729,0.03124480653815511,0.7336183243266802,0.06570318936468292,0.933254035802418,838.5130630393677,communication_score_10
ceo__roa_2025__controls__common_industry__comparison,ceo,roa_2025,controls,common_industry,comparison,roa_2025 ~ roa_2024 + log_assets_2024 + age + leverage_2024 + fixed_assets_ratio_2024 + state_2024 + C(industry_group),undefined_hc3_and_press_leverage_one,,27,12.0,15.0,0.9241845114777228,0.8685864865613863,0.03317342086469509,,,1.0000000000000022,1087.858876247348,
ceo__roa_2025__education__common_industry__comparison,ceo,roa_2025,education,common_industry,comparison,roa_2025 ~ roa_2024 + log_assets_2024 + age + leverage_2024 + fixed_assets_ratio_2024 + state_2024 + expertise_score_10 + C(industry_group),undefined_hc3_and_press_leverage_one,,27,13.0,14.0,0.9256994309947594,0.8620132289902674,0.03251056075926918,,,0.9999999999999992,1133.1737460959412,
ceo__roa_2025__index_equal__common_industry__comparison,ceo,roa_2025,index_equal,common_industry,comparison,roa_2025 ~ roa_2024 + log_assets_2024 + age + leverage_2024 + fixed_assets_ratio_2024 + state_2024 + index_equal_10 + C(industry_group),undefined_hc3_and_press_leverage_one,,27,13.0,14.0,0.9419227218762714,0.8921421977702182,0.02541198411335558,,,1.0000000000000029,1401.8272704043616,
ceo__roa_2025__index_critic__common_industry__comparison,ceo,roa_2025,index_critic,common_industry,comparison,roa_2025 ~ roa_2024 + log_assets_2024 + age + leverage_2024 + fixed_assets_ratio_2024 + state_2024 + index_critic_10 + C(industry_group),undefined_hc3_and_press_leverage_one,,27,13.0,14.0,0.935671903378283,0.8805335348453827,0.02814705892226695,,,1.0,1198.8678858093442,
ceo__roa_2025__components_joint__common_industry__comparison,ceo,roa_2025,components_joint,common_industry,comparison,roa_2025 ~ roa_2024 + log_assets_2024 + age + leverage_2024 + fixed_assets_ratio_2024 + state_2024 + media_score_10 + awards_score_10 + expertise_score_10 + face_score_10 + communication_score_10 + C(industry_group),undefined_hc3_and_press_leverage_one,,27,16.0,11.0,0.961033415406453,0.9078971636879799,0.017050010961832056,,,1.0000000000000082,1296.4128531004671,communication_score_10
ceo__stock_return_2025__controls__common_no_industry__comparison,ceo,stock_return_2025,controls,common_no_industry,comparison,stock_return_2025 ~ stock_return_2024 + log_assets_2024 + age + leverage_2024 + fixed_assets_ratio_2024 + state_2024,ok,,20,7.0,13.0,0.5229178490498658,0.30272608707288085,2.0393806852557845,-2.80888380744943,0.902269820155951,0.9579823009265778,745.8160967886429,
ceo__stock_return_2025__education__common_no_industry__comparison,ceo,stock_return_2025,education,common_no_industry,comparison,stock_return_2025 ~ stock_return_2024 + log_assets_2024 + age + leverage_2024 + fixed_assets_ratio_2024 + state_2024 + expertise_score_10,ok,,20,8.0,12.0,0.5230907429443845,0.2448936763286088,2.038641616589355,-3.7824722071004118,1.0110294266570856,0.9631900257439445,778.5811390273683,
ceo__stock_return_2025__index_equal__common_no_industry__comparison,ceo,stock_return_2025,index_equal,common_no_industry,comparison,stock_return_2025 ~ stock_return_2024 + log_assets_2024 + age + leverage_2024 + fixed_assets_ratio_2024 + state_2024 + index_equal_10,ok,,20,8.0,12.0,0.5240031713585603,0.24633835465105391,2.0347412634094195,-3.5471458609677624,0.9858413076187666,0.9608955517944933,917.4651715886254,
ceo__stock_return_2025__index_critic__common_no_industry__comparison,ceo,stock_return_2025,index_critic,common_no_industry,comparison,stock_return_2025 ~ stock_return_2024 + log_assets_2024 + age + leverage_2024 + fixed_assets_ratio_2024 + state_2024 + index_critic_10,ok,,20,8.0,12.0,0.5285754310576329,0.25357776584125213,2.0151962477350924,-3.1821299303875206,0.945445130686543,0.9586655652835023,750.9533269255882,
ceo__stock_return_2025__components_joint__common_no_industry__comparison,ceo,stock_return_2025,components_joint,common_no_industry,comparison,stock_return_2025 ~ stock_return_2024 + log_assets_2024 + age + leverage_2024 + fixed_assets_ratio_2024 + state_2024 + media_score_10 + awards_score_10 + expertise_score_10 + face_score_10 + communication_score_10,undefined_hc3_and_press_leverage_one,,20,11.0,9.0,0.551732069154044,0.05365659043631532,1.9162086826475542,,,0.9999999999999933,973.6271491471688,communication_score_10
ceo__stock_return_2025__controls__common_industry__comparison,ceo,stock_return_2025,controls,common_industry,comparison,stock_return_2025 ~ stock_return_2024 + log_assets_2024 + age + leverage_2024 + fixed_assets_ratio_2024 + state_2024 + C(industry_group),ok,,20,9.0,11.0,0.8171366009524175,0.6841450380087211,0.781685257591706,0.21186332314870882,0.4104292820847966,0.9745510265683066,862.4496016439905,
ceo__stock_return_2025__education__common_industry__comparison,ceo,stock_return_2025,education,common_industry,comparison,stock_return_2025 ~ stock_return_2024 + log_assets_2024 + age + leverage_2024 + fixed_assets_ratio_2024 + state_2024 + expertise_score_10 + C(industry_group),ok,,20,10.0,10.0,0.8240888192414517,0.6657687565587582,0.7519666448326625,0.1184693320245449,0.4340665121119884,0.97510351052313,978.46121323458,
ceo__stock_return_2025__index_equal__common_industry__comparison,ceo,stock_return_2025,index_equal,common_industry,comparison,stock_return_2025 ~ stock_return_2024 + log_assets_2024 + age + leverage_2024 + fixed_assets_ratio_2024 + state_2024 + index_equal_10 + C(industry_group),ok,,20,10.0,10.0,0.8390302011541289,0.6941573821928448,0.6880967942774515,-0.03267376062873173,0.46980662836910025,0.9746429215618457,1135.4727243683326,
ceo__stock_return_2025__index_critic__common_industry__comparison,ceo,stock_return_2025,index_critic,common_industry,comparison,stock_return_2025 ~ stock_return_2024 + log_assets_2024 + age + leverage_2024 + fixed_assets_ratio_2024 + state_2024 + index_critic_10 + C(industry_group),ok,,20,10.0,10.0,0.8384579294233432,0.693070065904352,0.6905430813836824,0.1955827469279341,0.41464674179480154,0.9747453828277758,893.5552624386509,
ceo__stock_return_2025__components_joint__common_industry__comparison,ceo,stock_return_2025,components_joint,common_industry,comparison,stock_return_2025 ~ stock_return_2024 + log_assets_2024 + age + leverage_2024 + fixed_assets_ratio_2024 + state_2024 + media_score_10 + awards_score_10 + expertise_score_10 + face_score_10 + communication_score_10 + C(industry_group),undefined_hc3_and_press_leverage_one,,20,13.0,7.0,0.8417129221748254,0.5703636459030975,0.6766289801438848,,,0.9999999999999938,1202.8665683741401,communication_score_10
all_managers__roa_2025__index_catboost__M3__catboost_exploratory,all_managers,roa_2025,index_catboost,M3,catboost_exploratory,roa_2025 ~ index_catboost_10 + roa_2024 + log_assets_2024 + age + leverage_2024 + fixed_assets_ratio_2024 + state_2024,ok,,56,8.0,48.0,0.6160873244984593,0.5601000593211511,0.40995598389237803,0.45994727306086347,0.10147906509204499,0.6778317195627621,707.76850678605,
all_managers__stock_return_2025__index_catboost__M3__catboost_exploratory,all_managers,stock_return_2025,index_catboost,M3,catboost_exploratory,stock_return_2025 ~ index_catboost_10 + stock_return_2024 + log_assets_2024 + age + leverage_2024 + fixed_assets_ratio_2024 + state_2024,ok,,43,8.0,35.0,0.4597205691235191,0.35166468294822295,4.061295559464019,0.2066482608880964,0.37241035015944046,0.5325750039591136,727.9756656274752,
ceo__roa_2025__index_catboost__M3__catboost_exploratory,ceo,roa_2025,index_catboost,M3,catboost_exploratory,roa_2025 ~ index_catboost_10 + roa_2024 + log_assets_2024 + age + leverage_2024 + fixed_assets_ratio_2024 + state_2024,ok,,27,8.0,19.0,0.9115530405854982,0.8789673186959449,0.038700379909808784,0.7533903745005519,0.0632177871901385,0.9264226218673485,715.9600892658922,
ceo__stock_return_2025__index_catboost__M3__catboost_exploratory,ceo,stock_return_2025,index_catboost,M3,catboost_exploratory,stock_return_2025 ~ index_catboost_10 + stock_return_2024 + log_assets_2024 + age + leverage_2024 + fixed_assets_ratio_2024 + state_2024,ok,,20,8.0,12.0,0.5322742004348323,0.2594341506884845,1.999385136772225,-2.947502819498105,0.9185415223329443,0.9579827754970682,746.8630805245697,
