ticker,media_score,awards_score,expertise_score,face_score,communication_score,index_equal,index_critic,company_finance,age,industry_raw,ticker_raw,employees_2024,employees_2025,fixed_assets_2024,fixed_assets_2025,assets_2024,assets_2025,debt_2024,debt_2025,roa_2024,roa_2025,Цена акций на начало 2024,Цена акций на конец 2024,Дивиденды 2024,stock_return_2024,Цена акций на начало 2025,Цена акций на конец 2025,Дивиденды 2025,stock_return_2025,state_2024,state_2025,leverage_2024,leverage_2025,fixed_assets_ratio_2024,fixed_assets_ratio_2025,log_assets_2024,log_employees_2024,industry_group,media_score_10,awards_score_10,expertise_score_10,face_score_10,communication_score_10,index_equal_10,index_critic_10,roa_2025_w,stock_return_2025_w
ABIO,54.94909783455016,0.0,45.30762009057678,55.393008814627315,100.0,51.12994534795086,54.201274932208285,"ПАО ""Артген""",22,Научные исследования и разработки в области естественных и технических наук прочие,ABIO,,300.0,221667000.0,,2670000000.0,2990000000.0,568000000.0,831000000.0,0.08,0.032,103.26,83.28,0.0,-0.19,85.7,68.48,1.2,-0.19,0,0,0.212734082,0.277926421,0.08302135,,21.70534430935857,,Прочие,5.494909783455016,0.0,4.530762009057678,5.539300881462731,10.0,5.112994534795086,5.4201274932208285,0.032,-0.19
AFLT,65.97808369476103,6.191581728445877,35.51496412035623,47.81607026791687,100.0,51.10013996229601,53.92795745295602,"ПАО ""АЭРОФЛОТ""",32,"Перевозка воздушным пассажирским транспортом, подчиняющимся расписанию",AFLT,33300.0,,440922000000.0,457205000000.0,957079000000.0,933998000000.0,1032420000000.0,907253000000.0,0.0232,0.1301,35.75,59.06,5.27,0.8,58.13,57.95,5.29,0.09,1,1,1.078718437,0.97136467,0.46069578,0.489513792,27.587151774626605,10.413312675968536,Прочие,6.597808369476103,0.6191581728445877,3.551496412035623,4.781607026791687,10.0,5.110013996229601,5.392795745295603,0.1301,0.09
ALRS,58.4314252804809,3.0356033159593734,43.67156592234197,55.1547768197467,100.0,52.05867426770578,54.96213129279537,"АК ""АЛРОСА"" (ПАО)",34,Добыча алмазов,ALRS,,,292982000000.0,279940000000.0,712292000000.0,726642000000.0,324992000000.0,312552000000.0,0.0121,0.0417,71.2,57.86,2.49,-0.15,56.05,41.38,0.0,-0.26,1,1,0.456262585,0.430132305,0.41132286,0.38525124,27.29175377664485,,Прочие,5.84314252804809,0.3035603315959373,4.367156592234197,5.51547768197467,10.0,5.2058674267705785,5.496213129279537,0.0417,-0.26
APTK,66.55529198915153,72.16976134290604,62.47365751092821,39.28924824893405,100.0,68.09759181838398,73.10488544970237,"ПАО ""АПТЕЧНАЯ СЕТЬ 36,6""",24,Консультирование по вопросам коммерческой деятельности и управления,APTK,84.0,94.0,8000.0,,78152297000.0,79393923000.0,32464755000.0,33662857000.0,0.0015,0.0006,14.516,11.5,0.0,-0.21,11.3,8.468,0.0,-0.25,0,0,0.415403721,0.423997905,1.0236e-07,,25.081925285576453,4.430816798843313,Прочие,6.655529198915152,7.216976134290604,6.247365751092821,3.928924824893405,10.0,6.809759181838397,7.310488544970236,0.0006,-0.25
AQUA,60.20812787226331,0.0,48.52645495464854,49.84186381102373,100.0,51.71528932758711,54.75354581715494,"ПАО ""Русская Аквакультура""",28,Рыбоводство морское,AQUA,1172.0,1000.0,17413759000.0,20058191000.0,58800000000.0,60300000000.0,14100000000.0,17100000000.0,0.175,0.035,868.5,607.0,40.0,-0.26,600.5,492.4,10.0,-0.16,0,0,0.239795918,0.28358209,0.29615236,0.332639983,24.797407691850992,7.066466970136958,Прочие,6.0208127872263315,0.0,4.852645495464854,4.984186381102373,10.0,5.171528932758711,5.475354581715494,0.035,-0.16
ASTR,59.95850186118509,21.305039776182326,47.2181312696725,42.82530996320193,100.0,54.26139657404837,58.227850846391895,"ПАО ""Группа Астра""",17,Разработка компьютерного программного обеспечения,ASTR,2803.0,2738.0,1015970000.0,2162154000.0,19200000000.0,24500000000.0,2940000000.0,3350000000.0,0.337,0.258,513.1,469.5,3.15,-0.08,468.6,252.95,5.79,-0.45,0,0,0.153125,0.136734694,0.0529151,0.088251184,23.678176115980147,7.938445551164788,Разработка компьютерного программного обеспечения,5.995850186118509,2.1305039776182326,4.72181312696725,4.282530996320193,10.0,5.426139657404837,5.8227850846391895,0.258,-0.45
ENPG,56.49315688583775,16.166808156969118,45.517257279203406,52.23831961004878,100.0,54.083108386411816,57.6172127080792,"МКПАО ""ЭН+ ГРУП""",23,Деятельность холдинговых компаний,ENPG,93486.0,95331.0,1044760000000.0,1069280000000.0,2503000000000.0,2568000000000.0,980800000000.0,1034000000000.0,0.036,0.014,448.8,348.2,0.0,-0.22,351.1,451.45,0.0,0.29,0,0,0.39184978,0.402647975,0.41740268,0.41638659,28.548511128378184,11.445566971445409,Деятельность холдинговых компаний,5.6493156885837745,1.616680815696912,4.55172572792034,5.223831961004878,10.0,5.408310838641182,5.76172127080792,0.014,0.29
ETLN,57.77830650146414,8.407415077306903,54.749212802166426,46.79241309427809,100.0,53.54546949504311,57.166544421454816,ETALON GROUP PLC,38,Деятельность холдинговых компаний,ETLN,6330.0,7123.0,7259000000.0,8803000000.0,336400000000.0,380200000000.0,176600000000.0,222500000000.0,-0.006,-0.059,84.7,54.82,0.0,-0.35,54.24,38.8,0.0,-0.28,0,0,0.524970273,0.585218306,0.02157848,0.023153603,26.541566765045204,8.753055515138222,Деятельность холдинговых компаний,5.777830650146414,0.8407415077306902,5.474921280216643,4.679241309427809,10.0,5.354546949504311,5.716654442145481,-0.059,-0.28
EUTR,59.08096097140045,0.0,48.319565166171465,50.379272619028235,100.0,51.55595975132003,54.64160999827376,"ПАО ""ЕвроТранс""",28,Торговля розничная моторным топливом в специализированных магазинах,EUTR,1433.0,1756.0,25768551000.0,39618427000.0,103900000000.0,141100000000.0,48800000000.0,66800000000.0,0.053,0.034,260.0,119.0,27.49,-0.44,117.9,147.2,20.35,0.42,0,0,0.469682387,0.473423104,0.248013,0.280782615,25.366694735051592,7.267525427828172,Прочие,5.908096097140045,0.0,4.831956516617146,5.037927261902824,10.0,5.1555959751320035,5.464160999827376,0.034,0.42
FEES,57.98637125179917,8.945222220121401,46.52149504295912,42.85381768950749,100.0,51.261381240877434,55.06499393913846,"ПАО ""РОССЕТИ""",24,Передача электроэнергии,FEES,,,1057380000000.0,1194380000000.0,1937340000000.0,2203310000000.0,733738000000.0,899458000000.0,-0.1455,0.0484,0.1117,0.07732,0.0,-0.31,0.0763,0.07082,0.0,-0.07,1,1,0.378735038,0.408229805,0.54578772,0.542082652,28.292337014118782,,Передача электроэнергии,5.798637125179917,0.8945222220121402,4.652149504295911,4.2853817689507485,10.0,5.126138124087744,5.506499393913846,0.0484,-0.07
FESH,57.59759508820191,0.0,53.7822746518333,51.2537676544228,100.0,52.5267274788916,55.69544548723342,"ПАО ""ДВМП""",30,Перевозка сухих сыпучих грузов морскими судами заграничного плавания,FESH,313.0,344.0,7523931000.0,8175688000.0,65798660000.0,65503582000.0,42953510000.0,46872673000.0,-0.0055,-0.0643,81.27,62.4,0.0,-0.23,59.14,52.97,0.0,-0.1,1,1,0.6528022,0.715574196,0.11434778,0.124812838,24.909865310328676,5.746203190540153,Прочие,5.759759508820191,0.0,5.37822746518333,5.12537676544228,10.0,5.25267274788916,5.569544548723342,-0.0643,-0.1
GAZP,64.26890370593162,2.0697295336086636,51.4596788409585,51.467568415980566,100.0,53.85317609929587,56.57587871638667,"ПАО ""ГАЗПРОМ""",33,Торговля оптовая природным (естественным) газом,GAZP,29509.0,,14557200000000.0,14718900000000.0,26162800000000.0,25736300000000.0,9832470000000.0,9304110000000.0,-0.041,0.0004,161.44,133.12,0.0,-0.18,128.66,125.36,0.0,-0.03,1,1,0.375818143,0.361516421,0.55640786,0.571911641,30.895359670429,10.292450580544786,Прочие,6.426890370593162,0.20697295336086635,5.1459678840958505,5.146756841598057,10.0,5.385317609929587,5.6575878716386665,0.0004,-0.03
HNFG,54.78942861595442,0.0,37.49232493704498,59.2383619114317,100.0,50.30402309288622,53.12273483635608,"ПАО ""ЭЙЧ ЭФ ДЖИ""",32,Торговля розничная одеждой в специализированных магазинах,HNFG,2267.0,2527.0,4022733000.0,6061991000.0,22600000000.0,26500000000.0,2060000000.0,2710000000.0,0.142,0.086,568.9,611.6,39.62,0.14,603.0,517.2,32.0,-0.09,0,0,0.091150442,0.102264151,0.17799704,0.228754377,23.84121574322465,7.726212650507529,Прочие,5.478942861595442,0.0,3.749232493704498,5.92383619114317,10.0,5.030402309288622,5.312273483635608,0.086,-0.09
HYDR,54.48805954511331,0.0,27.085203421778857,34.98939231719343,100.0,43.31253105681712,47.50048605512558,"ПАО ""РУСГИДРО""",21,"Производство электроэнергии гидроэлектростанциями, в том числе деятельность по обеспечению работоспособности электростанций",HYDR,,,714172000000.0,974624000000.0,1317970000000.0,1552960000000.0,562166000000.0,729720000000.0,-0.0108,0.0466,0.7328,0.5206,0.0,-0.29,0.514,0.4143,0.0,-0.19,1,1,0.426538346,0.469890391,0.54187121,0.627592208,27.90711378998957,,Прочие,5.4488059545113305,0.0,2.7085203421778856,3.498939231719343,10.0,4.3312531056817125,4.750048605512558,0.0466,-0.19
IRAO,61.53545078828197,10.616228546408344,50.03287293524312,44.080509740510536,100.0,53.25301240208879,56.79377683662559,"ПАО ""ИНТЕР РАО""",23,Торговля электроэнергией,IRAO,,,2055453000.0,2586627000.0,806734000000.0,754533000000.0,336535000000.0,284644000000.0,0.0487,0.0452,4.0095,3.729,0.3538,0.02,3.7455,3.095,0.3214,-0.09,1,1,0.417157638,0.377245385,0.00254787,0.003428116,27.416259835019897,,Прочие,6.153545078828197,1.0616228546408344,5.003287293524312,4.408050974051053,10.0,5.325301240208879,5.679377683662559,0.0452,-0.09
KAZT,56.34515821469196,8.756548026805886,49.41739030672249,48.83412165933572,100.0,52.67064364151122,56.25491380966541,"ПАО ""КУЙБЫШЕВАЗОТ""",33,Производство азотных минеральных или химических удобрений,KAZT,,,40571672000.0,41649623000.0,115408000000.0,117643000000.0,22938886000.0,18117169000.0,0.0477,0.0709,639.6,459.0,9.5,-0.27,479.0,417.4,4.0,-0.12,0,0,0.198764212,0.154001212,0.35155135,0.354033922,25.471739512707728,,Прочие,5.634515821469196,0.8756548026805886,4.941739030672249,4.8834121659335725,10.0,5.267064364151122,5.625491380966541,0.0709,-0.12
LSNGP,61.53855688512,3.502619210722354,42.588216774779795,42.36228018239411,100.0,49.99833461060325,53.428078679050195,"ПАО ""Ленэнерго""",139,Передача электроэнергии и технологическое присоединение к распределительным электросетям,LSNGP,8135.0,,232546000000.0,265610000000.0,299200000000.0,345700000000.0,28200000000.0,28800000000.0,0.071,0.101,189.15,214.15,0.428,0.13,211.7,302.15,0.538,0.43,1,1,0.094251337,0.083309228,0.77722677,0.768326138,26.424378083046733,9.003931019653137,Прочие,6.153855688512,0.3502619210722354,4.25882167747798,4.2362280182394105,10.0,4.999833461060325,5.3428078679050195,0.101,0.43
MGTSP,45.78103905974574,14.712976385287082,47.23631700683596,54.982537899694826,100.0,52.54257407031273,56.64843434062941,ПАО МГТС,143,Деятельность в области связи на базе проводных технологий,MGTSP,4357.0,3853.0,45756000000.0,52969000000.0,191700000000.0,227500000000.0,0.0,1350000000.0,0.128,0.126,1328.0,838.0,0.0,-0.37,838.0,800.0,0.0,-0.05,0,0,0.0,0.005934066,0.23868545,0.232830769,25.97919748699801,8.379539026117442,Прочие,4.578103905974574,1.4712976385287082,4.723631700683596,5.498253789969483,10.0,5.2542574070312735,5.6648434340629406,0.126,-0.05
MRKC,41.123862438027494,0.0,42.42305366743543,51.53592518382148,100.0,47.01656825785688,51.27194346368166,"ПАО ""РОССЕТИ ЦЕНТР""",21,Передача электроэнергии,MRKC,26387.0,,123932000000.0,132354000000.0,158218000000.0,170863000000.0,93238966000.0,98547011000.0,0.0508,0.0617,0.5698,0.477,0.0676,-0.04,0.4718,0.88,0.0385,0.95,1,1,0.589305159,0.576760946,0.78329645,0.774622335,25.787239665832793,10.18062674361135,Передача электроэнергии,4.112386243802749,0.0,4.242305366743543,5.1535925183821485,10.0,4.7016568257856886,5.1271943463681655,0.0617,0.95
MRKP,41.09415563666688,0.0,40.92979085213758,54.7908547241697,100.0,47.36296024259484,51.42418843174673,"ПАО ""РОССЕТИ ЦЕНТР И ПРИВОЛЖЬЕ""",19,Передача электроэнергии,MRKP,20010.0,,138050000000.0,156708000000.0,195040000000.0,218541000000.0,87284814000.0,93648259000.0,0.0724,0.11,0.3157,0.3457,0.0502,0.25,0.3428,0.554,0.0725,0.83,1,1,0.447522613,0.42851567,0.70780225,0.717063345,25.996470502679372,9.903987427577778,Передача электроэнергии,4.109415563666689,0.0,4.0929790852137575,5.47908547241697,10.0,4.736296024259484,5.1424188431746725,0.11,0.83
MRKU,41.034073486229154,7.447686681539542,39.02618821325072,38.19302899406835,100.0,45.14019547501755,50.33477252433747,"ПАО ""РОССЕТИ УРАЛ""",21,Передача электроэнергии,MRKU,,,93582469000.0,104149000000.0,123934000000.0,141540000000.0,61596369000.0,66671343000.0,0.1229,0.1188,0.373,0.3436,0.0758,0.12,0.3368,0.4846,0.0612,0.62,1,1,0.497007532,0.471041001,0.75509633,0.735823718,25.543015002787325,,Передача электроэнергии,4.103407348622915,0.7447686681539543,3.902618821325072,3.8193028994068348,10.0,4.514019547501755,5.033477252433746,0.1188,0.62
MRKV,43.425328270793635,7.028388887238244,38.361867347790536,51.961179696307056,100.0,48.1553528404259,52.37085943152281,"ПАО ""РОССЕТИ ВОЛГА""",19,Передача электроэнергии,MRKV,,,69190660000.0,79976510000.0,86384071000.0,105433000000.0,37003477000.0,46549788000.0,0.0394,0.1136,0.056,0.0644,0.0074,0.28,0.06405,0.15405,0.0212,1.74,1,1,0.428359958,0.441508695,0.80096549,0.758549632,25.18206913233347,,Передача электроэнергии,4.3425328270793635,0.7028388887238244,3.8361867347790537,5.196117969630706,10.0,4.81553528404259,5.237085943152281,0.1136,1.0774000000000006
MRKZ,44.736522526409686,4.726901221977507,45.30529268579022,49.43524250075179,100.0,48.84079178698585,53.09139372404616,"ПАО ""РОССЕТИ СЕВЕРО-ЗАПАД""",21,Передача электроэнергии,MRKZ,,,46473875000.0,52916214000.0,73919429000.0,86698123000.0,51446854000.0,60531709000.0,0.0334,0.046,0.0912,0.05505,0.0,-0.4,0.0542,0.09765,0.0,0.8,1,1,0.695985544,0.698189383,0.62870988,0.610350169,25.026241539682907,,Передача электроэнергии,4.473652252640969,0.47269012219775075,4.530529268579022,4.943524250075179,10.0,4.884079178698585,5.3091393724046165,0.046,0.8
MSRS,50.70884770819585,1.626216062121093,42.41047461076073,46.51904534746996,100.0,48.25291674570953,52.16079539013525,"ПАО ""РОССЕТИ МОСКОВСКИЙ РЕГИОН"", ПАО ""РОССЕТИ МР""",21,Передача электроэнергии,MSRS,15245.0,,434039000000.0,509917000000.0,525985000000.0,605177000000.0,297747000000.0,344199000000.0,0.0399,0.0708,1.2995,1.1635,0.151,0.01,1.155,1.46,0.187,0.43,1,1,0.566075048,0.568758002,0.82519289,0.842591336,26.988538532167233,9.632006859422356,Передача электроэнергии,5.0708847708195846,0.1626216062121093,4.241047461076073,4.651904534746996,10.0,4.825291674570953,5.216079539013525,0.0708,0.43
MTSS,68.90133047381534,25.564679438381916,43.836958929438765,50.75010102132141,100.0,57.81061397259148,60.77146998291517,"ПАО ""МТС""",26,Деятельность по предоставлению услуг подвижной связи для целей передачи данных,MTSS,,,428984000000.0,412195000000.0,1329580000000.0,1521630000000.0,1239310000000.0,1395390000000.0,0.0307,0.0183,250.2,210.65,35.0,-0.02,205.3,213.9,35.0,0.21,0,0,0.932101839,0.917035644,0.32264501,0.270889719,27.91588421881653,,Прочие,6.890133047381534,2.5564679438381916,4.3836958929438765,5.075010102132142,10.0,5.7810613972591485,6.077146998291517,0.0183,0.21
NKNC,52.03606496891562,11.889673752089385,36.826273529334784,57.50229313151695,100.0,51.65086107637136,55.04636047275557,"ПАО ""НИЖНЕКАМСКНЕФТЕХИМ""",33,Производство пластмасс и синтетических смол в первичных формах,NKNC,,,364068000000.0,447733000000.0,525680000000.0,615400000000.0,262833000000.0,338907000000.0,0.0668,0.0333,104.05,90.0,2.93,-0.11,90.05,78.05,0.83,-0.12,0,0,0.499985909,0.550709599,0.69256605,0.727546936,26.987958499536024,,Прочие,5.203606496891561,1.1889673752089385,3.6826273529334785,5.750229313151695,10.0,5.165086107637136,5.504636047275557,0.0333,-0.12
NLMK,62.25763222538684,16.050519693040453,42.01566680414644,44.375950893570725,100.0,52.9399539232289,56.50064269712709,"ПАО ""НЛМК""",33,"Производство стали в слитках, выплавляемой прочими способами",NLMK,,,321588000000.0,364587000000.0,894223000000.0,914624000000.0,310472000000.0,244027000000.0,0.0559,0.0958,180.94,147.78,25.43,-0.04,144.54,106.72,0.0,-0.26,0,0,0.347197432,0.266806107,0.35962803,0.398619014,27.519221021730647,,Прочие,6.225763222538684,1.6050519693040453,4.201566680414644,4.437595089357073,10.0,5.2939953923228895,5.6500642697127095,0.0958,-0.26
PHOR,54.24100391268339,7.910725005458144,22.007466896041414,48.380730277560765,100.0,46.50798521834874,50.101573907296284,"ПАО ""ФОСАГРО""",24,Деятельность холдинговых компаний,PHOR,,,11967000.0,8875000.0,291884000000.0,335268000000.0,243044000000.0,252642000000.0,0.2809,0.2314,6663.0,6386.0,345.0,0.01,6305.0,6369.0,273.0,0.05,0,0,0.832676012,0.753551403,4.0999e-05,2.64713e-05,26.399622300011952,,Деятельность холдинговых компаний,5.424100391268339,0.7910725005458145,2.2007466896041414,4.838073027756076,10.0,4.650798521834874,5.010157390729629,0.2314,0.05
PIKK,58.75552149674226,5.441262027389575,22.130402494202063,51.19781330355147,100.0,47.50499986437707,50.55819669200587,"ПАО ""ПИК СЗ""",31,"Капиталовложения в уставные капиталы, венчурное инвестирование, в том числе посредством инвестиционных компаний",PIKK,1881.0,,1436451000.0,744985000.0,280688000000.0,292628000000.0,97517312000.0,85857786000.0,0.0106,0.0835,678.9,507.8,0.0,-0.25,505.9,477.8,0.0,-0.06,0,0,0.347421996,0.293402773,0.0051176,0.002545846,26.36050956913324,7.53955882930103,Прочие,5.875552149674226,0.5441262027389575,2.213040249420206,5.119781330355147,10.0,4.750499986437707,5.055819669200587,0.0835,-0.06
POSI,46.5561935738224,4.009431185717002,25.025840982539428,49.43402408278279,0.0,25.00509796497233,19.086421466988153,"ПАО ""Группа Позитив""",23,Деятельность консультативная и работы в области компьютерных технологий,POSI,3160.0,2605.0,3279563000.0,3151183000.0,52700000000.0,61000000000.0,26400000000.0,24000000000.0,0.069,0.119,2037.0,2046.8,4.56,0.01,2011.4,991.4,28.08,-0.49,0,0,0.500948767,0.393442623,0.0622308,0.051658738,24.687881292493728,8.058327306580958,Прочие,4.65561935738224,0.4009431185717002,2.502584098253943,4.9434024082782795,0.0,2.5005097964972327,1.9086421466988153,0.119,-0.49
RENI,62.79123078401961,52.8633946819448,33.59472259495489,45.32544960812873,100.0,58.91495953380961,63.22227305890611,ПАО Группа Ренессанс Страхование,28,"Страхование, кроме страхования жизни",RENI,3272.0,3095.0,1654892000.0,1535302000.0,266500000000.0,323200000000.0,256000000.0,44000000.0,0.041,0.034,94.0,110.5,10.0,0.28,108.38,95.72,10.0,-0.02,0,0,0.0009606,0.000136139,0.00620973,0.004750316,26.308640080552312,8.093156697722637,Прочие,6.279123078401961,5.2863394681944795,3.359472259495489,4.5325449608128725,10.0,5.891495953380961,6.322227305890611,0.034,-0.02
RNFT,55.05749692652793,0.0,37.7903176928299,48.079399910765346,100.0,48.18544290602464,51.632481525295304,"ПАО ""НК ""РуссНефть""",23,Добыча сырой нефти и нефтяного (попутного) газа,RNFT,6033.0,6082.0,156140000000.0,177903000000.0,352100000000.0,356600000000.0,88300000000.0,90400000000.0,0.154,0.067,137.7,119.85,0.0,-0.13,116.55,97.1,0.0,-0.17,0,0,0.250781028,0.253505328,0.44345356,0.498886708,26.58718106310742,8.704999678440762,Прочие,5.505749692652794,0.0,3.77903176928299,4.807939991076535,10.0,4.818544290602464,5.163248152529531,0.067,-0.17
ROSN,59.282513444148975,1.626216062121093,31.498499023184024,54.96896683677644,100.0,49.47523907324611,52.231043765602195,"ПАО ""НК ""РОСНЕФТЬ""",30,Производство прочих нефтепродуктов,ROSN,,,2391080000000.0,,14207000000000.0,15097500000000.0,11552400000000.0,,0.039,0.0101,604.0,606.05,51.15,0.09,596.1,409.0,13.83,-0.29,1,1,0.813150017,,0.16830368,,30.284755916818487,,Прочие,5.928251344414898,0.1626216062121093,3.1498499023184023,5.496896683677644,10.0,4.9475239073246104,5.22310437656022,0.0101,-0.29
RUAL,39.97203616003785,6.781199015185811,39.65544042080138,49.337453532097115,100.0,47.149225825624434,51.76128560304186,"МКПАО ""Объединенная компания ""РУСАЛ""",25,Деятельность холдинговых компаний,RUAL,58174.0,59228.0,610587000000.0,550012000000.0,2023000000000.0,1960000000000.0,49000000000.0,57300000000.0,0.032,-0.034,34.71,36.925,0.0,0.06,35.515,33.965,0.0,-0.04,0,0,0.024221453,0.029234694,0.30182234,0.28061833,28.335602674114156,10.971193798508354,Деятельность холдинговых компаний,3.997203616003785,0.678119901518581,3.9655440420801384,4.933745353209711,10.0,4.714922582562443,5.176128560304186,-0.034,-0.04
SELG,57.176731870310626,0.0,25.931504222464746,33.44207712765651,100.0,43.31006264408638,47.391600638397456,"ПАО ""СЕЛИГДАР""",19,Деятельность головных офисов,SELG,241.0,277.0,5137716000.0,4947451000.0,117541000000.0,183895000000.0,86772294000.0,151024000000.0,0.0006,0.0147,64.91,41.65,4.0,-0.3,41.67,42.62,0.0,0.02,0,0,0.738231929,0.821249888,0.0437101,0.026903662,25.49005304583677,5.484796933490655,Деятельность головных офисов,5.717673187031062,0.0,2.5931504222464747,3.344207712765651,10.0,4.331006264408638,4.739160063839746,0.0147,0.02
SGZH,62.48399055886942,36.07496648978785,29.28249468713676,43.89589798623837,100.0,54.34746994440648,58.33327995296327,"ПАО ГК ""Сегежа""",11,Деятельность головных офисов,SGZH,18900.0,18020.0,46649000000.0,28610000000.0,206600000000.0,141700000000.0,152400000000.0,70100000000.0,-0.108,-0.623,3.782,1.287,0.0,-0.66,1.274,1.189,0.0,-0.07,0,0,0.737657309,0.494707128,0.2257938,0.201905434,26.05405039363195,9.846917201047734,Деятельность головных офисов,6.248399055886942,3.6074966489787847,2.928249468713676,4.389589798623836,10.0,5.434746994440648,5.833327995296327,-0.623,-0.07
SMLT,70.96491361076582,4.405282890162067,33.31818751356377,44.81853058323326,100.0,50.70138291954499,53.29601995176252,"ПАО ""ГК ""Самолет""",13,Строительство жилых и нежилых зданий,SMLT,7631.0,6139.0,7937000000.0,12157000000.0,961100000000.0,1020000000000.0,641100000000.0,749100000000.0,0.006,-0.002,3912.0,1040.0,0.0,-0.73,1009.5,985.0,0.0,-0.02,0,0,0.667048174,0.734411765,0.00825825,0.011918627,27.59134429877565,8.939974177289633,Прочие,7.096491361076582,0.4405282890162067,3.3318187513563773,4.481853058323326,10.0,5.070138291954499,5.329601995176252,-0.002,-0.02
SOFL,59.871616916058414,4.009431185717002,31.798058747870535,52.970323012793074,100.0,49.72988597248781,52.618546373172336,"ПАО ""Софтлайн""",32,Деятельность консультативная и работы в области компьютерных технологий,SOFL,11263.0,10665.0,7282000000.0,6660000000.0,100900000000.0,117700000000.0,21400000000.0,27900000000.0,0.037,0.016,148.12,118.94,2.5,-0.18,118.82,79.0,0.18,-0.33,0,0,0.212091179,0.237043331,0.07217047,0.056584537,25.337395764305974,9.329278296047697,Прочие,5.987161691605841,0.4009431185717002,3.1798058747870535,5.297032301279307,10.0,4.972988597248781,5.261854637317233,0.016,-0.33
TATN,54.84614738327621,0.0,30.72755109579753,54.78704876329161,100.0,48.07214944847307,51.108587748000645,"ПАО ""ТАТНЕФТЬ"" ИМ. В.Д. ШАШИНА",24,Производство жидкого топлива,TATN,,,434810000000.0,480742000000.0,1493120000000.0,1407310000000.0,500987000000.0,423627000000.0,0.1705,0.1006,720.9,688.9,98.7,0.09,668.7,580.7,34.09,-0.08,1,1,0.335530817,0.30101795,0.29120951,0.341602385,28.031889006339423,,Прочие,5.484614738327621,0.0,3.072755109579753,5.478704876329161,10.0,4.807214944847307,5.1108587748000645,0.1006,-0.08
TRNFP,60.41516902429244,5.219297764026946,20.243596592457468,48.10636029929555,100.0,46.79688473601448,49.8964543833726,"ПАО ""Транснефть""",32,Транспортирование по трубопроводам нефти и нефтепродуктов,TRNFP,122700.0,,2663280000000.0,2702740000000.0,3691000000000.0,3702000000000.0,275900000000.0,207000000000.0,0.078,0.061,146000.0,1230.5,198.25,-0.99,1196.5,1378.0,204.17,0.32,1,1,0.07474939,0.055915721,0.72155974,0.730075905,28.93691853997641,11.717497630699002,Прочие,6.041516902429244,0.5219297764026946,2.024359659245747,4.810636029929555,10.0,4.679688473601448,4.98964543833726,0.061,0.32
TTLK,56.48078190982873,0.0,21.521653521822696,50.42160506777585,100.0,45.68480809988545,48.80966469358859,"ПАО ""ТАТТЕЛЕКОМ""",23,Деятельность по предоставлению услуг телефонной связи,TTLK,3441.0,3427.0,4068740000.0,4287581000.0,18793594000.0,20266583000.0,4154318000.0,4846883000.0,0.0868,0.0815,1.0085,0.725,0.0378,-0.24,0.755,0.6005,0.0573,-0.13,1,1,0.221049683,0.239156398,0.21649611,0.211559146,23.656781904034805,8.14351740579748,Прочие,5.648078190982873,0.0,2.1521653521822697,5.042160506777585,10.0,4.568480809988545,4.880966469358858,0.0815,-0.13
UGLD,58.39589481424799,0.0,29.81296067790671,43.90144459534519,100.0,46.42206001749998,49.83287927563186,"ПАО ""ЮГК""",28,Добыча золотосодержащей руды,UGLD,,3616.0,96710000000.0,107713000000.0,154600000000.0,177200000000.0,71600000000.0,80400000000.0,0.057,0.086,0.6532,0.7478,0.0,0.14,0.7451,0.5429,0.0,-0.27,0,1,0.46313066,0.453724605,0.62554981,0.607861174,25.764106973099732,,Прочие,5.839589481424799,0.0,2.981296067790671,4.390144459534519,10.0,4.642206001749998,4.983287927563186,0.086,-0.27
YDEX,62.8881608236241,3.410195135269314,19.566285627015,51.40701186973172,100.0,47.45433069112803,50.141288788873894,"МКПАО ""ЯНДЕКС""",28,Деятельность холдинговых компаний,"YDEX, YNDX",28992.0,31537.0,153418000000.0,159774000000.0,1098000000000.0,1368000000000.0,368100000000.0,537200000000.0,0.092,0.103,2581.0,3994.0,160.0,0.61,3872.5,4567.0,190.0,0.23,0,0,0.335245902,0.392690058,0.13972495,0.11679386,27.724511459015886,10.274775208842707,Деятельность холдинговых компаний,6.28881608236241,0.3410195135269314,1.9566285627014999,5.140701186973172,10.0,4.745433069112803,5.014128878887389,0.103,0.23
