model_id,sample,outcome,block,specification,family,formula,term,coef,se_hc3,t,p_value,ci_low,ci_high,n,is_focal,term_status,effect_pp_per_10_points,se_pp_hc3,ci_low_pp,ci_high_pp,q_value_bh
all_managers__roa_2025__media_score__M3__individual_components,all_managers,roa_2025,media_score,M3,individual_components,roa_2025 ~ media_score_10 + roa_2024 + log_assets_2024 + age + leverage_2024 + fixed_assets_ratio_2024 + state_2024,media_score_10,0.0035900016762448255,0.015218561350581599,0.2358962580985113,0.8140806413627922,-0.026668575455089768,0.03384857880757942,93,True,ok,0.35900016762448256,1.5218561350581599,-2.666857545508977,3.384857880757942,0.8140806413627922
all_managers__roa_2025__awards_score__M3__individual_components,all_managers,roa_2025,awards_score,M3,individual_components,roa_2025 ~ awards_score_10 + roa_2024 + log_assets_2024 + age + leverage_2024 + fixed_assets_ratio_2024 + state_2024,awards_score_10,-0.005088166501924505,0.012466121948355462,-0.40815953213065903,0.6841829030709554,-0.029874156702537083,0.019697823698688076,93,True,ok,-0.5088166501924505,1.2466121948355462,-2.9874156702537085,1.9697823698688075,0.8140806413627922
all_managers__roa_2025__expertise_score__M3__individual_components,all_managers,roa_2025,expertise_score,M3,individual_components,roa_2025 ~ expertise_score_10 + roa_2024 + log_assets_2024 + age + leverage_2024 + fixed_assets_ratio_2024 + state_2024,expertise_score_10,0.012594005738338205,0.010626301829146879,1.185172973705124,0.23925201077485417,-0.008533929163721032,0.03372194064039744,93,True,ok,1.2594005738338205,1.0626301829146878,-0.8533929163721032,3.372194064039744,0.7610562358884622
all_managers__roa_2025__face_score__M3__individual_components,all_managers,roa_2025,face_score,M3,individual_components,roa_2025 ~ face_score_10 + roa_2024 + log_assets_2024 + age + leverage_2024 + fixed_assets_ratio_2024 + state_2024,face_score_10,-0.009845326948070983,0.01313878283356429,-0.7493332580945127,0.45663374153307734,-0.03613597067173859,0.01644531677559663,67,True,ok,-0.9845326948070983,1.313878283356429,-3.6135970671738593,1.644531677559663,0.7610562358884622
all_managers__roa_2025__communication_score__M3__individual_components,all_managers,roa_2025,communication_score,M3,individual_components,roa_2025 ~ communication_score_10 + roa_2024 + log_assets_2024 + age + leverage_2024 + fixed_assets_ratio_2024 + state_2024,communication_score_10,-0.0020513856539244725,0.006089094526359811,-0.33689502520349834,0.7372814012485992,-0.014212147160299905,0.010109375852450959,73,True,ok,-0.20513856539244724,0.6089094526359812,-1.4212147160299904,1.010937585245096,0.8140806413627922
all_managers__stock_return_2025__media_score__M3__individual_components,all_managers,stock_return_2025,media_score,M3,individual_components,stock_return_2025 ~ media_score_10 + stock_return_2024 + log_assets_2024 + age + leverage_2024 + fixed_assets_ratio_2024 + state_2024,media_score_10,-0.11359422492631009,0.05325994925474909,-2.132826382972588,0.036498850733592596,-0.21984491650091592,-0.007343533351704262,77,True,ok,-11.359422492631008,5.325994925474909,-21.98449165009159,-0.7343533351704262,0.36498850733592597
all_managers__stock_return_2025__awards_score__M3__individual_components,all_managers,stock_return_2025,awards_score,M3,individual_components,stock_return_2025 ~ awards_score_10 + stock_return_2024 + log_assets_2024 + age + leverage_2024 + fixed_assets_ratio_2024 + state_2024,awards_score_10,0.03415045522342702,0.033303889747956304,1.0254194174277396,0.30874685748172037,-0.032288986934495334,0.10058989738134938,77,True,ok,3.4150455223427025,3.3303889747956306,-3.2288986934495334,10.058989738134938,0.7610562358884622
all_managers__stock_return_2025__expertise_score__M3__individual_components,all_managers,stock_return_2025,expertise_score,M3,individual_components,stock_return_2025 ~ expertise_score_10 + stock_return_2024 + log_assets_2024 + age + leverage_2024 + fixed_assets_ratio_2024 + state_2024,expertise_score_10,0.012302545534783663,0.0302556384374284,0.4066199283887703,0.6855456621814419,-0.04805580164710642,0.07266089271667375,77,True,ok,1.2302545534783664,3.02556384374284,-4.8055801647106415,7.266089271667376,0.8140806413627922
all_managers__stock_return_2025__face_score__M3__individual_components,all_managers,stock_return_2025,face_score,M3,individual_components,stock_return_2025 ~ face_score_10 + stock_return_2024 + log_assets_2024 + age + leverage_2024 + fixed_assets_ratio_2024 + state_2024,face_score_10,0.05785485079087536,0.07593257968827931,0.7619239465902886,0.4499944498187561,-0.0949895046782609,0.2106992062600116,54,True,ok,5.785485079087536,7.593257968827931,-9.49895046782609,21.06992062600116,0.7610562358884622
all_managers__stock_return_2025__communication_score__M3__individual_components,all_managers,stock_return_2025,communication_score,M3,individual_components,stock_return_2025 ~ communication_score_10 + stock_return_2024 + log_assets_2024 + age + leverage_2024 + fixed_assets_ratio_2024 + state_2024,communication_score_10,0.019572805544727217,0.018579135541031692,1.053483112898392,0.2972869177539038,-0.01776336516579782,0.05690897625525225,57,True,ok,1.9572805544727216,1.8579135541031693,-1.776336516579782,5.690897625525225,0.7610562358884622
ceo__roa_2025__media_score__M3__individual_components,ceo,roa_2025,media_score,M3,individual_components,roa_2025 ~ media_score_10 + roa_2024 + log_assets_2024 + age + leverage_2024 + fixed_assets_ratio_2024 + state_2024,media_score_10,-0.016462820254504993,0.021694263183585385,-0.7588559295694965,0.4510117172324978,-0.05988860617473614,0.026962965665726157,66,True,ok,-1.6462820254504993,2.1694263183585383,-5.988860617473614,2.6962965665726157,0.6850508677172675
ceo__roa_2025__awards_score__M3__individual_components,ceo,roa_2025,awards_score,M3,individual_components,roa_2025 ~ awards_score_10 + roa_2024 + log_assets_2024 + age + leverage_2024 + fixed_assets_ratio_2024 + state_2024,awards_score_10,-0.013604190769715788,0.012536741965601304,-1.085145630901823,0.2816340144605483,-0.038614306674374606,0.011405925134943031,77,True,ok,-1.3604190769715787,1.2536741965601303,-3.8614306674374608,1.1405925134943031,0.6850508677172675
ceo__roa_2025__expertise_score__M3__individual_components,ceo,roa_2025,expertise_score,M3,individual_components,roa_2025 ~ expertise_score_10 + roa_2024 + log_assets_2024 + age + leverage_2024 + fixed_assets_ratio_2024 + state_2024,expertise_score_10,0.009056817675097311,0.00890229858473395,1.0173572127347354,0.3119758835773256,-0.008652690100684578,0.026766325450879203,90,True,ok,0.9056817675097312,0.890229858473395,-0.8652690100684578,2.6766325450879203,0.6850508677172675
ceo__roa_2025__face_score__M3__individual_components,ceo,roa_2025,face_score,M3,individual_components,roa_2025 ~ face_score_10 + roa_2024 + log_assets_2024 + age + leverage_2024 + fixed_assets_ratio_2024 + state_2024,face_score_10,-0.052020351817493156,0.038975342641236775,-1.3346990248766786,0.19201673211203088,-0.13161862056859416,0.027577916933607845,38,True,ok,-5.202035181749316,3.8975342641236774,-13.161862056859416,2.7577916933607844,0.6850508677172675
ceo__roa_2025__communication_score__M3__individual_components,ceo,roa_2025,communication_score,M3,individual_components,roa_2025 ~ communication_score_10 + roa_2024 + log_assets_2024 + age + leverage_2024 + fixed_assets_ratio_2024 + state_2024,communication_score_10,-0.0020513856539244725,0.006089094526359811,-0.33689502520349834,0.7372814012485992,-0.014212147160299905,0.010109375852450959,73,True,ok,-0.20513856539244724,0.6089094526359812,-1.4212147160299904,1.010937585245096,0.8801644523547315
ceo__stock_return_2025__media_score__M3__individual_components,ceo,stock_return_2025,media_score,M3,individual_components,stock_return_2025 ~ media_score_10 + stock_return_2024 + log_assets_2024 + age + leverage_2024 + fixed_assets_ratio_2024 + state_2024,media_score_10,-0.013405114336809737,0.08841263737305252,-0.15161988981561036,0.8801644523547315,-0.1914773068897682,0.1646670782161487,53,True,ok,-1.3405114336809738,8.841263737305253,-19.147730688976818,16.46670782161487,0.8801644523547315
ceo__stock_return_2025__awards_score__M3__individual_components,ceo,stock_return_2025,awards_score,M3,individual_components,stock_return_2025 ~ awards_score_10 + stock_return_2024 + log_assets_2024 + age + leverage_2024 + fixed_assets_ratio_2024 + state_2024,awards_score_10,0.002863600755018871,0.01613422836596412,0.1774860681320072,0.8597670383260583,-0.02945714247487082,0.035184343984908564,64,True,ok,0.28636007550188713,1.613422836596412,-2.9457142474870817,3.5184343984908564,0.8801644523547315
ceo__stock_return_2025__expertise_score__M3__individual_components,ceo,stock_return_2025,expertise_score,M3,individual_components,stock_return_2025 ~ expertise_score_10 + stock_return_2024 + log_assets_2024 + age + leverage_2024 + fixed_assets_ratio_2024 + state_2024,expertise_score_10,0.019847396458633766,0.02253381201276605,0.8807829073655913,0.3816315070289533,-0.025142810829415094,0.06483760374668263,74,True,ok,1.9847396458633766,2.253381201276605,-2.514281082941509,6.483760374668263,0.6850508677172675
ceo__stock_return_2025__face_score__M3__individual_components,ceo,stock_return_2025,face_score,M3,individual_components,stock_return_2025 ~ face_score_10 + stock_return_2024 + log_assets_2024 + age + leverage_2024 + fixed_assets_ratio_2024 + state_2024,face_score_10,0.05929737594691671,0.08250100385706531,0.7187473263919386,0.47953560740208734,-0.11136895354921274,0.22996370544304617,31,True,ok,5.929737594691671,8.250100385706531,-11.136895354921274,22.996370544304618,0.6850508677172675
ceo__stock_return_2025__communication_score__M3__individual_components,ceo,stock_return_2025,communication_score,M3,individual_components,stock_return_2025 ~ communication_score_10 + stock_return_2024 + log_assets_2024 + age + leverage_2024 + fixed_assets_ratio_2024 + state_2024,communication_score_10,0.019572805544727217,0.018579135541031692,1.053483112898392,0.2972869177539038,-0.01776336516579782,0.05690897625525225,57,True,ok,1.9572805544727216,1.8579135541031693,-1.776336516579782,5.690897625525225,0.6850508677172675
