ticker,name,Nom_2015,Nom_2016,Nom_2017,Nom_2018,Nom_2019,Nom_2020,Nom_2021,Nom_2022,Nom_2023,Nom_2024,is_ceo,source_positions,awards_raw,awards_score
ABIO,Масюк Сергей Владимирович,,,,,,,,,,,True,CEO,0.0,0.0
ABIO,Исаев Артур Александрович,,,,,,,,,,,False,Председатель СД,0.0,0.0
ABIO,Богуславский Дмитрий Эдгардович,,,,,,,,,,,False,Член СД,0.0,0.0
ABIO,Деев Роман Вадимович,,,,,,,,,,,False,Член СД,0.0,0.0
ABIO,Исаев Андрей Александрович,,,,,,,,,,,False,Член СД,0.0,0.0
ABIO,Мауэр Константин Николаевич,,,,,,,,,,,False,Член СД,0.0,0.0
ABIO,Киселев Сергей Львович,,,,,,,,,,,False,Член СД,0.0,0.0
ABIO,Примак Алексей Евгеньевич,,,,,,,,,,,False,Член СД,0.0,0.0
ABIO,Александров Дмитрий Андреевич,,,,,,,,,,,False,Член СД,0.0,0.0
AFKS,Ситдеков Тагир Алиевич,,,,,,,,,,,False,Президент (CEO) + Член СД,0.0,0.0
AFKS,Шохин Александр Николаевич,,,,,,,,,,,False,Член СД,0.0,0.0
AFKS,Маслов Алексей Александрович,,,,,,,,,,,False,Член СД,0.0,0.0
AFKS,Кузьминов Ярослав Иванович,,,,,,,,,,,False,Член СД,0.0,0.0
AFKS,Евтушенков Феликс Владимирович,,,,,,,,,,,False,Первый вице-президент + Член СД,0.0,0.0
AFKS,Евтушенков Владимир Петрович,,,,,,,,,,,False,Председатель СД,0.0,0.0
AFKS,Вьюгин Олег Вячеславович,,,,,,,,,,,False,Член СД,0.0,0.0
AFKS,Волошин Александр Стальевич,,,,,,,,,,,False,Член СД,0.0,0.0
AFKS,Васадзе Леван Шиоевич,,,,,,,,,,,False,Член СД,0.0,0.0
AFLT,Александровский Сергей Владимирович,,,,,,,,,,N,False,CEO+Председатель правления+Член СД,1.0,22.7670248696953
AFLT,Бадеха Вадим Александрович,,,,,,,,,,,False,Член СД,0.0,0.0
AFLT,Каменской Игорь Александрович,,,,,,,,,,,False,Член СД,0.0,0.0
AFLT,Ликсутов Максим Станиславович,,,,,,,,,,,False,Член СД,0.0,0.0
AFLT,Моисеев Алексей Владимирович,,,,,,,,,,,False,Член СД,0.0,0.0
AFLT,Никитин Андрей Сергеевич,,,,,,,,,,,False,Член СД,0.0,0.0
AFLT,Пахомов Роман Викторович,,,,,,,,,,,False,Член СД,0.0,0.0
AFLT,Песков Дмитрий Николаевич,,,,,,,,,,,False,Член СД,0.0,0.0
AFLT,Прокофьев Станислав Евгеньевич,,,,,,,,,,,False,Член СД,0.0,0.0
AFLT,Савельев Виталий Геннадьевич,,,,,,,,,,,False,Председатель СД,0.0,0.0
AFLT,Чемезов Сергей Викторович,,,,,,,,,,,False,Член СД,0.0,0.0
AFLT,Шадаев Максут Игоревич,,,,,,,,,,,False,Член СД,0.0,0.0
AFLT,Чиханчин Андрей Юрьевич,,,,,N,N,N,N,N,N,False,Первый зам. ген. дир. по коммерции и финансам,6.0,63.91511932854698
AFLT,Семёнов Андрей Викторович,,,,,,,,,,,False,Первый зам. ген. дир. по производству,0.0,0.0
AGRO,Липатов Тимур Владимирович,,,,,,,,,,,True,CEO,0.0,0.0
AKRN,Куницкий Владимир Яковлевич,N,N,N,N,N,N,N,,,,True,CEO+Председатель правления,7.0,68.3010746090859
AKRN,Попов Александр Валериевич,,N,N,,,,N,,,,False,Председатель СД,3.0,45.5340497393906
AKRN,Гавриков Владимир Викторович,,,,,,,,,,,False,Член СД,0.0,0.0
AKRN,Колосовский Андрей Леонидович,,,,,,,,,,,False,Член СД,0.0,0.0
AKRN,Данильченко Нина Викторовна,,,,,,,,,,,False,Член СД,0.0,0.0
AKRN,Корнышев Олег Александрович,,,,,,,,,,,False,Член СД,0.0,0.0
AKRN,Беликов Игорь Вячеславович,,,,,,,,,,,False,Член СД,0.0,0.0
AKRN,Дынкин Александр Александрович,,,,,,,,,,,False,Член СД,0.0,0.0
AKRN,Швалюк Валерий Петрович,,,,,,,,,,,False,Член СД,0.0,0.0
AKRN,Кантолинский Михаил Иосифович,,,,,,,,,,,False,Член СД,0.0,0.0
ALRS,Маринычев Павел Алексеевич,,,,,,,,,,,True,CEO+Председатель правления | Член СД,0.0,0.0
ALRS,Силуанов Антон Германович,,,,,,,,,,,False,Председатель СД,0.0,0.0
ALRS,Николаев Айсен Сергеевич,,,,,,,,,,,False,Член СД,0.0,0.0
ALRS,Иванов Сергей Сергеевич,N,,,,,,,,,,False,Член СД,1.0,22.7670248696953
ALRS,Моисеев Алексей Владимирович,,,,,,,,,,,False,Член СД,0.0,0.0
ALRS,Дяченко Сергей Николаевич,,,,,,,,,,,False,Член СД,0.0,0.0
ALRS,Жондоров Валерий Алексеевич,,,,,,,,,,,False,Член СД,0.0,0.0
ALRS,Донец Андрей Иванович,,,,,,,,,,,False,Член СД,0.0,0.0
ALRS,Багынанов Павел Николаевич,,,,,,,,,,,False,Член СД,0.0,0.0
ALRS,Григорьев Павел Анатольевич,,,,,,,,,,,False,Член СД,0.0,0.0
ALRS,Григорьева Евгения Васильевна,,,,,,,,,,,False,Член СД,0.0,0.0
ALRS,Николаев Игорь Иванович,,,,,,,,,,,False,Член СД,0.0,0.0
ALRS,Рюмин Андрей Валерьевич,,,,,,,,,,,False,Член СД,0.0,0.0
ALRS,Фрадков Пётр Михайлович,,,,,N,,,,,,False,Член СД,1.0,22.7670248696953
ALRS,Павленко Сергей Витальевич,,,,,,,,,,,False,Первый зам. ген. дир. Исполнительный директор,0.0,0.0
APTK,Кузин Александр Владимирович,,,N,N,N,N,N,N,N,N,False,CEO+Член СД,8.0,72.16976134290604
AQUA,Соснов Илья Геннадьевич,,,,,,,,,,,True,CEO,0.0,0.0
AQUA,Чернова Екатерина Анатольевна,,,,,,,,,,,False,Председатель СД,0.0,0.0
AQUA,Аюпова Сайёра Якуповна,,,,,,,,,,,False,Член СД,0.0,0.0
AQUA,Погуляев Владислав Юрьевич,,,,,,,,,,,False,Член СД,0.0,0.0
AQUA,Александров Владимир Валерьевич,,,,,,,,,,,False,Член СД,0.0,0.0
AQUA,Васильков Дмитрий Олегович,,,,,,,,,,,False,Член СД,0.0,0.0
AQUA,Кащеев Роман Витальевич,,,,,,,,,,,False,Член СД,0.0,0.0
AQUA,Благирев Алексей Павлович,,,,,,,,,,,False,Член СД,0.0,0.0
AQUA,Василенко Анна Геннадьевна,,,,,,,,,,,False,Член СД,0.0,0.0
AQUA,Марченко Андрей Александрович,,,,,,,,,,,False,Член СД,0.0,0.0
ASTR,Сивцев Илья Игоревич,,,,,,,,,,,False,CEO+Член СД,0.0,0.0
ASTR,Прянишников Николай Николаевич,,,,N,N,N,N,N,N,,False,Первый зам. ген. дир. Исполнительный директор,6.0,63.91511932854698
ASTR,Фролов Денис Владимирович,,,,,,,,,,,False,Председатель СД,0.0,0.0
BANEP,Стрельцов Тимофей Михайлович,,,,,,,,,,,True,CEO,0.0,0.0
BELU,Прохоров Константин Анатольевич,,,,,,,,,,,True,Председатель правления,0.0,0.0
BELU,Белокопытов Николай Владимирович,,,,,,,,,,,False,Председатель СД+CFO,0.0,0.0
BELU,Гукасян Мелине Генриковна,,,,,,,,,,,False,Член СД,0.0,0.0
BELU,Иконников Александр Вячеславович,,,,,,,,,,,False,Член СД,0.0,0.0
BELU,Купцов Сергей Александрович,,,,,,,,,,,False,Член СД,0.0,0.0
BELU,Крачковский Александр Борисович,,,,,,,,,,,False,Член СД,0.0,0.0
BELU,Мечетин Александр Анатольевич,,,,,,,,,,,False,Член СД,0.0,0.0
BELU,Молчанов Сергей Витальевич,,,,,,,,,,,False,Член СД+Операционный директор,0.0,0.0
BELU,Ордовский-Танаевский Бланко Ростислав,,,,,N,N,N,N,N,,False,Член СД,5.0,58.85190554114832
BSPB,Савельев Александр Васильевич,,,,,,,,,,,True,CEO+Председатель правления,0.0,0.0
BSPB,Иванникова Елена Викторовна,,,,,,,,,,,False,Председатель СД,0.0,0.0
CBOM,Маликова Дина Ринатовна,,,,,,,,,,,True,Председатель правления,0.0,0.0
CHMF,Шевелёв Александр Анатольевич,,,N,N,N,N,N,N,W,N,False,CEO+Член СД,9.0,75.63041955164012
CHMF,Мордашов Алексей Александрович,,,,,,,,,,,False,Председатель СД,0.0,0.0
CHMK,Капнин Владимир Викторович,,,,,,,,,,,True,CEO,0.0,0.0
CIAN,Григорьев Дмитрий Константинович,,,,,,,,,,N,False,CEO+Член СД,1.0,22.7670248696953
CIAN,Мельников Максим Анатольевич,,,,,,,,,,,False,Председатель СД,0.0,0.0
DATA,Пустовой Максим Владимирович,N,,,,,,,,,,True,CEO,1.0,22.7670248696953
DATA,Жуков Андрей,,,,,,,,,,,False,CFO,0.0,0.0
DATA,Бушуева Екатерина,,,,,,,,,,,False,IRO,0.0,0.0
DATA,Гревцев Виктор Викторович,,,,,,,,,,,False,Руководитель подразделения внутреннего аудита,0.0,0.0
DATA,Муницына Мария Анатольевна,,,,,,,,,,,False,Руководитель подразделения внутреннего контроля и управления рисками,0.0,0.0
DELI,Бехтина Елена Александровна,,,,,,,,,,N,True,CEO,1.0,22.7670248696953
DELI,Лойко Михаил,,,,,,,,N,N,,False,CFO,2.0,36.08488067145302
DELI,Белотуркин Александр,,,,,,,,,,,False,CTO,0.0,0.0
DELI,Коновальчук Виталий,,,,,,,,,,,False,"CXO, CHRO",0.0,0.0
DELI,Чарухин Денис Юрьевич,,,,,,,,,,,False,Председатель СД,0.0,0.0
DELI,Алгульян Даниил Валерьевич,,,,,,,,,,,False,Член СД,0.0,0.0
DELI,Артюх Константин Юрьевич,,,,,,,,,,,False,Член СД,0.0,0.0
DELI,Гюванч Донмез,,,,,,N,N,N,,,False,Член СД,3.0,45.5340497393906
DELI,Меликян Артур Борисович,,,,,,,,,,,False,Член СД,0.0,0.0
DELI,Полещук Ярослав Николаевич,,,,,,,,,,,False,Член СД,0.0,0.0
DELI,Саволайнен Ольга Викторовна,,,,,,,,,,,False,Член СД,0.0,0.0
DELI,Садовин Владимир Альбертович,N,N,N,N,,,,,,,False,Член СД,4.0,52.863394681944804
DELI,Чораян Григорий Ованесович,,,,,,,,,,,False,Член СД,0.0,0.0
DIAS,Глазков Александр Валериевич,,,,,,,,,,,True,"CEO, член СД",0.0,0.0
DIAS,Ляшков Александр Анатольевич,,,,,,,,,,,False,Член Ревизионной комиссии,0.0,0.0
DIAS,Лебедев Дмитрий Владимирович,,,,,,,,,,,False,Член Ревизионной комиссии,0.0,0.0
DIAS,Бабкин Алексей Анатольевич,,,,,,,,,,,False,Член Ревизионной комиссии,0.0,0.0
DIAS,Бочкарев Сергей Викторович,,,,,,,,,,,False,Председатель СД,0.0,0.0
DIAS,Таскаева Татьяна Петровна,,,,,,,,,,,False,Руководитель по работе с инвесторами и акционерами,0.0,0.0
DIAS,Клишина Екатерина Александровна,,,,,,,,,,,False,Руководитель подразделения внутреннего аудита,0.0,0.0
DVEC,Кимерин Владимир Анатольевич,,,,,,,,,,,True,CEO,0.0,0.0
DVEC,Власов Алексей Валерьевич,,,,,,,,,,,False,Председатель СД,0.0,0.0
DVEC,Бельченко Антон Леонидович,,,,,,,,,,,False,Член СД,0.0,0.0
DVEC,Борисенко Вера Валентиновна,,,,,,,,,,,False,Член СД,0.0,0.0
DVEC,Кабанова Лариса Владимировна,,,,,,N,,,,,False,Член СД,1.0,22.7670248696953
DVEC,Коптяков Станислав Сергеевич,,,,N,N,N,N,N,N,N,False,Член СД,7.0,68.3010746090859
DVEC,Осенкова Ксения Геннадьевна,,,,,,,,,,,False,Член СД,0.0,0.0
DVEC,Сорокин Роман Юрьевич,,,,,,,,,,,False,Член СД,0.0,0.0
DVEC,Стороженко Виталий Анатольевич,,,,,,,,,,,False,Член СД,0.0,0.0
DVEC,Тюльпанов Евгений Викторович,,,,,,,,,,,False,Член СД,0.0,0.0
DVEC,Ажимов Олег Евгеньевич,,,,,,,,,,,False,Председатель Ревизионной комиссии,0.0,0.0
DVEC,Доланова Елена Федоровна,,,,,,,,,,,False,Член Ревизионной комиссии,0.0,0.0
DVEC,Меделец Светлана Юрьевна,,,,,,,,,,,False,Член Ревизионной комиссии,0.0,0.0
DVEC,Коломиец Владимир Александрович,,,,,,,,,,,False,Член Ревизионной комиссии,0.0,0.0
DVEC,Дьяченко Ксения Юрьевна,,,,,,,,,,,False,Член Ревизионной комиссии,0.0,0.0
ELFV,Тналин Алибек Айбекович,,,,,,,,,,,True,CEO,0.0,0.0
ELFV,Атцени Москвитин Матвей Владимирович,,,,,,,,,,,False,Член Правления,0.0,0.0
ELFV,Верещагин Михаил Игоревич,,,,,,,,,,,False,Член Правления,0.0,0.0
ELFV,Косменюк Олег Николаевич,,,,,,,,,,,False,Член Правления,0.0,0.0
ELFV,Леонова Нина Васильевна,,,,,,,,,,,False,Член Правления,0.0,0.0
ELFV,Седова Жанна Игоревна,,,,,,,,,,,False,Член Правления,0.0,0.0
ELFV,Рачкин Сергей Владимирович,,,,,,,,,,,False,Член Правления,0.0,0.0
ELFV,Рожина Лариса Николаевна,,,,,,,,,,,False,Руководитель подразделения внутреннего аудита,0.0,0.0
ELFV,Юзефович Елена Константиновна,,,,,,,,,,,False,Руководитель подразделения внутреннего контроля и управления рисками,0.0,0.0
ENPG,Колмогоров Владимир Васильевич,,,,,,,,,,,True,CEO,0.0,0.0
ENPG,Малевинская Анна Александровна,,,,,,,,,,N,False,CFO,1.0,22.7670248696953
ENPG,Погосбеков Давид Дешенович,,N,,,,,,,N,N,False,Директор по коммерции,3.0,45.5340497393906
ENPG,Данилов Александр,,,,,,,,,,N,False,Директор по правовым вопросам,1.0,22.7670248696953
ENPG,Конопацкий Виктор,,,,,,,,,,N,False,Директор по связям с государственными органами,1.0,22.7670248696953
ENPG,Санарова Ольга,,,N,N,N,N,N,N,N,N,False,Директор по связям с общественностью,8.0,72.16976134290604
ENPG,Бахтина Ирина,N,N,W,N,N,N,,W,,,False,Директор по устойчивому развитию,9.0,75.63041955164012
ENPG,Кристофер Бернэм,,,,,,,,,,,False,Председатель СД,0.0,0.0
ENPG,Галенская Людмила Петровна,,,,,,,,,,,False,Член СД,0.0,0.0
ENPG,Тэргуд Маршалл Мл.,,,,,,,,,,,False,Член СД,0.0,0.0
ENPG,Джеймс У. Рэйдер,,,,,,,,,,,False,Член СД,0.0,0.0
ENPG,Фокина Жанна Сергеевна,,,,,,,,,,,False,Член СД,0.0,0.0
ENPG,Шаронов Андрей Владимирович,,,,,,N,,,,,False,Член СД,1.0,22.7670248696953
ENPG,Джеймс Шваб,,,,,,,,,,,False,Член СД,0.0,0.0
ENPG,Яновский Андрей Владимирович,,,,,,,,,,,False,Член СД,0.0,0.0
ENPG,Гераскин Вадим Викторович,N,,,,,,,,,,False,Член СД,1.0,22.7670248696953
ENPG,Горбатова Анастасия Владимировна,,,,,,,,,,,False,Член СД,0.0,0.0
ENPG,Плугарь Андрей Георгиевич,,,,,,,,,,,False,Член СД,0.0,0.0
ENPG,Филина Ольга Владимировна,,,,,,,,,,,False,Член СД,0.0,0.0
ETLN,Бузулуцкий Михаил Игоревич,,,,,,,,,,,True,"CEO, член СД",0.0,0.0
ETLN,Егоров Сергей Валерьевич,,,,,,,,,,,False,Председатель СД,0.0,0.0
ETLN,Щербина Геннадий Филиппович,,,,,N,N,N,N,N,,False,Член СД,5.0,58.85190554114832
ETLN,Волошин Александр Стальевич,,,,,,,,,,,False,Член СД,0.0,0.0
ETLN,Оглоблина Марина Евгеньевна,,,,,,,,,,,False,Член СД,0.0,0.0
ETLN,Пыльцов Виталий Николаевич,,,,,,,,,,,False,Член СД,0.0,0.0
ETLN,Андреас Крифтис,,,,,,,,,,,False,Член СД,0.0,0.0
EUTR,Алексеенков Олег Олегович,,,,,,,,,,,True,"CEO, член СД",0.0,0.0
EUTR,Мартышов Игорь Юрьевич,,,,,,,,,,,False,Председатель СД,0.0,0.0
EUTR,Алексеенков Сергей Олегович,,,,,,,,,,,False,Член СД,0.0,0.0
EUTR,Дорошенко Николай Николаевич,,,,,,,,,,,False,Член СД,0.0,0.0
EUTR,Панкратьева Наталья Михайловна,,,,,,,,,,,False,Член СД,0.0,0.0
EUTR,Шемякин Борис Олегович,,,,,,,,,,,False,Член СД,0.0,0.0
EUTR,Сафонов Олег Петрович,,,,,,,,,,,False,Член СД,0.0,0.0
EUTR,Сигова Мария Викторовна,,,,,,,,,,,False,Член СД,0.0,0.0
EUTR,Хазин Андрей Леонидович,,,,,,,,,,,False,Член СД,0.0,0.0
EUTR,Депутатов Георгий Юрьевич,,,,,,,,,,,False,Руководитель подразделения внутреннего аудита,0.0,0.0
FEES,Рюмин Андрей Валерьевич,,,,,,,,,,,True,CEO,0.0,0.0
FEES,Кулишов Григорий Викторович,,,,,,,,,,,False,CSO,0.0,0.0
FEES,Муров Андрей Евгеньевич,,N,N,N,N,,,,,,False,Член Правления,4.0,52.863394681944804
FEES,Краинский Даниил Владимирович,,,,,,,,,,,False,Член Правления,0.0,0.0
FEES,Ляпунов Евгений Викторович,,,,,,,,,,,False,Член Правления,0.0,0.0
FEES,Мольский Алексей Валерьевич,,,,N,,,N,N,,,False,Член Правления,3.0,45.5340497393906
FEES,Полинов Алексей Александрович,,,,,,,,,,,False,Член Правления,0.0,0.0
FEES,Харитонов Владимир Вячеславович,,,,,,,,,,,False,Член Правления,0.0,0.0
FEES,Новак Александр Валентинович,,,,,,,,,,,False,Председатель СД,0.0,0.0
FEES,Макаров Владимир Александрович,,,,,,,,,,,False,Руководитель подразделения внутреннего контроля и управления рисками,0.0,0.0
FEES,Ульянов Антон Сергеевич,,,,,,,,,,,False,Руководитель подразделения внутреннего аудита,0.0,0.0
FESH,Иванов Петр Валерьевич,,,,,,,,,,,False,Президент,0.0,0.0
FESH,Плотников Юрий Олегович,,,,,,,,,,,False,Директор по охране государственной тайны,0.0,0.0
FIVE,Шехтерман Игорь Владимирович,N,,,,N,N,N,,,,True,CEO,4.0,52.863394681944804
FIVE,Лобачева Екатерина Владимировна,,,,,N,W,N,,,,False,Президент,4.0,52.863394681944804
FIVE,Ворона Иван Николаевич,,,,,,,,,,,False,Руководитель подразделения внутреннего аудита,0.0,0.0
FIVE,Мурашкин Андрей Игоревич,,,,,,,,,,,False,Руководитель подразделения внутреннего контроля и управления рисками,0.0,0.0
FIXP,Погонин Владимир Петрович,,,,,,,,,,,True,CEO,0.0,0.0
FIXP,Кирсанов Дмитрий Николаевич,,,,,,,,,,,False,Управляющий директор,0.0,0.0
FIXP,Миронова Елена,,,,,,,,,,,False,Руководитель по работе с инвесторами и СМИ,0.0,0.0
FLOT,Тонковидов Игорь Васильевич,,,,,,,,,,,True,CEO,0.0,0.0
FLOT,Вербо Александр Михайлович,,,,,,,,,,,False,CFO,0.0,0.0
FLOT,Франк Сергей Оттович,,,,,,,,,,,False,Председатель СД,0.0,0.0
GAZP,Миллер Алексей Борисович,,,,,,,,,,,True,"CEO, член СД",0.0,0.0
GAZP,Илюхина Елена Анатольевна,,,,,,,,,,,False,Член Правления,0.0,0.0
GAZP,Аксютин Олег Евгеньевич,,,,,,,,,,,False,Член Правления,0.0,0.0
GAZP,Куприянов Сергей Владимирович,,,,,,,,,,,False,Член Правления,0.0,0.0
GAZP,Путин Михаил Евгеньевич,,,,,,,,,,,False,Член Правления,0.0,0.0
GAZP,Россеев Михаил Николаевич,,,,,,,,,,,False,Член Правления,0.0,0.0
GAZP,Садыгов Фамил Камиль оглы,,,,,,,,,,,False,Член Правления,0.0,0.0
GAZP,Хомяков Сергей Федорович,,,,,,,,,,,False,Член Правления,0.0,0.0
GAZP,Кузнец Сергей Иванович,,,,,,,,,,,False,Член Правления,0.0,0.0
GAZP,Марков Владимир Константинович,,,,,,,,,,,False,Член Правления,0.0,0.0
GAZP,Меньшиков Сергей Николаевич,,,,,,,,,,,False,Член Правления,0.0,0.0
GAZP,Михаленко Вячеслав Александрович,,,,,,,,,,,False,Член Правления,0.0,0.0
GAZP,Симдякин Вадим Михайлович,,,,,,,N,,,,False,Член Правления,1.0,22.7670248696953
GAZP,Зубков Виктор Алексеевич,,,,,,,,,,,False,Председатель СД,0.0,0.0
GAZP,Мантуров Денис Валентинович,,,,,,,,,,,False,Член СД,0.0,0.0
GAZP,Маркелов Виталий Анатольевич,,,,,,,,,,,False,"Член СД, член Правления",0.0,0.0
GAZP,Акимов Андрей Игоревич,N,,,,,,,,,,False,Член СД,1.0,22.7670248696953
GAZP,Мартынов Виктор Георгиевич,,,,,,,,,,,False,Член СД,0.0,0.0
GAZP,Максимцев Игорь Анатольевич,,,,,,,,,,,False,Член СД,0.0,0.0
GAZP,Середа Михаил Леонидович,,,,,,,,,,,False,Член СД,0.0,0.0
GAZP,Новак Александр Валентинович,,,,,,,,,,,False,Член СД,0.0,0.0
GAZP,Патрушев Дмитрий Николаевич,,,,,,,,,,,False,Член СД,0.0,0.0
GEMC,Яновский Андрей Владимирович,,,,,,,,,,,True,"CEO, член СД",0.0,0.0
GEMC,Минаков Георгий Викторович,,,,,,,,,,,False,Руководитель подразделения внутреннего аудита,0.0,0.0
GEMC,Шмелев Дмитрий Сергеевич,,,,,,,,,,,False,"CFO, Председатель СД",0.0,0.0
GEMC,Вольский Владислав Михайлович,,,,,,,,,,,False,Член СД,0.0,0.0
GEMC,Тронин Андрей Владимирович,,,,,,,,,,,False,Член СД,0.0,0.0
GEMC,Лобанов Олег Валентинович,,,,,,,,,,,False,Член СД,0.0,0.0
GLTR,Газизов Антон,,,,,,,,,,,False,"Управляющий директор, член СД",0.0,0.0
GLTR,Джафар Борхан,,,,,,,,,,,False,Член СД,0.0,0.0
GLTR,Жуслен Хейраллах,,,,,,,,,,,False,Член СД,0.0,0.0
GLTR,Абдулла Белобайда,,,,,,,,,,,False,Член СД,0.0,0.0
GLTR,Абдултайаб Бахрейнвала,,,,,,,,,,,False,Член СД,0.0,0.0
GLTR,Альбина Амангельдинова,,,,,,,,,,,False,Член СД,0.0,0.0
GLTR,Ержан Ниязалиев,,,,,,,,,,,False,Председатель СД,0.0,0.0
GLTR,Кайрат Итемгенов,,,,,,,,,,,False,Член СД,0.0,0.0
GLTR,Сторожев Александр Валентинович,,,,,,,,,,,False,Член СД,0.0,0.0
GLTR,Вячеслав Станиславский,N,N,,,N,N,N,,,,False,Член СД,5.0,58.85190554114832
GLTR,Руслан Изатов,,,,,,,,,,,False,Член СД,0.0,0.0
GLTR,Стефан Хенрих,,,,,,,,,,,False,Член СД,0.0,0.0
GLTR,Юсеф Абу Лабан,,,,,,,,,,,False,Член СД,0.0,0.0
GMKN,Потанин Владимир Олегович,,,,,,,,,N,N,False,Президент,2.0,36.08488067145302
HEAD,Сергиенков Дмитрий Сергеевич,,,,,N,N,N,,N,N,True,"Генеральный директор, Член СД",5.0,58.85190554114832
HEAD,Арсеньев Сергей Станиславович,,,,,,,,,,,False,Член СД,0.0,0.0
HEAD,Байцур Антон Григорьевич,,,,,,,,,,,False,Член СД,0.0,0.0
HEAD,Дуглас Гарднер,,,,,,,,,,,False,Член СД,0.0,0.0
HEAD,Григорьев Дмитрий Константинович,,,,,,,,,N,N,False,Член СД,2.0,36.08488067145302
HEAD,Крюков Дмитрий Викторович,,,,,,,,,,,False,Член СД,0.0,0.0
HEAD,Машков Валентин Сергеевич,,,,,,,,,,,False,Член СД,0.0,0.0
HEAD,Ушакова Светлана Александровна,,,,,,,,,,,False,Член СД,0.0,0.0
HEAD,Филатова Ольга Геннадьевна,,,N,,,,,,,,False,Член СД,1.0,22.7670248696953
HNFG,Арутюнян Рубен Альбертович,,,,,,,,,,,False,Член СД,0.0,0.0
HNFG,Адамян Амаяк Степаевич,,,,,,,,,,,False,Член СД,0.0,0.0
HNFG,Глазов Василий Владимирович,,,,,,,,,,,False,Член СД,0.0,0.0
HNFG,Золотарева Светлана Сергеевна,,,,,,,,,,,False,Член СД,0.0,0.0
HNFG,Киреев Михаил Сергеевич,,,,,,,,,,,False,Член СД,0.0,0.0
HNFG,Коршунова Анна Сергеевна,,,,,,,,,,,False,Член СД,0.0,0.0
HNFG,Мелконян Гагик Аршавирович,,,,,,,,,,,True,"Член СД, Генеральный директор",0.0,0.0
HNFG,Мороз Александр Евгеньевич,,,,,,,,,,,False,Член СД,0.0,0.0
HNFG,Нахапетян Гор Борисович,,,,,,,,,,,False,Член СД,0.0,0.0
HNFG,Рихтер Пауль,,,,,,,,,,,False,Член СД,0.0,0.0
HNFG,Саркисян Акоп Гургенович,,,,,,,,,,,False,Член СД,0.0,0.0
HYDR,Хмарин Виктор Викторович,,,,,,,,,,,True,Генеральный директор,0.0,0.0
HYDR,Панин Виктор Евгеньевич,,,,,,,,,,,False,Член СД,0.0,0.0
HYDR,Исаков Александр Юрьевич,,,,,,,,,,,False,Член СД,0.0,0.0
HYDR,Недотко Вадим Владиславович,,,,,,,,,,,False,Член СД,0.0,0.0
HYDR,Евграфова Елена Олеговна,,,,,,,,,,,False,Член СД,0.0,0.0
HYDR,Финкель Дмитрий Владимирович,,,,,,,,,,,False,Член СД,0.0,0.0
IRAO,Дрегваль Сергей Георгиевич,,,,,,,,,,,True,"Генеральный директор, Член СД",0.0,0.0
IRAO,Бугров Андрей Евгеньевич,N,,N,N,N,,N,N,,,False,Член СД,6.0,63.91511932854698
IRAO,Быстров Максим Сергеевич,,,,,,,,,,,False,Член СД,0.0,0.0
IRAO,Гавриленко Анатолий Анатольевич,,,,,,,,,,,False,Член СД,0.0,0.0
IRAO,Локшин Александр Маркович,,,,,,,,,,,False,Член СД,0.0,0.0
IRAO,Миловидов Владимир Дмитриевич,,,,,,,,,,,False,Член СД,0.0,0.0
IRAO,Муров Андрей Евгеньевич,,N,N,N,N,,,,,,False,Член СД,4.0,52.863394681944804
IRAO,Опадчий Фёдор Юрьевич,,,,,,,,,,,False,Член СД,0.0,0.0
IRAO,Сечин Игорь Иванович,,,,,,,,,,,False,Член СД,0.0,0.0
IRAO,Федоров Денис Владимирович,,,,,,,,,,,False,Член СД,0.0,0.0
IRAO,Шугаев Дмитрий Евгеньевич,,,,,,,,,,,False,Член СД,0.0,0.0
IVAT,Иодковский Эдмунд Феликсович,,,,,,,,,,,True,"Генеральный директор, Член СД",0.0,0.0
IVAT,Зокин Андрей Александрович,,,,,,,,,,,False,Член СД,0.0,0.0
IVAT,Терентьев Евгений Викторович,,,,,,,,,,,False,Член СД,0.0,0.0
IVAT,Черных Сергей Дмитриевич,,,,,,,,,,,False,Член СД,0.0,0.0
IVAT,Петров Виктор Александрович,,,,,,,,,,,False,Член СД,0.0,0.0
IVAT,Смирнов Максим Сергеевич,,,,,,,,,,,False,Член СД,0.0,0.0
IVAT,Батыров Ренат Рафикович,,,,,,,,,,,False,Член СД,0.0,0.0
IVAT,Манойло Андрей Федорович,,,,,,,,,,,False,Член СД,0.0,0.0
IVAT,Смирнов Павел Игоревич,,,,,,,,,,,False,Член СД,0.0,0.0
KAZT,Герасименко Александр Викторович,,,,,,,,,,,True,Генеральный директор,0.0,0.0
KAZT,Аникушин Сергей Александрович,,,,,,,,,,,False,Член СД,0.0,0.0
KAZT,Ардамаков Сергей Витальевич,,,,,,,,,,,False,Член СД,0.0,0.0
KAZT,Бобровский Сергей Викторович,,,,,,,,,,,False,Член СД,0.0,0.0
KAZT,Былинин Андрей Николаевич,N,N,N,,,,,,,,False,Член СД,3.0,45.5340497393906
KAZT,Герасименко Виктор Иванович,N,,,,,,,,,,False,Член СД,1.0,22.7670248696953
KAZT,Кудашев Виктор Николаевич,,,,,,,,,,,False,Член СД,0.0,0.0
KAZT,Кудрявцев Виктор Петрович,,,,,,,,,,,False,Член СД,0.0,0.0
KAZT,Огарков Анатолий Аркадьевич,,,,,,,,,,,False,Член СД,0.0,0.0
KAZT,Рачин Константин Геннадьевич,N,,,,,,,,,,False,Член СД,1.0,22.7670248696953
KAZT,Рыбкин Дмитрий Васильевич,N,,,,,,,,,,False,Член СД,1.0,22.7670248696953
KAZT,Туманов Сергей Александрович,,,,,,,,,,,False,Член СД,0.0,0.0
KAZT,Шульженко Юрий Григорьевич,,,,,,,,,,,False,Член СД,0.0,0.0
KZOS,Сафин Айрат Фоатович,,,,,,,,,,,True,Генеральный директор,0.0,0.0
LEAS,Мизюра Сергей Николаевич,,,,,,,,N,,,True,Генеральный директор,1.0,22.7670248696953
LENT,Сорокин Владимир Леонидович,,,,,N,N,,N,,,True,Генеральный директор,3.0,45.5340497393906
LKOH,Кочкуров Сергей Алексеевич,,,,,,,,,,,True,Генеральный директор,0.0,0.0
LSNGP,Кузьмин Игорь Анатольевич,,,,,,,,,,,True,"Генеральный директор, Член СД",0.0,0.0
LSNGP,Рюмин Андрей Валерьевич,,,,,,,,,,,False,Член СД,0.0,0.0
LSNGP,Пикин Сергей Сергеевич,,,,,,,,,,,False,Член СД,0.0,0.0
LSNGP,Мольский Алексей Валерьевич,,,,N,,,N,N,,,False,Член СД,3.0,45.5340497393906
LSNGP,Ляпунов Евгений Викторович,,,,,,,,,,,False,Член СД,0.0,0.0
LSNGP,Полинов Алексей Александрович,,,,,,,,,,,False,Член СД,0.0,0.0
LSNGP,Краинский Даниил Владимирович,,,,,,,,,,,False,Член СД,0.0,0.0
LSNGP,Протасов Станислав Дмитриевич,,,,,,,,,,,False,Член СД,0.0,0.0
LSNGP,Мельникова Светлана Анатольевна,,,,,,,,,,,False,Член СД,0.0,0.0
LSNGP,Денисов Игорь Вадимович,,,,,,,,,,,False,Член СД,0.0,0.0
LSNGP,Котвицкий Константин Валерьевич,,,,,,,,,,,False,Член СД,0.0,0.0
LSNGP,Кутыева Екатерина Валерьевна,,,,,,,,,,,False,Член СД,0.0,0.0
LSNGP,Казаев Владимир Александрович,,,,,,,,,,,False,Член СД,0.0,0.0
LSRG,Кутузов Дмитрий Владимирович,,,,N,,N,,,,,True,"Генеральный директор, Член СД",2.0,36.08488067145302
LSRG,Волчецкая Галина Александровна,,,,,,,,,,,False,Член СД,0.0,0.0
LSRG,Игнатенко Виталий Никитич,,,,,,,,,,,False,Член СД,0.0,0.0
LSRG,Кудимов Юрий Александрович,,,,,,,,,,,False,Член СД,0.0,0.0
LSRG,Левит Игорь Михайлович,,,,,,,,,,,False,Член СД,0.0,0.0
LSRG,Молчанов Егор Андреевич,,,,,,,,,,,False,Член СД,0.0,0.0
LSRG,Осипов Юрий Сергеевич,,,,,,,,,,,False,Член СД,0.0,0.0
LSRG,Шадрина Любовь Викторовна,,,,,,,,,,,False,Член СД,0.0,0.0
LSRG,Яковлев Владимир Анатольевич,,,,,,,,,,,False,Член СД,0.0,0.0
MAGN,Шиляев Павел Владимирович,,N,N,N,N,N,N,N,N,N,True,"Генеральный директор, Член СД",9.0,75.63041955164012
MAGN,Рашников Виктор Филиппович,,,,,,,,,,,False,Член СД,0.0,0.0
MAGN,Еремин Андрей Анатольевич,,,N,N,N,N,N,N,N,N,False,Член СД,8.0,72.16976134290604
MAGN,Исмаилов Рашид Рустам оглы,,,,,,,,,,,False,Член СД,0.0,0.0
MAGN,Марцинович Валерий Ярославович,,,,,,,,,,,False,Член СД,0.0,0.0
MAGN,Морган Ральф Таваколян,,,,,,,,,,,False,Член СД,0.0,0.0
MAGN,Наумова Ольга Валерьевна,,,,,,,,,,,False,Член СД,0.0,0.0
MAGN,Осеевский Михаил Эдуардович,,,N,,,,,,,,False,Член СД,1.0,22.7670248696953
MAGN,Рашникова Ольга Викторовна,,,,,,,,,,,False,Член СД,0.0,0.0
MAGN,Ушаков Сергей Николаевич,,N,,,,,N,N,,,False,Член СД,3.0,45.5340497393906
MBNK,Иссопов Эдуард Александрович,,,,,,,,,,,True,Председатель правления,0.0,0.0
MDMG,Курцер Марк Аркадьевич,,,,,,N,N,,,,True,"Генеральный директор, Член СД",2.0,36.08488067145302
MDMG,Калугин Сергей Борисович,N,N,,,,,,,,,False,Член СД,2.0,36.08488067145302
MDMG,Кудимов Юрий Александрович,,,,,,,,,,,False,Член СД,0.0,0.0
MDMG,Лукина Татьяна Борисовна,,,,,,,,,,,False,Член СД,0.0,0.0
MDMG,Меклер Владимир Александрович,,,,,,,,,,,False,Член СД,0.0,0.0
MDMG,Устименко Виталий Александрович,,,,,,,,,N,N,False,Член СД,2.0,36.08488067145302
MGNT,Dmitry Ivanov,,,,,,,N,N,,,False,Director of Finance/CFO,2.0,36.08488067145302
MGNT,Yuri Misnik,,,,,,,,,,,False,Chief Tech/Sci/R&D Officer,0.0,0.0
MGNT,Andrey Bodrov,,,,,,,,,,,False,Chief Investment Officer,0.0,0.0
MGNT,Meleshina Anna Yurievna,,,,,,,N,,,,False,Corporate Officer/Principal | Director/Board Member,1.0,22.7670248696953
MGNT,Bobrova Anna Nikolayevna,,,,,,N,N,N,,,False,Human Resources Officer | Director/Board Member,3.0,45.5340497393906
MGNT,Buylov Sergey Yurievich,,,,,,,,,,,False,Director/Board Member,0.0,0.0
MGNT,Vitikhovich M. Viktorovna,,,,,,,,,,,False,Director/Board Member,0.0,0.0
MGNT,Dulichenko Natalia Anatoliyevna,,,,,,,,,,,False,Director/Board Member,0.0,0.0
MGNT,Ilya Igorevich Sokolov,,,,,,,,,,,False,Director/Board Member,0.0,0.0
MGTSP,Виктор Леонидович Белов,,,,,,N,N,,,,False,Director/Board Member | председатель СД,2.0,36.08488067145302
MGTSP,Лариса Владимировна Бодягина,,,,,,,,,N,,False,Director/Board Member,1.0,22.7670248696953
MGTSP,Инеса Галактионова,,,,,,,,,,,False,Director/Board Member,0.0,0.0
MGTSP,Альберт Тимурович Гильманов,,,,,,,,,,,True,генеральный директор,0.0,0.0
MGTSP,Александр Сергеевич Дмитриев,,,,,,,N,,,N,False,Director/Board Member,2.0,36.08488067145302
MGTSP,Роман Валерьевич Райков,,,,,,,,,,,False,Director/Board Member,0.0,0.0
MGTSP,Дмитрий Николаевич Рылов,,,,,,,,,,,False,Director/Board Member,0.0,0.0
MGTSP,Ирина Владимировна Карева,,N,,,,,,,,,False,финансовый директор,1.0,22.7670248696953
MOEX,Yuriy Denisov,,,,,N,N,N,,,,True,Chief Executive Officer,3.0,45.5340497393906
MOEX,Andrei Selyuk,,,,,,,,,,,False,Director of Finance/CFO,0.0,0.0
MOEX,Olga Vyacheslavovna Melentyeva,,,,,,,,,,,False,Comptroller/Controller/Auditor,0.0,0.0
MOEX,Andrey Burilov,,,,,,,N,,,,False,Chief Tech/Sci/R&D Officer,1.0,22.7670248696953
MOEX,Aleksandr Mikhailovich Kamenskiy,N,N,W,N,N,N,N,,N,N,False,Corporate Secretary,10.0,78.76096569652562
MOEX,Dmitry Shcheglov,,,,,N,N,,,,,False,Chief Operating Officer,2.0,36.08488067145302
MOEX,Anton Vladimirovich Terentiev,,,,,,N,N,,,,False,Investor Relations Contact,2.0,36.08488067145302
MOEX,Sergey Anatolyevich Shvetsov,,,,,,,,,,,False,Chairman,0.0,0.0
MOEX,Aleksandr Vadimovich Izosimov,,,,,,,N,,,,False,Director/Board Member,1.0,22.7670248696953
MOEX,Bella Zlatkis,,,,N,N,N,,,,,False,Director/Board Member,3.0,45.5340497393906
MOEX,Paul Anne F Bodart,,,,,,,,,,,False,Director/Board Member,0.0,0.0
MOEX,Ramón Morales Adarraga,,,,,,,,,,,False,Director/Board Member,0.0,0.0
MOEX,Sergey Lykov,,,,,,,,,,,False,Director/Board Member,0.0,0.0
MOEX,Valery Pavlovich Goreglyad,,,,,,,,,,,False,Director/Board Member,0.0,0.0
MRKC,Igor Vladimirovich Makovsky,,,,,,,,,,,True,Chief Executive Officer | Director/Board Member,0.0,0.0
MRKC,Artem Gennadievich Aleshin,,,,,,,,,,,False,Director of Finance/CFO,0.0,0.0
MRKC,Andrey Yuryevich Zemskov,,,,,,,,,,,False,Chief Investment Officer,0.0,0.0
MRKC,Sergey Aleksandrovich Ternikov,,,,,,,,,,,False,Investor Relations Contact,0.0,0.0
MRKC,Yuliya Sharkova,,,,,,,,,,,False,Corporate Officer/Principal,0.0,0.0
MRKC,Maxim Mikhailovich Saukh,,,,,,,,,,,False,Director/Board Member,0.0,0.0
MRKC,Aleksander V. Shevchuk,,,,,,,,,,,False,Director/Board Member,0.0,0.0
MRKC,Alexander Viktorovich Golovtsov,,,,,,,,,,,False,Director/Board Member,0.0,0.0
MRKC,Vitaly Yuryevich Zarkhin,,,,,,,,,,,False,Director/Board Member,0.0,0.0
MRKC,Larisa Anatolyevna Romanovskaya,,,,,,,,,,,False,Director/Board Member,0.0,0.0
MRKC,Andrey Logatkin,,,,,,,,,,,False,Director/Board Member,0.0,0.0
MRKC,Dmitry Alexandrovich Chevkin,,,,,,,,,,,False,Director/Board Member,0.0,0.0
MRKC,Aleksander Viktorovich Varvarin,,,,,,,,,,,False,Director/Board Member,0.0,0.0
MRKC,Alexander Ivanovich Kazakov,,,,,,,,,,,False,Director/Board Member,0.0,0.0
MRKP,Igor Vladimirovich Makovsky,,,,,,,,,,,True,Chief Executive Officer,0.0,0.0
MRKP,Alexandrovich T. Sergey,,,,,,,,,,,False,Investor Relations Contact,0.0,0.0
MRKP,Sergey Vladimirovich Khlusov,,,,,,,,,,,False,Corporate Officer/Principal,0.0,0.0
MRKP,Oleg Romanovich Fedorov,,,,,,,,,,,False,Director/Board Member,0.0,0.0
MRKP,Andrey Vladimirovich Morozov,,,,,,,,,,,False,Director/Board Member,0.0,0.0
MRKP,Vitaly Yuryevich Zarkhin,,,,,,,,,,,False,Director/Board Member,0.0,0.0
MRKU,Даниил Владимирович Краинский,,,,,,,,,,,False,Председатель совета директоров ПАО «Россети Урал»,0.0,0.0
MRKU,Елена Викторовна Андреева,,,,,,,,,,,False,Член совета директоров,0.0,0.0
MRKU,Михаил Александрович Бычко,,,,,,,,,,,False,Член совета директоров,0.0,0.0
MRKU,Марина Александровна Лаврова,,,,,,,,,,,False,Член совета директоров,0.0,0.0
MRKU,Алексей Александрович Полинов,,,,,,,,,,,False,Член совета директоров,0.0,0.0
MRKU,Мария Геннадьевна Тихонова,,N,N,N,N,N,N,N,N,N,False,Член совета директоров,9.0,75.63041955164012
MRKU,Дмитрий Александрович Воденников,,,,,,,,,,,True,"Генеральный директор, председатель правления, член совета директоров",0.0,0.0
MRKU,Александр Викторович Шевчук,,,,,,,,,,,False,"Член совета директоров, независимый директор",0.0,0.0
MRKU,Павел Валерьевич Родин,,,,,,,,,,,False,Член совета директоров,0.0,0.0
MRKU,Карина Владимировна Дашко,,,,,,,,N,N,,False,Член совета директоров,2.0,36.08488067145302
MRKU,Алексей Вячеславович Коптев,,,,,,,,,,,False,Член совета директоров,0.0,0.0
MRKU,Владимир Александрович Рябушев,,,,,,,,,,,False,"Первый заместитель генерального директора — главный инженер, заместитель председателя правления",0.0,0.0
MRKU,Алексей Владимирович Санин,,,,,,,,,,,False,"Заместитель генерального директора по правовому и корпоративному управлению, член правления",0.0,0.0
MRKU,Сергей Владимирович Попов,,,,,,,,,,,False,"Заместитель генерального директора по реализации услуг, член правления",0.0,0.0
MRKU,Ольга Вячеславовна Очередько,,,,,,,,,,,False,"Заместитель генерального директора по экономике и финансам, член правления",0.0,0.0
MRKV,Alexander Ilyich Gavrilov,,,,,,,,,,,True,Chief Executive Officer | Director/Board Member,0.0,0.0
MRKV,Irina Yurievna Puchkova,,,,,,,,,,,False,Director of Finance/CFO,0.0,0.0
MRKV,Oleg Grigoryevich Pavlov,,,,,,,,,,,False,Chief Tech/Sci/R&D Officer,0.0,0.0
MRKV,Dmitriy Lvovich Zaretsky,,,,,,,,,,,False,Chief Investment Officer,0.0,0.0
MRKV,Yulia Gennadyevna Burtseva,,,,,,,,,,,False,Investor Relations Contact,0.0,0.0
MRKV,Aleksander V. Shevchuk,,,,,,,,,,,False,Director/Board Member,0.0,0.0
MRKV,Maria Tikhonova,,N,N,N,N,N,N,N,N,N,False,Director/Board Member,9.0,75.63041955164012
MRKV,Konstantin Valeryevich Kravchenko,,,,,,,,,,,False,Director/Board Member,0.0,0.0
MRKV,Alexander Ivanovich Kazakov,,,,,,,,,,,False,Director/Board Member,0.0,0.0
MRKV,Alexander Golovtsov,,,,,,,,,,,False,Director/Board Member,0.0,0.0
MRKV,Andrey P. Tulba,,,,,,,,,,,False,Director/Board Member,0.0,0.0
MRKV,Yuri Goncharov,,,,N,,,,,,,False,Director/Board Member,1.0,22.7670248696953
MRKV,Aleksey Molskiy,,,,,,,,,,,False,Director/Board Member,0.0,0.0
MRKV,Leonid Yuryevich Akimov,,,,,,,,,,,False,Director/Board Member,0.0,0.0
MRKZ,Алексей Александрович Полинов,,,,,,,,,,,False,Председатель совета директоров,0.0,0.0
MRKZ,Артем Геннадьевич Алешин,,,,,,,,,,,False,Член совета директоров,0.0,0.0
MRKZ,Василий Васильевич Вычегжанин,,,,,,,,,,,False,Член совета директоров,0.0,0.0
MRKZ,Александр Юрьевич Корнеев,,,,,,,,,,,False,Член совета директоров,0.0,0.0
MRKZ,Андрей Владимирович Морозов,,,,,,,,,,,False,Член совета директоров,0.0,0.0
MRKZ,Сергей Сергеевич Пикин,,,,,,,,,,,False,Член совета директоров,0.0,0.0
MRKZ,Мария Геннадьевна Тихонова,,N,N,N,N,N,N,N,N,N,False,Член совета директоров,9.0,75.63041955164012
MRKZ,Вячеслав Юрьевич Торсунов,,,,,,,,,,,True,"Генеральный директор, председатель правления, член совета директоров",0.0,0.0
MRKZ,Олег Романович Федоров,,,,,,,,,,,False,Член совета директоров,0.0,0.0
MRKZ,Владимир Вячеславович Харитонов,,,,,,,,,,,False,Член совета директоров,0.0,0.0
MRKZ,Александр Викторович Шевчук,,,,,,,,,,,False,Член совета директоров,0.0,0.0
MRKZ,Денис Владимирович Ягодка,,,,,,,,,,,False,"Первый заместитель генерального директора — главный инженер, член правления",0.0,0.0
MRKZ,Светлана Валерьевна Филатова,,,,,,,,,,,False,"Член правления, заместитель генерального директора по развитию и реализации услуг",0.0,0.0
MRKZ,Карина Андреевна Аганова,,,,,,,,,,,False,"Заместитель генерального директора по развитию дополнительных услуг, член правления",0.0,0.0
MRKZ,Анна Владимировна Изотова,,,,,,,,,,,False,"Заместитель генерального директора по правовому обеспечению и корпоративному управлению, член правления",0.0,0.0
MRKZ,Сергей Владимирович Климов,,,,,,,,,,,False,"Заместитель генерального директора по капитальному строительству и инвестиционной деятельности, член правления",0.0,0.0
MSNG,Aleksandr Aleksandrovich Butko,,,,,,,,N,N,,True,Chief Executive Officer | Director/Board Member,2.0,36.08488067145302
MSNG,Denis Sergeyevich Voronchikhin,,,,,,,,,,,False,Investor Relations Contact,0.0,0.0
MSNG,Alexander Alekseevich Afanasiev,,,,,,,,,N,,False,Human Resources Officer,1.0,22.7670248696953
MSNG,Elena Yuryevna Novenkova,,,,,,,,,,,False,Corporate Officer/Principal,0.0,0.0
MSNG,Anna Alexandrovna Efimova,N,,,,,,,,,,False,General Counsel,1.0,22.7670248696953
MSNG,Denis Fedorov,,,,,,,,,,,False,Director/Board Member,0.0,0.0
MSNG,Elena Mikhailova,,,,,,,,,,,False,Chairman,0.0,0.0
MSNG,Aleksandr Sergeevich Ivannikov,,,,,,,,,,,False,Director/Board Member,0.0,0.0
MSNG,Vitaly Markelov,,,,,,,,,,,False,Chairman,0.0,0.0
MSNG,Konstantin Vasilyevich Komissarov,,,,,,,,,,,False,Director/Board Member,0.0,0.0
MSNG,Gennady Sukhov,,,,,,,,,,,False,Director/Board Member,0.0,0.0
MSNG,Andrey Nikolaevich Tabelskiy,,,,,,,,,,,False,Director/Board Member,0.0,0.0
MSNG,Andrey Viktorovich Khorev,,,,,,,,,,,False,Director/Board Member,0.0,0.0
MSNG,Pavel Olegovich Shatsky,,,,,,,,,,,False,Director/Board Member,0.0,0.0
MSRS,Peter Alekseevich Sinyutin,,,,,,,,,,,True,Chief Executive Officer | Director/Board Member,0.0,0.0
MSRS,Vladimir Yurievich Myasnikov,,,,,,,,,,,False,Director of Finance/CFO,0.0,0.0
MSRS,Vsevolod Evgenyevich Ivanov,,,,,,,,,,,False,Chief Tech/Sci/R&D Officer,0.0,0.0
MSRS,Irina Alekhina,,,,,,,,,,,False,Investor Relations Contact,0.0,0.0
MSRS,Lilia Ivanovna Shelest,,,,,,,,,,,False,Human Resources Officer,0.0,0.0
MSRS,Anatoliy Gavrilenko,,,,,,,,,,,False,Director/Board Member,0.0,0.0
MSRS,Aleksey Viktorovich Nuzhdov,,,,,,,,,,,False,Director/Board Member,0.0,0.0
MSRS,Sergey Alexandrovich Nikitin,,,,,,,,,,,False,Director/Board Member,0.0,0.0
MSRS,Sergey Valentinovich Grischenko,,,,,,,,,,,False,Director/Board Member,0.0,0.0
MSRS,Yevgeniy Logovinskiy,,,,,,,,,,,False,Director/Board Member,0.0,0.0
MSRS,Olga Andreevna Sergeeva,,,,,,,,,,,False,Director/Board Member,0.0,0.0
MSRS,Gasan Gizbullagovich Gasangadzhiev,,,,,,,,,,,False,Director/Board Member,0.0,0.0
MSRS,Yuri Goncharov,,,,N,,,,,,,False,Director/Board Member,1.0,22.7670248696953
MSRS,Larisa Anatolyevna Romanovskaya,,,,,,,,,,,False,Director/Board Member,0.0,0.0
MTLR,Igor Valeryevich Khafizov,,,,,,,,,,,True,Chief Executive Officer,0.0,0.0
MTLR,Alexey Lukashov,,,,,,,,,,,False,Investor Relations Contact,0.0,0.0
MTLR,Alexey Viktorovich Lebedev,N,N,N,N,N,,N,,,,False,Chief Operating Officer,6.0,63.91511932854698
MTLR,Dmitry S. Voytkus,,,,,,,,,,,False,Comptroller/Controller/Auditor,0.0,0.0
MTLR,Ekaterina Silayeva,,,,,,,,,,,False,Human Resources Officer,0.0,0.0
MTSS,Vyacheslav Nikolayev,,,N,N,N,N,N,N,N,,True,Chief Executive Officer | Director/Board Member,7.0,68.3010746090859
MTSS,Alexey Katunin,,,,,,,,,,N,False,Director of Finance/CFO,1.0,22.7670248696953
MTSS,Pavel Voronin,,,,,,,,,N,N,False,Chief Tech/Sci/R&D Officer,2.0,36.08488067145302
MTSS,Polina Ugryumova,,,,,,N,W,N,,,False,Investor Relations Contact,4.0,52.863394681944804
MTSS,Ruslan Sultanovich Ibragimov,N,N,W,N,N,N,N,N,,,False,General Counsel,9.0,75.63041955164012
MTSS,Regina von Flemming,,,,,,,,,,,False,Director/Board Member,0.0,0.0
MTSS,Artem I. Zassoursky,,,,,,,,,,,False,Director/Board Member,0.0,0.0
MTSS,Valentin Yumashev,,,,,,,,,,,False,Director/Board Member,0.0,0.0
MTSS,Nadia Shouraboura,,,,,,,,,,,False,Director/Board Member,0.0,0.0
MTSS,Paul Berriman,,,,,,,,,,,False,Director/Board Member,0.0,0.0
MVID,Феликс Григорьевич Либ,,,,,,,,N,N,N,False,"Председатель совета директоров, член совета директоров",3.0,45.5340497393906
MVID,Денис Владимирович Голышев,,,,,,,,,,,False,Член совета директоров,0.0,0.0
MVID,Йоханнес Мария Толай,,,,,,,,,,,False,Член совета директоров,0.0,0.0
MVID,Степан Борисович Кузнецов,,,,,,,,,,,False,Член совета директоров,0.0,0.0
MVID,Анатолий Викторович Мохов,,,,,,,,,,,False,Член совета директоров,0.0,0.0
MVID,Дмитрий Игоревич Пылев,,,,,,,,,,,False,Член совета директоров,0.0,0.0
MVID,Роман Стенцель / Roman Stenzel,,,,,,,,,,,False,Член совета директоров,0.0,0.0
MVID,Билан Абдурахимович Ужахов,,,,,,,,,,,False,Член совета директоров,0.0,0.0
MVID,Евгений Александрович Щепелин,,,,,,,,,,,False,Член совета директоров,0.0,0.0
MVID,Владислав Сергеевич Бакальчук,,,,,,,,,,,True,Генеральный директор,0.0,0.0
MVID,Екатерина Ярина,,,,,,,N,N,N,N,False,Финансовый директор,4.0,52.863394681944804
MVID,Андрей Скачек,,,,,,,,,,,False,Директор по маркетингу,0.0,0.0
MVID,Владислав Ушаков,,,,,,,,,,,False,Директор по розничным продажам,0.0,0.0
MVID,Карен Ашрафян,,,,,,,,,,,False,Директор по развитию маркетплейса,0.0,0.0
MVID,Сергей Ануфриев,,,,,,,,,,,False,Директор по проектам,0.0,0.0
NKHP,Aleksey Vladimirovich Chemerichko,,,,,,,,,,,True,Chief Executive Officer,0.0,0.0
NKHP,Yuriy Alekseevich Medvedev,,,,,,,,,,,False,Director of Finance/CFO,0.0,0.0
NKHP,Yevgeniy Sutchenko,,,,,,,,,,,False,Corporate Officer/Principal,0.0,0.0
NKHP,Olga Vladimirovna Vodzinskaya,,,,,,,,,,,False,Comptroller/Controller/Auditor,0.0,0.0
NKHP,Ivan Akhmedovich Chepovoy,,,,,,,,,,,False,Director/Board Member,0.0,0.0
NKHP,Ksenia Bolomatova,,,,,,,,,,,False,Director/Board Member,0.0,0.0
NKHP,Oleg Soldatenkov,,,,,,,,,,,False,Director/Board Member,0.0,0.0
NKHP,Ryashit Akzhigitov,,,,,,,,,,,False,Director/Board Member,0.0,0.0
NKHP,Maxim Gruzinov,,,,,,,,,,,False,Director/Board Member,0.0,0.0
NKHP,Roman Kron,,,,,,,,,,,False,Director/Board Member,0.0,0.0
NKNC,Игорь Георгиевич Климов,,,,,,,,,,,False,Председатель совета директоров; член совета директоров,0.0,0.0
NKNC,Марат Инилович Фаляхов,,,,,,,,,,,True,Генеральный директор; член совета директоров,0.0,0.0
NKNC,Дарья Юрьевна Борисова,,,,,,,,,,,False,Член совета директоров,0.0,0.0
NKNC,Денис Владимирович Голенков,,,,,,,,,,,False,Член совета директоров,0.0,0.0
NKNC,Сергей Викторович Гринько,,,,,,,,,,,False,Член совета директоров,0.0,0.0
NKNC,Сергей Николаевич Лукичев,,,,,,,,,,,False,Член совета директоров,0.0,0.0
NKNC,Олег Иванович Макаров,,,,,,,,,,,False,Член совета директоров,0.0,0.0
NKNC,Марина Владимировна Медведева,,,N,N,N,W,N,N,N,W,False,Член совета директоров,10.0,78.76096569652562
NKNC,Василий Петрович Номоконов,,,,,,,,,,,False,Член совета директоров,0.0,0.0
NKNC,Александр Анатольевич Петров,,N,N,N,N,N,N,,,,False,Член совета директоров,6.0,63.91511932854698
NKNC,Артур Гиззатуллин,,,,,,,,,,,False,"Первый заместитель генерального директора, главный инженер",0.0,0.0
NKNC,Петр Орлов,,,,,,,,,,,False,Заместитель генерального директора по капитальному строительству,0.0,0.0
NLMK,Sergey Karataev,N,,N,,,,N,,,,True,Chief Executive Officer,3.0,45.5340497393906
NLMK,Nikolay Ivanov,N,N,N,N,N,N,N,N,,,False,Director of Finance/CFO,8.0,72.16976134290604
NLMK,Dmitry Kholkin,,,,,,,,N,,,False,Chief Tech/Sci/R&D Officer,1.0,22.7670248696953
NLMK,Ben de Vos,,,,,,,,,,,False,Chief Operating Officer,0.0,0.0
NLMK,Irene Spitzberg,,,,,,,,,,,False,Chief Tech/Sci/R&D Officer,0.0,0.0
NLMK,Vladimir Lisin,,,,,,,,,,,False,Chairman,0.0,0.0
NLMK,Nikolai Alexeevich Gagarin,,,,,,,,,,,False,Director/Board Member,0.0,0.0
NLMK,Oleg Bagrin,,,N,N,,,,,,,False,Director/Board Member,2.0,36.08488067145302
NLMK,Stanislav Shekshnia,,,,,,,,,,,False,Director/Board Member,0.0,0.0
NLMK,Veraszto M. Thomas,,,,,,,,,,,False,Director/Board Member,0.0,0.0
NLMK,Joachim Otto Jacob Limberg,,,,,,,,,,,False,Director/Board Member,0.0,0.0
NMTP,Киреев Сергей Георгиевич,,,,,,,,,,,True,Генеральный директор,0.0,0.0
NMTP,Шабанов Тимур Кайсерович,,,,,,,,,,,False,Главный инженер,0.0,0.0
NMTP,Леписткин Владимир Викторович,,,,,,,,,,,False,Заместитель генерального директора по безопасности - начальник управления безопасности,0.0,0.0
NMTP,Ларин Вадим Михайлович,,,,,,,,,,,False,Заместитель генерального директора - руководитель коммерческой дирекции,0.0,0.0
NVTK,Михельсон Леонид Викторович,N,,,,,,,,,,True,Генеральный директор | Член СД,1.0,22.7670248696953
NVTK,Лев Феодосьев,,,,,,,,,,,False,Член СД,0.0,0.0
NVTK,Валерий Крюков,,,,,,,,,,,False,Член СД,0.0,0.0
NVTK,Виктор Нестеренко,,,,,,,,,,,False,Член СД,0.0,0.0
NVTK,Алексей Орел,,,,,,,,,,,False,Член СД,0.0,0.0
NVTK,Ирина Гайда,,,,,,,,,,,False,Член СД,0.0,0.0
NVTK,Эммануэль Кид,,,,,,,,,,,False,Член СД,0.0,0.0
NVTK,Андрей Акимов,N,,,,,,,,,,False,Член СД,1.0,22.7670248696953
NVTK,Александр Наталенко,,,,,,,,,,,False,председатель совета директоров,0.0,0.0
OGKB,Семиколенов Артем Викторович,,,,,,,,,,,True,Генеральный директор (управляющий директор) | исполнительный,0.0,0.0
OGKB,Абдуллин Роман Эдуардович,,,,,,,,,,,False,неисполнительный,0.0,0.0
OGKB,Бикмурзин Альберт Фяритович,,,,,,N,N,,,,False,неисполнительный,2.0,36.08488067145302
OGKB,Рогалев Николай Дмитриевич,,,,,,,,,,,False,независимый,0.0,0.0
OGKB,Земляной Евгений Николаевич,,,,,,,,,,,False,неисполнительный,0.0,0.0
OGKB,Коробкина Ирина Юрьевна,,,,,,,,,,,False,неисполнительный,0.0,0.0
OGKB,Зайцев Сергей Артурович,,,,,,,,,,,False,неисполнительный,0.0,0.0
OGKB,Пятницев Валерий Геннадьевич,,,,,,,,,,,False,независимый,0.0,0.0
OGKB,Рогов Александр Владимирович,,,,,,,,,,,False,неисполнительный,0.0,0.0
OGKB,Шацкий Павел Олегович,,,,,,,,,,,False,неисполнительный,0.0,0.0
OGKB,Куликов Денис Викторович,,,,,,,,,,,False,независимый,0.0,0.0
OGKB,Дмитриев Андрей Игоревич,,,,,,,,,,,False,неисполнительный,0.0,0.0
OKEY,Андрей Кришнев,,,,,,N,,,,,True,Генеральный директор,1.0,22.7670248696953
OKEY,DMITRIY TROITSKIY,,,,,,,,,,,False,Non-executive Director,0.0,0.0
OKEY,BORIS VOLCHEK,,,,,,,,,,,False,Non-executive Director,0.0,0.0
OKEY,DMITRIY KORZHEV,,,,,,,,,,,False,Non-executive Director,0.0,0.0
OKEY,KONSTANTIN ARABIDIS,,,,,,,,,,,False,Independent Director,0.0,0.0
OKEY,ILYA ILIN,,,,,,,,,,,False,Non-executive Director,0.0,0.0
OZON,Герасимов Игорь Владиславович,,,,,,,N,,,,False,Исполнительный директор,1.0,22.7670248696953
OZPH,Олег Эдуардович Минаков,,,,,,,,,,,False,Генеральный директор. член СД,0.0,0.0
OZPH,Галина Кремер,,,,,,,,,,,False,Директор по финансам. член СД,0.0,0.0
OZPH,Павел Грядунов,,,,,,,,,,,False,Директор по стратегии. член СД,0.0,0.0
OZPH,Базов Антон,,,,,,,,,,,False,Директор по информационному обеспечению,0.0,0.0
OZPH,Артем Бездухов,,,,,,,,,,,False,Директор по персоналу,0.0,0.0
OZPH,Андрей Горшков,,,,,,,,,,,False,Директор по экспорту и управлению брендовым портфелем. член СД,0.0,0.0
OZPH,Ольга Ларина,,,,,,,,,,,False,Коммерческий директор. член СД,0.0,0.0
OZPH,Евгения Тетерина,,,,,,,,,,,False,Директор по качеству,0.0,0.0
OZPH,Мария Ульянова,,,,,,,,,,,False,Директор по развитию. член СД,0.0,0.0
OZPH,Дмитрий Коваленко,,,,,,,,N,,,False,Директор по связям с инвесторами,1.0,22.7670248696953
OZPH,Анатолий Хавкин,,,,,,,,,,,False,Директор по логистике,0.0,0.0
OZPH,Павел Алексенко,,,,,,,,,,,False,председатель совета директоров,0.0,0.0
OZPH,Рустем Терегулов,,,,,,,,,,,False,"Член СД, независимый директор",0.0,0.0
OZPH,Сергей Тахиев,,,,,,,,,,,False,"Член СД, независимый директор",0.0,0.0
OZPH,Наталья Андреева,,,,,,,,,,,False,"Член СД, независимый директор",0.0,0.0
OZPH,Дилшод Абдурасулов,,,,,,,,,,,False,"Член СД, исполнительный директор",0.0,0.0
PHOR,Гильгенберг Александр Александрович,,,,,,,,,,,True,генеральный директор,0.0,0.0
PHOR,Круговых Юрий Николаевич,,,,,,,,,,,False,первый заместитель генерального директора; заместитель генерального директора по информационной политике,0.0,0.0
PHOR,Пронин Сергей Александрович,,,,,,,,,,,False,первый заместитель генерального директора,0.0,0.0
PHOR,Шарабайко Александр Федорович,,N,,,,,,,,,False,заместитель генерального директора по финансам и международным проектам,1.0,22.7670248696953
PHOR,Сиротенко Алексей Александрович,N,,,,,,N,,,,False,член Правления; заместитель генерального директора по корпоративным и правовым вопросам; директор по правовым вопросам,2.0,36.08488067145302
PHOR,Федоров Валерий Иванович,N,N,N,,N,,,,,,False,заместитель генерального директора; советник генерального директора,4.0,52.863394681944804
PHOR,Стеркин Михаил Владимирович,,,,,,,N,,,,False,заместитель генерального директора по маркетингу,1.0,22.7670248696953
PHOR,Селезнев Александр Евгеньевич,,,,,,,,,,,False,руководитель аппарата генерального директора,0.0,0.0
PHOR,Левин Борис Владимирович,,,,,,,,,,,False,директор по научно-технологическим партнёрствам; советник генерального директора,0.0,0.0
PHOR,Новиков Денис Федорович,,,,,,,,,,,True,генеральный директор,0.0,0.0
PHOR,Давыденко Владимир Васильевич,,,,,,,,,,,False,"директор по техническому развитию, капитальному строительству и ремонтам",0.0,0.0
PHOR,Абрашитов Андрей Юрьевич,,,,,,,,,,,False,директор филиала,0.0,0.0
PHOR,Грибков Алексей Борисович,,,,,,,,,,,False,директор по производственному комплексу,0.0,0.0
PHOR,Николаев Антон Анатольевич,,,,,,,,,,,False,директор филиала,0.0,0.0
PHOR,Иванов Алексей Юрьевич,,,,,,,,,,,False,директор филиала,0.0,0.0
PHOR,Вовк Андрей Михайлович,,,,,,,,,,,True,генеральный директор,0.0,0.0
PHOR,Лобанов Сергей Андреевич,,,,,,,,,,,True,генеральный директор,0.0,0.0
PIKK,Сергей Мруз,,,,,,,,,,,False,председатель совета директоров; заместитель генерального директора; управляющий директор по цифровизации,0.0,0.0
PIKK,Ерванд Карапетян,,,,,,,,,,,True,член совета директоров; генеральный директор,0.0,0.0
PIKK,Кирилл Таченников,,,,,,,,,,,False,член совета директоров; глава исследований,0.0,0.0
PIKK,Владимир Заболоцкий,,,,,,,,,,,False,член совета директоров; финансовый директор,0.0,0.0
PIKK,Илья Юферев,,,,,,,,,,,False,член совета директоров; председатель наблюдательного совета,0.0,0.0
PIKK,Иван Поландов,,,,,,,,,,,True,генеральный директор,0.0,0.0
PIKK,Сергей Гордеев,,,,,,,N,,,,False,член совета директоров; президент,1.0,22.7670248696953
PIKK,Илья Баландин,,,,,,,,,,,False,член совета директоров; директор департамента венчурных инвестиций,0.0,0.0
PIKK,Юрий Ильин,,,N,,,N,N,N,N,,False,член совета директоров; вице-президент по рынкам капитала и корпоративным финансам,5.0,58.85190554114832
PIKK,Дмитрий Тимофеев,,,,,,,,,,,False,член совета директоров; вице-президент по работе с органами государственной власти и корпоративным отношениям,0.0,0.0
PIKK,Алексей Карпенко,,,,,,,,,,,False,член совета директоров,0.0,0.0
PIKK,Алексей Бланин,,,,,,,,,,,False,независимый член совета директоров,0.0,0.0
PIKK,Зумруд Рустамова,,,,,,,,,,,False,независимый член совета директоров,0.0,0.0
PIKK,Джулиан М. Симмондс,,,,,,,,,,,False,независимый член совета директоров,0.0,0.0
PIKK,Грегор Уильям Моват,,,,,,,,,,,False,независимый член совета директоров,0.0,0.0
PLZL,Михаил Гордин,,,,,,,,,,,False,независимый член совета директоров; ректор,0.0,0.0
PLZL,Дмитрий Оленьков,,,,,,,,,,,False,независимый член совета директоров; заместитель директора департамента листинга и первичного рынка; советник генерального директора по работе с эмитентами,0.0,0.0
PLZL,Андрей Скорочкин,,,,,,,,,,,False,независимый член совета директоров; руководитель консалтингового подразделения,0.0,0.0
PLZL,Алексей Востоков,,,,,,,,,N,N,True,член совета директоров; генеральный директор,2.0,36.08488067145302
PLZL,Владимир Полин,,,,,,,,,,,False,член совета директоров; старший вице-президент по операционной деятельности,0.0,0.0
POLY,HE Abdulsalam Al Murshidi,,,,,,,,,,,False,Chair,0.0,0.0
POLY,Omar Bahram,,,,,,,,,,,False,Vice-Chair,0.0,0.0
POLY,Vitaly Nesis,N,N,N,N,N,N,N,N,,,True,Chief Executive Officer,8.0,72.16976134290604
POLY,Evgueni Konovalenko,,,,,,,,,,,False,Senior Independent Non-Executive Director,0.0,0.0
POLY,Richard Sharko,,,,,,,,,,,False,Independent Non-Executive Director,0.0,0.0
POLY,Janat Berdalina,,,,,,,,,,,False,Independent Non-Executive Director,0.0,0.0
POLY,Pascale Jeannin Perez,,,,,,,,,,,False,Independent Non-Executive Director,0.0,0.0
POLY,Steven Dashevsky,,,,,,,,,,,False,Independent Non-Executive Director,0.0,0.0
POSI,Денис Сергеевич Баранов,,,,,,,,,N,N,True,Генеральный директор | член совета директоров,2.0,36.08488067145302
POSI,Алексей Вячеславович Андреев,,,,,,,,,,,False,член совета директоров,0.0,0.0
POSI,Евгений Вячеславович Киреев,,,,,,,,,,,False,член совета директоров,0.0,0.0
POSI,Денис Иванович Кораблев,,,,,,,,,,,False,член совета директоров,0.0,0.0
POSI,Андрей Игоревич Кузин,,,,,,,,,,,False,член совета директоров,0.0,0.0
POSI,Дмитрий Владимирович Пухов,,,,,,,,,,,False,член совета директоров,0.0,0.0
POSI,Даниил Александрович Рыбак,,,,,,,,,,,False,член совета директоров,0.0,0.0
POSI,Карина Суреновна Саркисян,,,,,,,,,,,False,член совета директоров,0.0,0.0
POSI,Максим Георгиевич Филиппов,,,,,,,,,,,False,член совета директоров,0.0,0.0
PRMD,Александр Игоревич Ефремов,,,,,,,,,,,True,Генеральный директор | член совета директоров,0.0,0.0
PRMD,Пётр Белый,,,,,,,,N,,,False,председатель совета директоров,1.0,22.7670248696953
PRMD,Кирилл Рубинский,,,,,,,,,,,False,независимый член совета директоров,0.0,0.0
PRMD,Игорь Маев,,,,,,,,,,,False,независимый член совета директоров,0.0,0.0
PRMD,Деян Йованович,,,,,,,,,,,False,независимый член совета директоров,0.0,0.0
PRMD,Юрий Литвищенко,,,,,,,,,,,False,независимый член совета директоров,0.0,0.0
PRMD,Михаил Малиновский,,,,,,,,,,,False,неисполнительный член совета директоров,0.0,0.0
PRMD,Юрий Троянкин,,,,,,,,,,,False,член совета директоров,0.0,0.0
PRMD,Кира Заславская,,,,,,,,,,,False,член совета директоров,0.0,0.0
RASP,Владимир Федорович Мельниченко,,,,,,,,,,,True,Генеральный директор,0.0,0.0
RASP,Марат Атнашев,,,N,N,,,,,,,False,член совета директоров; директор по управлению активами,2.0,36.08488067145302
RASP,Игорь Богачев,,,,,,,,,,,True,независимый член совета директоров; генеральный директор,0.0,0.0
RASP,Андрей Давыдов,,,,,,,,,,,True,член совета директоров; генеральный директор,0.0,0.0
RASP,Алексей Иванов,,,,,,,,N,,,True,член совета директоров; генеральный директор,1.0,22.7670248696953
RASP,Николай Иванов,N,N,N,N,N,N,N,N,,,False,член совета директоров; финансовый директор,8.0,72.16976134290604
RASP,Ольга Покровская,,,,,,,,,,,False,член совета директоров; финансовый советник,0.0,0.0
RASP,Эрик Стойлл,,,,,,,,,,,False,независимый неисполнительный член совета директоров,0.0,0.0
RASP,Регина Фон Флемминг,,,,,,,,,,,False,независимый член совета директоров,0.0,0.0
RASP,Александр Фролов,N,,,,,,,,,,False,член совета директоров; совладелец,1.0,22.7670248696953
RENI,Гадлиба Юлия Олеговна,,,,,,,N,N,N,N,True,Генеральный директор,4.0,52.863394681944804
RKKE,Мальцев Игорь Евгеньевич,,,,,,,,,,,True,Генеральный директор,0.0,0.0
RKKE,Юрий Иванович Борисов,,,,,,,,,,,False,член совета директоров,0.0,0.0
RKKE,Александр Иванович Быков,,,,,,,,,,,False,член совета директоров,0.0,0.0
RKKE,Никита Юрьевич Никифоров,,,,,,,,,,,False,член совета директоров,0.0,0.0
RKKE,Игорь Яковлевич Озар,,,,,,,,,,,False,член совета директоров,0.0,0.0
RKKE,Михаил Асланович Погосян,,,,,,,,,,,False,член совета директоров,0.0,0.0
RKKE,Константин Владимирович Романов,,,,,,,,,,,False,член совета директоров,0.0,0.0
RKKE,Павел Анатольевич Суворов,,,,,,,,,,,False,член совета директоров,0.0,0.0
RKKE,Александр Сергеевич Федоров,,,,,,,,,,,False,член совета директоров,0.0,0.0
RKKE,Георгий Львович Форсов,,,,,,,,,,,False,член совета директоров,0.0,0.0
RNFT,Evgeniy Tolochek,,,,,,,,,,,False,President,0.0,0.0
RNFT,Olga Prozorovskaya,,,,,,,,,,,False,Director of Finance/CFO | Director/Board Member,0.0,0.0
RNFT,Evgeny Pitsyura,,,,,,,,,,,False,Chief Tech/Sci/R&D Officer,0.0,0.0
RNFT,Sergei Karpenko,,,,,,,,,,,False,Corporate Officer/Principal | Director/Board Member,0.0,0.0
RNFT,Dmitry Romanov,,,,,,,,,,,False,Investor Relations Contact | Director/Board Member,0.0,0.0
RNFT,Igor Ivanovich Kirdoda,,,,,,,,,,,False,Director/Board Member,0.0,0.0
RNFT,Aleksey Kuzmenkov,,,,,,,,,,,False,Director/Board Member,0.0,0.0
RNFT,Andrey Derekh,,,,,,,,,,,False,Director/Board Member,0.0,0.0
RNFT,Viktor Martynov,,,,,,,,,,,False,Chairman,0.0,0.0
RNFT,Vladimir Shcherbak,,,,,,,,,,,False,Director/Board Member,0.0,0.0
RNFT,Sergey Stepashin,,,,,,,,,,,False,Director/Board Member,0.0,0.0
RNFT,Sidsky Nikolay Alekseevich,,,,,,,,,,,False,Director/Board Member,0.0,0.0
ROSN,Igor Sechin,,,,,,,,,,,True,Chief Executive Officer | Director/Board Member,0.0,0.0
ROSN,Petr Lazarev,,,,,,,,,,,False,Director of Finance/CFO,0.0,0.0
ROSN,Valentin Gennadyevich Mamayev,,,,,,,,,,,False,Corporate Officer/Principal,0.0,0.0
ROSN,Yegor Filippov,,,,,,,,,,,False,Corporate Officer/Principal,0.0,0.0
ROSN,Ural A. Latypov,,,,,,,,,,,False,Corporate Officer/Principal,0.0,0.0
ROSN,Andrey Igorevich Akimov,N,,,,,,,,,,False,Director/Board Member,1.0,22.7670248696953
ROSN,Alexander Novak,,,,,,,,,,,False,Director/Board Member,0.0,0.0
ROSN,Faisal Al-Suwaidi,,,,,,,,,,,False,Director/Board Member,0.0,0.0
ROSN,Hamad Al-Mohannadi,,,,,,,,,,,False,Director/Board Member,0.0,0.0
ROSN,Maxim Oreshkin,,,,,,,,,,,False,Director/Board Member,0.0,0.0
ROSN,Alexander Uss,,,,,,,,,,,False,Director/Board Member,0.0,0.0
ROSN,Alexander Dmitrievich Nekipelov,,,,,,,,,,,False,Chairman,0.0,0.0
ROSN,Vladimir Litvinenko,,,,,,,,,,,False,Director/Board Member,0.0,0.0
ROSN,Pedro A. Aquino,,,,,,,,,,,False,Director/Board Member,0.0,0.0
RTKM,Mikhail Eduardovitch Oseevskiy,,,,,,,,,,,True,Chief Executive Officer | Director/Board Member,0.0,0.0
RTKM,Anna Borisovna Tregubenkova,,,,,,,,,,,False,Director of Finance/CFO,0.0,0.0
RTKM,Alexey V. Sapunov,,,,,,,,,,,False,Chief Tech/Sci/R&D Officer,0.0,0.0
RTKM,Darius Khalitov,,,,,,,,,,,False,Chief Tech/Sci/R&D Officer,0.0,0.0
RTKM,Dmitriy Kurakin,,,,,,,,,,,False,Chief Administrative Officer,0.0,0.0
RTKM,Anton Andreyevich Zlatopolskiy,,,,,,,,,,,False,Director/Board Member,0.0,0.0
RTKM,Vadim Viktorovich Semenov,,,,,,,,,,,False,Chairman,0.0,0.0
RTKM,Kirill Alexandrovich Dmitriev,,,,,,,,,,,False,Director/Board Member,0.0,0.0
RTKM,Alexey Yakovitsky,N,,,,,,,,,,False,Director/Board Member,1.0,22.7670248696953
RTKM,Andrey Kostin,,,,,,,,,,,False,Director/Board Member,0.0,0.0
RTKM,Elena V. Shmeleva,,,,,,,,,,,False,Director/Board Member,0.0,0.0
RTKM,Anton Alekseyevich Ustinov,,,,,,,,,,,False,Director/Board Member,0.0,0.0
RTKM,Dmitriy Chernyshenko,N,N,N,,,,,,,,False,Director/Board Member,3.0,45.5340497393906
RTKM,Nikolay Viktorovich Tsekhomsky,,,,,,,,,,,False,Director/Board Member,0.0,0.0
RUAL,Evgeny Viktorovich Nikitin,,,,,,N,N,,,,True,Chief Executive Officer | Director/Board Member,2.0,36.08488067145302
RUAL,Alexander Popov,,,,,,,,,,,False,Director of Finance/CFO,0.0,0.0
RUAL,Victor Mann,,,,,,,,,,,False,Chief Tech/Sci/R&D Officer,0.0,0.0
RUAL,Karen Li,,,,,,,,,,,False,Investor Relations Contact,0.0,0.0
RUAL,Lok Tung Chan,,,,,,,,,,,False,Corporate Secretary,0.0,0.0
RUAL,Bernard Zonneveld,,,,,,,,,,,False,Chairman,0.0,0.0
RUAL,Kevin Parker,,,,,,,,,,,False,Director/Board Member,0.0,0.0
RUAL,Chris Burnham,,,,,,,,,,,False,Director/Board Member,0.0,0.0
RUAL,Evgeny Arkadievich Shvarts,,,,,,,,,,,False,Director/Board Member,0.0,0.0
RUAL,Egorov Anton Aleksandrovich,,,,,,N,,N,,,False,Director/Board Member,2.0,36.08488067145302
RUAL,Anna Vasilenko,,,,,,,,,,,False,Director/Board Member,0.0,0.0
RUAL,Lyudmila Petrovna Galenskaya,,,,,,,,,,,False,Director/Board Member,0.0,0.0
RUAL,Semen Viktorovich Mironov,,,,,,,,,,,False,Director/Board Member,0.0,0.0
RUAL,Natalia Albrecht,,,,,,,,,,N,False,Director/Board Member,1.0,22.7670248696953
SBER,Herman Gref,,,,,,,,,,,True,Chief Executive Officer | Director/Board Member,0.0,0.0
SBER,Mikhail Ratinskii,,,,,,,,,,,False,Comptroller/Controller/Auditor,0.0,0.0
SBER,Oleg V. Chistyakov,,,,,,,,,,,False,Comptroller/Controller/Auditor,0.0,0.0
SBER,Larisa Zalomikhina,,,,,,,,,,,False,Compliance Officer,0.0,0.0
SBER,Oleg Yuryevich Tsvetkov,,W,,N,W,,N,N,N,N,False,Corporate Secretary,9.0,75.63041955164012
SBER,Anastasia Belyanina,,,,,,N,N,,N,N,False,Investor Relations Contact,4.0,52.863394681944804
SBER,Anton Siluanov,,,,,,,,,,,False,Chairman,0.0,0.0
SBER,Nadya Wells,,,,,,,,,,,False,Director/Board Member,0.0,0.0
SBER,Nikolay Kudryavtsev,,,,,,,,,,,False,Director/Board Member,0.0,0.0
SBER,Gennady Melikian,,,,,,,,,,,False,Director/Board Member,0.0,0.0
SBER,Bella Zlatkis,,,,N,N,N,,,,,False,Director/Board Member,3.0,45.5340497393906
SBER,Dmitriy Chernyshenko,N,N,N,,,,,,,,False,Director/Board Member,3.0,45.5340497393906
SBER,Vladimir Vladimirovich Kolychev,,,,,,,,,,,False,Director/Board Member,0.0,0.0
SBER,Mikhail Kovalchuk,,,,,,,,,,,False,Director/Board Member,0.0,0.0
SBER,Alexander Kuleshov,,,,,,,,,,,False,Director/Board Member,0.0,0.0
SBER,Maxim Oreshkin,,,,,,,,,,,False,Director/Board Member,0.0,0.0
SBER,Sergey Ignatiev,,,,,,,,,,,False,Director/Board Member,0.0,0.0
SBER,Lev Khasis,,,,,,,,,,,False,Director/Board Member,0.0,0.0
SELG,Sergey Tatarinov,,,,,,,,,,,True,Chief Executive Officer | Chairman,0.0,0.0
SELG,Aleksandr Khrushch,,,,,,,,,,,False,Director of Finance/CFO | Chairman,0.0,0.0
SELG,Shchetinin Evgeny Vladimirovich,,,,,,,,,,,False,Chief Tech/Sci/R&D Officer,0.0,0.0
SELG,Valery Suleimanov,,,,,,,,,,,False,Corporate Officer/Principal | Director/Board Member,0.0,0.0
SELG,Mitroshin Vadim Sergeevich,,,,,,,,,,,False,Investor Relations Contact,0.0,0.0
SELG,Sergey Ryzhov,,,,,,,,,,,False,Director/Board Member,0.0,0.0
SELG,Konstantin Beyrit,,,,,,,,,,,False,Director/Board Member,0.0,0.0
SELG,Gennadiy Launer,,,,,,,,,,,False,Director/Board Member,0.0,0.0
SELG,Aleksandr Ammosov,,,,,,,,,,,False,Director/Board Member,0.0,0.0
SELG,Yun Viktor Borisovich,,,,,,,,,,,False,Director/Board Member,0.0,0.0
SELG,Valeriy Kondratyev,,,,,,,,,,,False,Director/Board Member,0.0,0.0
SELG,Sokolov Konstantinovich,,,,,,,,,,,False,Director/Board Member,0.0,0.0
SFIN,Goltsman Anton Vladimirovich,,,,,,,,,,,False,Investor Relations Contact | Public Communications Contact | Director/Board Member,0.0,0.0
SFIN,Mikhail Gorbachev,,,,,,,,,,,False,Corporate Secretary,0.0,0.0
SFIN,Sidorov Igor Anatolyevich,,,,,,,,,,,False,Director/Board Member,0.0,0.0
SFIN,Protas Alexander Nikolaevich,,,,,,,,,,,False,Director/Board Member,0.0,0.0
SFIN,Lotarev Pavel Viktorovich,,,,,,,,,,,False,Director/Board Member,0.0,0.0
SFIN,Boikova Tatyana Olegovna,,,,,,,,,,,False,Director/Board Member,0.0,0.0
SFIN,Sivachev Denis Alexandrovich,,,,,,,,,,,False,Director/Board Member,0.0,0.0
SFIN,Aleksandr Myakenkiy,,,,,,,,,,,False,Director/Board Member,0.0,0.0
SFIN,Dmitriev Maxim Vladimirovich,,,,,,,,,,,False,Director/Board Member,0.0,0.0
SFIN,Vlasov Maxim Alexandrovich,,,,,,,,,,,False,Director/Board Member,0.0,0.0
SGZH,Mikhail Shamolin,N,N,N,N,N,N,N,N,N,,True,Chief Executive Officer | Director/Board Member,9.0,75.63041955164012
SGZH,Oksana Tikhonova,,,,,,,,N,N,,False,Human Resources Officer,2.0,36.08488067145302
SGZH,Anastasia Anatolyevna Poletaeva,,,,,,N,N,,,,False,Investor Relations Contact | Public Communications Contact,2.0,36.08488067145302
SGZH,Mikhail Mileshin,,,,,N,N,N,N,N,,False,Sales & Marketing,5.0,58.85190554114832
SGZH,Rovshan Aliyev,,,,,,,,,,,False,Chief Investment Officer | Director of Finance/CFO | Director/Board Member,0.0,0.0
SGZH,Salavat Asgatovich Mirsaev,,N,N,N,N,N,N,,,,False,General Counsel,6.0,63.91511932854698
SGZH,Pavel Vakhnin,,,,,N,N,N,N,,,False,Chief Tech/Sci/R&D Officer,4.0,52.863394681944804
SGZH,Ali Uzdenov,,,,,,,,,,,False,Compensation Committee | Nominating Committee,0.0,0.0
SGZH,Vladimir Tuzov,,,,,,,,,,,False,Audit Committee | Compensation Committee | Nominating Committee,0.0,0.0
SGZH,Artem I. Zassoursky,,,,,N,W,N,N,N,,False,Governance Committee | Director/Board Member,6.0,63.91511932854698
SGZH,Vladimir Sergeyevich Travkov,,,,N,N,N,N,N,,,False,Audit Committee,5.0,58.85190554114832
SGZH,Andrey Frolov,,,,,,,,,,,False,Director/Board Member,0.0,0.0
SGZH,Sergey Shishkin,,,,N,N,N,N,N,,,False,Director/Board Member,5.0,58.85190554114832
SGZH,Denis Martyanov,,,,,,,,,,,False,Director/Board Member,0.0,0.0
SMLT,Anna Akinshina,,,,,,,,,,,True,Chief Executive Officer,0.0,0.0
SMLT,Vladimir Komar,,,,,,,,,,,False,Corporate Officer/Principal,0.0,0.0
SMLT,Dmitry Volkov,,,,,,N,N,,N,N,False,Corporate Officer/Principal,4.0,52.863394681944804
SMLT,Alexey Kozlov,,,,,,,,,,,False,Corporate Officer/Principal,0.0,0.0
SMLT,Vitaly Rudenko,,,,,,,,,,,False,Corporate Officer/Principal,0.0,0.0
SMLT,Oskar Hartmann,,,,,,,,,,,False,Director/Board Member,0.0,0.0
SMLT,Dmitry Golubkov,,,,,,,,,,,False,Chairman,0.0,0.0
SMLT,Stanislav Shekshnia,,,,,,,,,,,False,Director/Board Member,0.0,0.0
SMLT,Mikhail Kenin,,,,,,,,,,,False,Director/Board Member,0.0,0.0
SMLT,Igor Evtushevskiy,,,,,,,,,,,False,Director/Board Member,0.0,0.0
SMLT,Andrey Ivanenko,,,,,,,,,,,False,Director/Board Member,0.0,0.0
SMLT,Alexander Prygunkov,,,,,,,,,,,False,Director/Board Member,0.0,0.0
SNGS,Vladimir Bogdanov,,,,,,,,,,,True,Chief Executive Officer | Director/Board Member,0.0,0.0
SNGS,Andrei Vladislavovich Druchinin,,,,,,,,,,,False,Comptroller/Controller/Auditor,0.0,0.0
SNGS,Vladislav Barankov,,,,,,,,,,,False,Comptroller/Controller/Auditor | Director of Finance/CFO,0.0,0.0
SNGS,Vladimir Erokhin,,,,,,,,,,,False,Chairman,0.0,0.0
SNGS,Nikolai Ivanovich Matveev,,,,,,,,,,,False,Director/Board Member,0.0,0.0
SNGS,Valery Nikolaevich Egorov,,,,,,,,,,,False,Director/Board Member,0.0,0.0
SNGS,Georgy Rashitovich Mukhamadeyev,,,,,,,,,,,False,Director/Board Member,0.0,0.0
SNGS,Ildus Shagalievich Usmanov,,,,,,,,,,,False,Director/Board Member,0.0,0.0
SNGS,Viktor Mikhaylovich Krivosheyev,,,,,,,,,,,False,Director/Board Member,0.0,0.0
SNGS,Ivan Kalistratovich Dinichenko,,,,,,,,,,,False,Director/Board Member,0.0,0.0
SNGS,Aleksandr Bulanov,,,,,,,,,,,False,Director/Board Member,0.0,0.0
SOFL,Александр Минин,,,,,,,,,,,True,Генеральный директор,0.0,0.0
SOFL,Андрей Благоразумов,,,,,,,,,,,False,Директор Управления развития продаж,0.0,0.0
SOFL,Алексей Бутаков,,,,,,,,,,,False,Директор по цифровой трансформации и эффективности продаж,0.0,0.0
SOFL,Станислав Халиков,,,,,,,,,,,False,Директор Софтлайн финанс,0.0,0.0
SOFL,Владислав Котусов,,,,,,,,,,,False,Исполнительный директор,0.0,0.0
SOFL,Наталья Лиходиевская,,,,N,,,,,N,,False,Директор по персоналу,2.0,36.08488067145302
SOFL,Алексей Пилипчук,,,,,,,,,,,False,Технический директор,0.0,0.0
SOFL,Елена Типисова,,,,,,,,,,,False,Директор по маркетингу,0.0,0.0
SOFL,Дмитрий Васильев,,,,,,,,,,,False,Директор управления информационной безопасности,0.0,0.0
SPBE,Roman Yuryevich Goryunov,,,,,,,,,,,True,Chief Executive Officer | Chairman,0.0,0.0
SPBE,Pavel Krupnov,,,,,,,,,,,False,Director of Finance/CFO,0.0,0.0
SPBE,Sergei Kalinin,,,,,,,,,,,False,Chief Operating Officer,0.0,0.0
SPBE,Mikhail Ivanov,,,,,,,,,,,False,Sales & Marketing,0.0,0.0
SPBE,Alexander Tarabtsev,,,,,,,,,,,False,Treasurer,0.0,0.0
SPBE,Sergey Mikhaylovich Rybakov,,,,,,,,,,,False,Director/Board Member,0.0,0.0
SPBE,Oleg Vladimirovich Mikhasenko,,,,,N,N,,,,,False,Director/Board Member,2.0,36.08488067145302
SPBE,Aleksey Dmitriyevich Skorodumov,,,,,,,,,,,False,Director/Board Member,0.0,0.0
SPBE,Ivan Tyryshkin,,,,,,,,,,,False,Director/Board Member,0.0,0.0
SPBE,Jacques der Megredichyan,,,,,,,,,,,False,Chairman,0.0,0.0
SPBE,Dmitry Anatolevich Panchenko,,,,,,,,,,,False,Director/Board Member,0.0,0.0
SPBE,Pavel Vladimirovich Sokolov,,,,,,,,,,,False,Director/Board Member,0.0,0.0
SPBE,Eric Berthelot,,,,,,,,,,,False,Director/Board Member,0.0,0.0
SPBE,Alexander Valentinovich Chmel,,,,,,,,,,,False,Director/Board Member,0.0,0.0
SVAV,Nikolay Sobolev,,,,,,,,,,,True,Chief Executive Officer | Director/Board Member,0.0,0.0
SVAV,Zoya Kaika,,,,,,,,,,,False,Corporate Officer/Principal | Director/Board Member,0.0,0.0
SVAV,Viktor Mikhaylovich Khvesenya,,,,,,,,,,,False,General Counsel | Director/Board Member,0.0,0.0
SVAV,Elena Nishanova,,,,,,,,,,,False,Investor Relations Contact,0.0,0.0
SVAV,Lyudmila Viktorovna Afanasyeva,,,,,,,,,,,False,Comptroller/Controller/Auditor,0.0,0.0
SVAV,Vladislav Baumgertner,,,,,,,,,,,False,Director/Board Member,0.0,0.0
SVAV,Adil Shamil Ogly Shirinov,,,,,,,,,,,False,Chairman,0.0,0.0
SVAV,Goy Tatiana,,,,,,,,,,,False,Director/Board Member,0.0,0.0
SVCB,Dmitry Vladimirovich Gusev,,,,,,,N,,,,True,Chief Executive Officer | Director/Board Member,1.0,22.7670248696953
SVCB,Dmitry Vladimirovich Khotimskiy,,,,,,,,,,,False,Chief Investment Officer | Director/Board Member,0.0,0.0
SVCB,Elena Alexandrovna Cherstvova,,,,,,,,,,,False,Corporate Officer/Principal,0.0,0.0
SVCB,Pavel Barchugov,,,,,,,,,,,False,Corporate Officer/Principal,0.0,0.0
SVCB,Mikhail Olegovich Avtukhov,,,,,,,,,,,False,Corporate Officer/Principal,0.0,0.0
SVCB,Mikhail Kuchment,,,,,,,,,,,False,Chairman,0.0,0.0
SVCB,Mikhail Vasilyevich Klyukin,,,,,,,,,,,False,Director/Board Member,0.0,0.0
SVCB,Aleksey Fisun,,,,,,,,,,,False,Director/Board Member,0.0,0.0
SVCB,Nikolay Narayan Varma,,,,,,,,,,,False,Director/Board Member,0.0,0.0
SVCB,Braverman Anatoly Aleksandrovich,,,,,,,,,,,False,Director/Board Member,0.0,0.0
SVCB,Regina von Fleming,,,,,,,,,,,False,Director/Board Member,0.0,0.0
SVCB,Joel Raymond Lautier,,,,,,,,,,,False,Director/Board Member,0.0,0.0
SVCB,Sergey Nikolaevich Bondarovich,,,,,,,,,,,False,Director/Board Member,0.0,0.0
T,Сергей Леонидович Батехин,,W,N,N,N,,,,,,False,Director/Board Member,5.0,58.85190554114832
T,Станислав Викторович Близнюк,,,,,,,N,,,,False,Chairman,1.0,22.7670248696953
T,Алексей Владимирович Малиновский,N,,,N,N,N,N,,,,False,Director/Board Member,5.0,58.85190554114832
T,Илья Николаевич Писемский,,,,,,,,,,,False,Director/Board Member,0.0,0.0
T,Татьяна Борисовна Кузнецова,,,,,,,,,,,False,Director/Board Member,0.0,0.0
T,Валерия Александровна Павлюкова,,,,,,,,,,,False,Director/Board Member,0.0,0.0
T,Александр Ильич Исаев,,,,,,,,,,,False,Director/Board Member,0.0,0.0
T,Артём Игоревич Лебедев,,,,,,,,,,,False,Director/Board Member,0.0,0.0
T,Александр Борисович Лебединский,,,,,,,,,,,False,Director/Board Member,0.0,0.0
TATN,Минниханов Рустам Нургалиевич,,,,,,,,,,,False,"Председатель Совета директоров (состав, действовавший после 27.06.2024)",0.0,0.0
TATN,Маганов Наиль Ульфатович,,,,,,,,,,,True,Член Совета директоров; Executive Committee (MarketScreener): генеральный директор / CEO,0.0,0.0
TATN,Сюбаев Нурислам Зинатулович,,,,,,,,,,,False,Член Совета директоров (избран 27.06.2024),0.0,0.0
TATN,Халимов Рустам Хамисович,,,,,,,,,,,False,Член Совета директоров (избран 27.06.2024),0.0,0.0
TATN,Хисамов Раис Салихович,,,,,,,,,,,False,Член Совета директоров (избран 27.06.2024),0.0,0.0
TATN,Нурмухаметов Рафаиль Саитович,,,,,,,,,,,False,Член Совета директоров (избран 27.06.2024),0.0,0.0
TATN,Гайзатуллин Радик Рауфович,,,,,,,,,,,False,Член Совета директоров (избран 27.06.2024),0.0,0.0
TATN,Галиев Ренат Маратович,,,,,,,,,,,False,Член Совета директоров (избран 27.06.2024),0.0,0.0
TATN,Сорокин Валерий Юрьевич,,,,,,,,,,,False,Член Совета директоров (избран 27.06.2024),0.0,0.0
TATN,Тахаутдинов Шафагат Фахразович,,,,,,,,,,,False,Член Совета директоров (избран 27.06.2024),0.0,0.0
TATN,Глухова Лариса Юрьевна,,,,,,,,,,,False,Член Совета директоров (избрана 27.06.2024),0.0,0.0
TATN,Аглиуллин Фаниль Анварович,,,,,,,,,,,False,Член Совета директоров (избран 27.06.2024),0.0,0.0
TATN,Гереч Ласло,,,,,,,,,,,False,Независимый член Совета директоров (избран 27.06.2024),0.0,0.0
TATN,Неклюдов Сергей Вячеславович,,,,,,,,,,,False,Независимый член Совета директоров (избран 27.06.2024),0.0,0.0
TATN,Крюков Валерий Анатольевич,,,,,,,,,,,False,Независимый член Совета директоров (избран 27.06.2024),0.0,0.0
TATN,Гамиров Дамир Маратович,,,,,,,,,,,False,Executive Committee (MarketScreener): корпоративный секретарь,0.0,0.0
TATN,Тихтуров Евгений Александрович,,,,,,,,,,,False,Executive Committee (MarketScreener): директор по финансам / CFO,0.0,0.0
TATN,Мухамадеев Рустам Набиуллович,,,,,,,,,,,False,Executive Committee (MarketScreener): директор по персоналу / Human Resources Officer,0.0,0.0
TGKA,Маркелов Виталий Анатольевич,,,,,,,,,,,False,Председатель Совета директоров (состав избран 24.06.2024),0.0,0.0
TGKA,Бикмурзин Альберт Фяритович,,,,,,N,N,,,,False,Член Совета директоров (состав избран 24.06.2024),2.0,36.08488067145302
TGKA,Ведерчик Вадим Евгеньевич,,,,,,,,,,,False,Член Совета директоров; Управляющий директор (CEO),0.0,0.0
TGKA,Земляной Евгений Николаевич,,,,,,,,,,,False,Член Совета директоров (состав избран 24.06.2024),0.0,0.0
TGKA,Иванников Александр Сергеевич,,,,,,,,,,,False,Член Совета директоров (состав избран 24.06.2024),0.0,0.0
TGKA,Коробкина Ирина Юрьевна,,,,,,,,,,,False,Член Совета директоров (состав избран 24.06.2024),0.0,0.0
TGKA,Осин Никита Юрьевич,,,,,,,,,,,False,Член Совета директоров (состав избран 24.06.2024),0.0,0.0
TGKA,Рогов Александр Владимирович,,,,,,,,,,,False,Член Совета директоров (состав избран 24.06.2024),0.0,0.0
TGKA,Симдякин Вадим Михайлович,,,,,,,N,,,,False,Член Совета директоров (состав избран 24.06.2024),1.0,22.7670248696953
TGKA,Федоров Денис Владимирович,,,,,,,,,,,False,Член Совета директоров (состав избран 24.06.2024),0.0,0.0
TGKA,Шацкий Павел Олегович,,,,,,,,,,,False,Член Совета директоров (состав избран 24.06.2024),0.0,0.0
TGKA,Максимова Антонина Николаевна,,,,,,,,,,,False,Executive Committee: контакт по работе с инвесторами (Investor Relations Contact),0.0,0.0
TGKA,Станишевская Раиса Владимировна,,,,,,,,,,,False,Executive Committee: главный бухгалтер (Comptroller / Controller / Auditor),0.0,0.0
TGKB,Грабчак Евгений Петрович,,,,,,,,,,,False,Председатель Совета директоров (с 28.06.2024; избран в Совет директоров 11.06.2024),0.0,0.0
TGKB,Данилов Иван Александрович,,,,,,,,,,,False,Член Совета директоров (избран 11.06.2024),0.0,0.0
TGKB,Зайцев Михаил Владимирович,,,,,,,,,,,False,Член Совета директоров (избран 11.06.2024),0.0,0.0
TGKB,Земляной Евгений Николаевич,,,,,,,,,,,False,Член Совета директоров (избран 11.06.2024),0.0,0.0
TGKB,Карпов Илья Игоревич,,,,,,,,,,,False,Член Совета директоров (избран 11.06.2024),0.0,0.0
TGKB,Костенко Глеб Александрович,,,,,,,,,,,False,Член Совета директоров (избран 11.06.2024),0.0,0.0
TGKB,Медведева Елена Анатольевна,,,,,,,,,,,False,Член Совета директоров (избрана 11.06.2024),0.0,0.0
TGKB,Ушаков Александр Владимирович,,,,,,,,,,,False,Член Совета директоров (избран 11.06.2024),0.0,0.0
TGKB,Федоров Денис Владимирович,,,,,,,,,,,False,Член Совета директоров (избран 11.06.2024),0.0,0.0
TGKB,Иванова Юлия Валентиновна,,,,,,,,,,,False,Правление: Председатель Правления и и. о. Генерального директора (с 29.06.2024); заместитель Председателя Правления (до 28.06.2024),0.0,0.0
TGKB,Васильев Олег Юрьевич,,,,,,,,,,,False,Правление: член Правления (до 10.08.2024); технический директор (до 08.2024),0.0,0.0
TGKB,Дьяконов Владимир Евгеньевич,,,,,,,,,,,False,Правление: член Правления (до 01.08.2024); директор по ресурсообеспечению и логистике (до 31.07.2024),0.0,0.0
TGKB,Зварыч Ольга Владимировна,,,,,,,,,,,False,Правление: член Правления; начальник управления социально-трудовых отношений и подготовки персонала (с 15.08.2024); директор по персоналу и административным вопросам (до 14.08.2024),0.0,0.0
TGKB,Корниенко Андрей Владимирович,,,,,,,,,,,False,Правление: член Правления; начальник управления корпоративной защиты (с 14.10.2024); и. о. директора по безопасности и режиму (до 13.10.2024),0.0,0.0
TGKB,Пермякова Ольга Сергеевна,,,,,,,,,,,False,Правление: заместитель Председателя Правления (с 06.08.2024); заместитель генерального директора по экономике и финансам (с 01.08.2024),0.0,0.0
TGKB,Серова Ольга Викторовна,,,,,,,,,,,False,Правление: член Правления; заместитель генерального директора по энергосбытовой деятельности (с 01.08.2024),0.0,0.0
TGKB,Царева Валентина Валерьевна,,,,,,,,,,,False,Правление: член Правления (до 06.08.2024); директор по правовым вопросам (до 08.2024),0.0,0.0
TRMK,Венде Франк-Детлеф,,,,,,,,,,,False,Независимый член Совета директоров ПАО «ТМК»,0.0,0.0
TRMK,Каплунов Андрей Юрьевич,,,N,,,,,,,,False,Вице-президент ПАО «ТМК»; член Совета директоров,1.0,22.7670248696953
TRMK,Кузьминов Ярослав Иванович,,,,,,,,,,,False,Независимый член Совета директоров ПАО «ТМК»,0.0,0.0
TRMK,Петросян Тигран Ишханович,,,,,,,,,,,False,Член Совета директоров ПАО «ТМК»,0.0,0.0
TRMK,Попов Михаил Владимирович,,,,,,,,,,,False,Член Совета директоров ПАО «ТМК»,0.0,0.0
TRMK,Романенко Алексей Михайлович,,,,,,,,,,,False,Член Совета директоров ПАО «ТМК»,0.0,0.0
TRMK,Чикалов Сергей Геннадьевич,,,,,,,,,,,True,Генеральный директор ПАО «ТМК»; председатель Правления; член Совета директоров,0.0,0.0
TRMK,Ширяев Александр Георгиевич,,,,,,,,,,,False,Член Совета директоров ПАО «ТМК»,0.0,0.0
TRMK,Шматович Владимир Владимирович,N,,,,,,,,,,False,Член Совета директоров ПАО «ТМК»,1.0,22.7670248696953
TRMK,Позолотина Елена Ивановна,,,,,,,,,N,,False,Заместитель генерального директора по управлению персоналом — директор Корпоративного университета TMK2U,1.0,22.7670248696953
TRMK,Якоб Дмитрий,,,,,,,N,,N,N,False,Заместитель генерального директора ПАО «ТМК» по информационным технологиям,3.0,45.5340497393906
TRMK,Пьянков Борис Григорьевич,,,,,,,,,,,False,Технический директор ПАО «ТМК»,0.0,0.0
TRMK,Пышминцев Игорь Юрьевич,,,,,,,,,,,False,Директор по научной работе ПАО «ТМК»; генеральный директор Научно-технического центра ТМК,0.0,0.0
TRMK,Папин Денис,,,,,,,,,,,False,Руководитель направления по устойчивому развитию ПАО «ТМК»,0.0,0.0
TRMK,Оборский Владимир Брониславович,,,N,,,N,,,,,False,Заместитель генерального директора ПАО «ТМК» по маркетингу,2.0,36.08488067145302
TRNFP,Новак Александр Валентинович,,,,,,,,,,,False,Председатель Совета директоров ПАО «Транснефть»; Заместитель Председателя Правительства Российской Федерации,0.0,0.0
TRNFP,Дмитриев Кирилл Александрович,,,N,N,N,,,,,,False,Член Совета директоров ПАО «Транснефть»; генеральный директор АО «УК РФПИ»,3.0,45.5340497393906
TRNFP,Корсик Александр Леонидович,N,,,,,,,,,,False,"Независимый директор, член Совета директоров ПАО «Транснефть»",1.0,22.7670248696953
TRNFP,Сазанов Алексей Валерьевич,,,,,,,,,,,False,Член Совета директоров ПАО «Транснефть»; статс-секретарь — заместитель Министра финансов Российской Федерации,0.0,0.0
TRNFP,Салыгин Валерий Иванович,,,,,,,,,,,False,"Независимый директор, член Совета директоров ПАО «Транснефть»; директор Международного института энергетической политики и дипломатии МГИМО МИД России",0.0,0.0
TRNFP,Сорокин Павел Юрьевич,,,,,,,,,,,False,Член Совета директоров ПАО «Транснефть»; первый заместитель Министра энергетики Российской Федерации,0.0,0.0
TRNFP,Токарев Николай Петрович,,,,,,,,,,,True,"Член Совета директоров ПАО «Транснефть»; Председатель Правления, Президент ПАО «Транснефть»",0.0,0.0
TRNFP,Уваров Алексей Константинович,,,,,,,,,,,False,Член Совета директоров ПАО «Транснефть»; заместитель руководителя Аппарата Правительства Российской Федерации,0.0,0.0
TRNFP,Шмаль Геннадий Иосифович,,,,,,,,,,,False,"Независимый директор, член Совета директоров ПАО «Транснефть»; президент Союза нефтегазопромышленников России",0.0,0.0
TRNFP,Гришанин Максим Сергеевич,,,,,,,,,,,False,Член Правления ПАО «Транснефть»; первый вице-президент ПАО «Транснефть»,0.0,0.0
TRNFP,Андронов Сергей Александрович,,,,,,,,,,,False,Член Правления ПАО «Транснефть»; вице-президент ПАО «Транснефть»,0.0,0.0
TRNFP,Бадалов Андрей Юрьевич,,,,,,,,,,,False,"Член Правления ПАО «Транснефть»; вице-президент по цифровой трансформации, информационным технологиям и информационной безопасности",0.0,0.0
TRNFP,Каланда Владимир Александрович,,,,,,,,,,,False,"Член Правления ПАО «Транснефть»; вице-президент по правовому обеспечению, взаимодействию с государственными органами и внешним коммуникациям",0.0,0.0
TRNFP,Король Борис Михайлович,,,,,,,,,,,False,Член Правления ПАО «Транснефть»; вице-президент по управлению персоналом и административно-хозяйственной деятельности,0.0,0.0
TRNFP,Ревель-Муроз Павел Александрович,,,,,,,,,,,False,Член Правления ПАО «Транснефть»; вице-президент ПАО «Транснефть»,0.0,0.0
TRNFP,Скворцов Вячеслав Михайлович,,,,,,,,,,,False,Член Правления ПАО «Транснефть»; вице-президент по безопасности,0.0,0.0
TRNFP,Шоцкий Сергей Александрович,,,,,,,,,,,False,Член Правления ПАО «Транснефть»; вице-президент ПАО «Транснефть»,0.0,0.0
TRNFP,Ефремов Александр Михайлович,,,,,,,,,,,False,"Директор департамента ремонтно-эксплуатационных нужд, транспорта и надзора за строительным контролем ПАО «Транснефть»",0.0,0.0
TRNFP,Савкин Владимир Васильевич,N,,,,N,,,,,,False,Директор департамента информационных технологий и цифрового развития ПАО «Транснефть»,2.0,36.08488067145302
TRNFP,Щурова Елена Владимировна,,,,,,,,,,,False,Директор департамента управления персоналом ПАО «Транснефть»,0.0,0.0
TTLK,Сорокин Валерий Юрьевич,,,,,,,,,,,False,Председатель Совета директоров ПАО «Таттелеком»; генеральный директор АО «Связьинвестнефтехим»,0.0,0.0
TTLK,Алексеев Сергей Владимирович,,,,,,,,,,,False,Член Совета директоров ПАО «Таттелеком»; первый заместитель генерального директора АО «Связьинвестнефтехим»,0.0,0.0
TTLK,Нафигин Альберт Ильдарович,,,,,,,,,,,False,Член Совета директоров ПАО «Таттелеком»; помощник Президента Республики Татарстан,0.0,0.0
TTLK,Минниханов Рифкат Нургалиевич,,,,,,,,,,,False,Член Совета директоров ПАО «Таттелеком» с 15 мая 2024 года; президент Академии наук Республики Татарстан,0.0,0.0
TTLK,Нурутдинов Айрат Рафкатович,,,,,,,,,,,True,Член Совета директоров ПАО «Таттелеком»; генеральный директор ПАО «Таттелеком»,0.0,0.0
TTLK,Сотов Денис Игоревич,,,,,,,,,,,False,Член Совета директоров и Комитета по аудиту Совета директоров ПАО «Таттелеком»; начальник отдела по работе с портфельными инвестициями АО «Связьинвестнефтехим»,0.0,0.0
TTLK,Яковлев Альберт Валерьевич,,,,,,,,,,,False,"Член Совета директоров и Комитета по аудиту Совета директоров ПАО «Таттелеком»; заместитель министра цифрового развития государственного управления, информационных технологий и связи Республики Татарстан",0.0,0.0
TTLK,Шафигуллин Лутфулла Нурисламович,,,,,,,,,,,False,Член Совета директоров ПАО «Таттелеком» до 15 мая 2024 года,0.0,0.0
TTLK,Белобородов Сергей Александрович,,,,,,,,,,,False,Заместитель генерального директора ПАО «Таттелеком» по операционной деятельности и режиму,0.0,0.0
TTLK,Нургалеев Ильдар Тахиржанович,,,,,,,,,,,False,Заместитель генерального директора ПАО «Таттелеком» по информационной безопасности — директор департамента ИТ,0.0,0.0
TTLK,Шагиахметов Сергей Равилевич,,,,,,,,,,,False,Заместитель генерального директора ПАО «Таттелеком» по коммерческой деятельности,0.0,0.0
TTLK,Сибгатуллин Ильнар Ильдарович,,,,,,,,,,,False,Заместитель генерального директора ПАО «Таттелеком» по массовому рынку и маркетингу с апреля 2024 года,0.0,0.0
TTLK,Минниханов Расуль Рифкатович,,,,,,,,,,,False,Заместитель генерального директора ПАО «Таттелеком» по развитию с сентября 2024 года,0.0,0.0
TTLK,Фролов Дмитрий Александрович,,,,,,,,,,,False,Заместитель генерального директора ПАО «Таттелеком» по техническим вопросам с ноября 2024 года,0.0,0.0
TTLK,Осадченко Анастасия Михайловна,,,,,,,,,,,False,Корпоративный секретарь ПАО «Таттелеком»; секретарь Совета директоров,0.0,0.0
TTLK,Надин Артем Александрович,,,,,,,,,,,False,Директор филиала ПАО «Таттелеком»; руководитель Альметьевского ЗУЭС,0.0,0.0
TTLK,Алтынбаева Ландыш Завдятовна,,,,,,,,,,,False,Директор филиала ПАО «Таттелеком»; руководитель Буинского ЗУЭС,0.0,0.0
TTLK,Степанов Максим Александрович,,,,,,,,,,,False,Директор филиала ПАО «Таттелеком»; руководитель Набережно-Челнинского ЗУЭС с апреля 2023 года,0.0,0.0
TTLK,Воробьев Михаил Сергеевич,,,,,,,,,,,False,Генеральный директор ООО «Твои Мобильные Технологии» с февраля 2023 года,0.0,0.0
TTLK,Камалетдинов Тимур Русланович,,,,,,,,,,,False,Генеральный директор ООО «ТТК Диджитал» с апреля 2024 года,0.0,0.0
TTLK,Урлин Андрей Олегович,,,,,,,,,,,False,Директор ООО «МИГ» с сентября 2023 года,0.0,0.0
UGLD,Струков Константин Иванович,,,,,,,,,,,False,Президент ООО «Управляющая Компания «ЮГК» — управляющей организации ПАО «ЮГК»; единоличный исполнительный орган,0.0,0.0
UGLD,Клёцкин Артём,,,,,,,,,,,False,Финансовый директор ООО «Управляющая Компания «ЮГК» / финансовый директор ЮГК,0.0,0.0
UGLD,Яковлев Дмитрий,,,,,,,,,,,False,Начальник отдела по связям с инвесторами ПАО «ЮГК»; директор по связям с инвесторами ЮГК,0.0,0.0
UGLD,Курбанов Руслан Магамедович,,,,,,,,,,,False,Генеральный директор ООО «Соврудник»,0.0,0.0
UPRO,Артемьев Игорь Юрьевич,,,,,,,,,,,False,Председатель Совета директоров ПАО «Юнипро»; независимый директор,0.0,0.0
UPRO,Никонов Василий Владиславович,,,,,,,,,,,True,Заместитель Председателя Совета директоров; исполнительный директор; Председатель Правления; Генеральный директор ПАО «Юнипро»,0.0,0.0
UPRO,Маликова Дина Ринатовна,,,,,,,,,,,False,Член Совета директоров ПАО «Юнипро»,0.0,0.0
UPRO,Кирпичников Михаил Петрович,,,,,,,,,,,False,Член Совета директоров ПАО «Юнипро»,0.0,0.0
UPRO,Королев Виталий Геннадьевич,,,,,,,,,,,False,Член Совета директоров ПАО «Юнипро»,0.0,0.0
UPRO,Некипелов Александр Дмитриевич,,,,,,,,,,,False,Член Совета директоров ПАО «Юнипро»,0.0,0.0
UPRO,Павлов Алексей Юрьевич,,,,,,,,,,,False,Член Совета директоров ПАО «Юнипро»,0.0,0.0
UPRO,Тарасенко Оксана Валерьевна,,,,,,,,,,,False,Член Совета директоров ПАО «Юнипро»,0.0,0.0
UPRO,Шишкин Андрей Николаевич,,,,,,,,,,,False,Член Совета директоров ПАО «Юнипро»,0.0,0.0
UPRO,Алексеенков Денис Александрович,,,,,,,,,,,False,Заместитель Генерального директора по финансам и экономике ПАО «Юнипро»; член Правления; Генеральный директор ООО «Юнипро Инжиниринг» с 2024 года,0.0,0.0
UPRO,Попов Игорь Викторович,,,,,,,,,,,False,Заместитель Генерального директора по производству ПАО «Юнипро»; член Правления,0.0,0.0
UPRO,Семенова Вероника Николаевна,,,,,,,,,,,False,Начальник Управления внутреннего аудита ПАО «Юнипро»,0.0,0.0
UPRO,Талалаева Елена Владимировна,,,,,,,,,,,False,Начальник Управления казначейских операций и риск-менеджмента ПАО «Юнипро»,0.0,0.0
UPRO,Иванова Оксана Николаевна,,,,,,,,,,,False,Начальник Управления международной финансовой отчетности и внутреннего контроля ПАО «Юнипро»,0.0,0.0
UPRO,Ермиличев Дмитрий Валерьевич,,,,,,,,,,,False,Директор по связям с общественностью и органами власти ПАО «Юнипро» в 2024 году,0.0,0.0
UPRO,Бейгер Мария Игоревна,,,,,,,,,,,False,Исполняющая обязанности директора по связям с общественностью и органами власти; пресс-секретарь ПАО «Юнипро» с декабря 2024 года,0.0,0.0
UPRO,Деркач Николай Николаевич,,,,,,,,,,,False,Директор филиала «Сургутская ГРЭС-2» ПАО «Юнипро»,0.0,0.0
UPRO,Казарин Дмитрий Иванович,,,,,,,,,,,False,Директор филиала «Березовская ГРЭС» ПАО «Юнипро»,0.0,0.0
UPRO,Овчинников Сергей Борисович,,,,,,,,,,,False,Директор филиала «Шатурская ГРЭС» ПАО «Юнипро» с декабря 2023 года,0.0,0.0
UPRO,Иноземцев Евгений Александрович,,,,,,,,,,,False,Директор филиала «Смоленская ГРЭС» ПАО «Юнипро»,0.0,0.0
UPRO,Поварницын Андрей Васильевич,,,,,,,,,,,False,Директор филиала «Яйвинская ГРЭС» ПАО «Юнипро»,0.0,0.0
VKCO,Куприянов Сергей,,,,,,,,,,,False,Председатель Совета директоров МКПАО «ВК»; неисполнительный директор,0.0,0.0
VKCO,Зыбина Мария,,,,,,,,,,,False,Член Совета директоров МКПАО «ВК»; неисполнительный директор,0.0,0.0
VKCO,Антонова Ульяна,,,,,,,,,,,False,Член Совета директоров МКПАО «ВК»; неисполнительный директор,0.0,0.0
VKCO,Устинов Антон,,,,,,,,,,,False,Член Совета директоров МКПАО «ВК»; неисполнительный директор,0.0,0.0
VKCO,Чудаков Дмитрий,,,,,,,,,,N,False,Член Совета директоров МКПАО «ВК»; неисполнительный директор,1.0,22.7670248696953
VKCO,Гордин Михаил,,,,,,,,,,,False,Член Совета директоров МКПАО «ВК»; неисполнительный директор,0.0,0.0
VKCO,Анисимов Никита,,,,,,,,,,,False,Член Совета директоров МКПАО «ВК»; независимый директор,0.0,0.0
VKCO,Яковлева Наталья,,,,,,,,,,,False,Член Совета директоров МКПАО «ВК»; независимый директор,0.0,0.0
VKCO,Айвазов Александр,,,,,,,,,,,False,Член Совета директоров МКПАО «ВК»; исполнительный директор; старший вице-президент по инвестициям и развитию бизнеса VK,0.0,0.0
VKCO,Мальгинов Антон,,,N,,,N,,N,,,False,Член Совета директоров МКПАО «ВК»; исполнительный директор; руководитель юридического департамента VK,3.0,45.5340497393906
VKCO,Багудина Елена Геннадьевна,,,,,,,,,,,True,Генеральный директор МКПАО «ВК»; единоличный исполнительный орган в 2024 году,0.0,0.0
VKCO,Кириенко Владимир Сергеевич,,,N,,,,,N,,,True,Генеральный директор группы VK,2.0,36.08488067145302
VKCO,Азаренко Елена,,,,,,,,,,,False,Управляющий директор VK,0.0,0.0
VKCO,Борыславская Светлана,,,,,,,,,,,False,Финансовый директор VK,0.0,0.0
VKCO,Китова Екатерина,,,,,,,,,,,False,Корпоративный секретарь МКПАО «ВК»,0.0,0.0
VKCO,Ковальчук Степан,,,,,,,,,,,False,Старший вице-президент по медиастратегии; руководитель бизнес-группы «Социальные платформы и медиаконтент» VK,0.0,0.0
VKCO,Хуснояров Фарит,,,,,,,,,,,False,Вице-президент по развитию мессенджера VK,0.0,0.0
VKCO,Хайбуллов Рустам,,,,,,,,,,,False,Вице-президент по стратегическим проектам VK,0.0,0.0
VKCO,Сиренко Ирина,,,,,,,,,,,False,Вице-президент по связям с государственными органами VK,0.0,0.0
VKCO,Тадевосян Максим,,,,,,N,,,,,False,Вице-президент по развитию бизнеса и стратегии VK,1.0,22.7670248696953
VKCO,Мыздриков Иван,,,,,,,,,,,False,Вице-президент по развитию почтовых сервисов и магазина приложений VK,0.0,0.0
VKCO,Меркутов Алексей,,,,,N,N,N,,,,False,Вице-президент по коммуникациям VK,3.0,45.5340497393906
VKCO,Гогичаты Мераб,,,,,,,,,,,False,Вице-президент по инфраструктуре и прикладным сервисам VK,0.0,0.0
VKCO,Фролов Антон,,,,,,,,,,,False,"Вице-президент по искусственному интеллекту, контентным и рекомендательным сервисам VK",0.0,0.0
VKCO,Карпов Антон,,,,,,,,,,,False,Вице-президент по информационной безопасности VK,0.0,0.0
VKCO,Попов Петр,,,,,,,,,,,False,Вице-президент по рекламным технологиям VK,0.0,0.0
VKCO,Дуксин Николай,,,,,,,,,,,False,Вице-президент по музыкальным и видеосервисам VK с июня 2024 года,0.0,0.0
VKCO,Кучай Анастасия,,,,,,,,,,,False,Вице-президент по персоналу VK с июня 2024 года,0.0,0.0
VSEH,Фахрутдинов Валентин Кириллович,,,,,,,,,,,True,Член Совета директоров ПАО «ВИ.ру»; исполнительный директор; генеральный директор ПАО «ВИ.ру»; генеральный директор ООО «ВсеИнструменты.ру»,0.0,0.0
VSEH,Шмелева Мария Николаевна,,,,,,,,,,,False,Председатель Совета директоров ПАО «ВИ.ру»; неисполнительный директор; член Комитета по аудиту; руководитель юридического департамента ООО «ВсеИнструменты.ру»,0.0,0.0
VSEH,Безумов Олег Игоревич,,,,,,,,,,,False,Член Совета директоров ПАО «ВИ.ру»; исполнительный директор; финансовый директор ООО «ВсеИнструменты.ру»,0.0,0.0
VSEH,Кузин Вадим Сергеевич,,,,,,,,,,,False,Член Совета директоров ПАО «ВИ.ру»; неисполнительный директор; член Комитета по вознаграждениям и номинациям; генеральный директор ООО «Ви.Тех»; генеральный директор ООО «ВИ Холдинг» с августа 2024 года,0.0,0.0
VSEH,Луннов Андрей Геннадьевич,,,,,,,,,,,False,Член Совета директоров ПАО «ВИ.ру»; неисполнительный директор; коммерческий директор ООО «ВсеИнструменты.ру»,0.0,0.0
VSEH,Иванов Павел Андреевич,,,,,,,,,,,False,Член Совета директоров ПАО «ВИ.ру»; неисполнительный директор; генеральный директор ООО «Вирент»,0.0,0.0
VSEH,Школлер Роман Александрович,,,,,,,,,,,False,Член Совета директоров ПАО «ВИ.ру»; независимый директор; председатель Комитета по аудиту; член Комитета по вознаграждениям и номинациям,0.0,0.0
VSEH,Ершов Роман Владимирович,,,,,N,N,N,,,,False,Член Совета директоров ПАО «ВИ.ру»; независимый директор; председатель Комитета по вознаграждениям и номинациям; член Комитета по аудиту,3.0,45.5340497393906
VSEH,Гребенюк Михаил Сергеевич,,,,,,,,,,,False,Член Совета директоров ПАО «ВИ.ру»; независимый директор; член Комитета по аудиту; член Комитета по вознаграждениям и номинациям,0.0,0.0
VSEH,Грунин Дмитрий,,,,,,,,,,,False,Директор по электронной коммерции ПАО «ВИ.ру» с 25 июля 2024 года; руководитель направления продаж и маркетинга,0.0,0.0
VSEH,Агранович Мария,,,,,,,,,,,False,Директор департамента развития собственных торговых марок ООО «ВсеИнструменты.ру»,0.0,0.0
VSEH,Куприянов Иван,,,,,,,,,,,False,Директор по закупкам ООО «ВсеИнструменты.ру»,0.0,0.0
VSEH,Гришков Сергей,,,,,,,,,,,False,Руководитель корпоративных финансов и IR ООО «ВсеИнструменты.ру»,0.0,0.0
VSEH,Денисенко Сергей,,,,,,,,,,,False,Руководитель PR-направления ООО «ВсеИнструменты.ру»,0.0,0.0
VSEH,Алеева Гульнара Ринатовна,,,,,,,,,,,False,Корпоративный секретарь ПАО «ВИ.ру» с 20 июня 2024 года,0.0,0.0
VSMO,Чемезов Сергей Викторович,,,,,,,,,,,False,Председатель Совета директоров ПАО «Корпорация ВСМПО-АВИСМА»,0.0,0.0
VSMO,Шелков Михаил Евгеньевич,,,,,,,,,,,False,Заместитель председателя Совета директоров ПАО «Корпорация ВСМПО-АВИСМА»,0.0,0.0
VSMO,Белясова Анна Владимировна,,,,,,,,,,,False,Член Совета директоров ПАО «Корпорация ВСМПО-АВИСМА»,0.0,0.0
VSMO,Вишневский Илья Игоревич,,,,,,,,,,,False,Член Совета директоров ПАО «Корпорация ВСМПО-АВИСМА»,0.0,0.0
VSMO,Вищаненко Антон Владимирович,N,N,N,N,N,N,N,,,,False,Член Совета директоров ПАО «Корпорация ВСМПО-АВИСМА»,7.0,68.3010746090859
VSMO,Леликов Дмитрий Юрьевич,,,,,,,,,,,False,Член Совета директоров ПАО «Корпорация ВСМПО-АВИСМА»,0.0,0.0
VSMO,Трифонов Дмитрий Валериевич,,,,,,,,,,,True,Член Совета директоров ПАО «Корпорация ВСМПО-АВИСМА»; генеральный директор,0.0,0.0
VSMO,Мельников Николай Константинович,,,,,,,,,,,False,Первый заместитель генерального директора — исполнительный директор ВСМПО,0.0,0.0
VSMO,Бабин Владимир Семенович,,,,,,,,,,,False,Исполняющий обязанности исполнительного директора АВИСМА,0.0,0.0
VSMO,Варфоломеев Владислав Игоревич,,,,,,,,,,,False,Исполняющий обязанности заместителя генерального директора по экономике и финансам; директор по экономике и корпоративным финансам,0.0,0.0
VSMO,Ледер Олег Оттович,,,,,,,,,,,False,Заместитель генерального директора по маркетингу и сбыту,0.0,0.0
VSMO,Ледер Михаил Оттович,,,,,,,,,,,False,Директор по науке и технологии — начальник НТЦ ВСМПО,0.0,0.0
VSMO,Сбытов Максим Александрович,,,,,,,,,,,False,Директор по управлению персоналом,0.0,0.0
VSMO,Мельников Александр Константинович,,,,,,,,,,,False,Заместитель директора по техническому обеспечению и ремонтам ВСМПО,0.0,0.0
VSMO,Болотникова Юлия Владимировна,,,,,,,,,,,False,Корпоративный секретарь; секретарь Совета директоров,0.0,0.0
VTBR,Григоренко Дмитрий Юрьевич,,,,,,,,,,,False,Председатель Наблюдательного совета Банка ВТБ (ПАО); неисполнительный директор,0.0,0.0
VTBR,Сидоренко Валерий Валерьевич,,,,,,,,,,,False,Член Наблюдательного совета Банка ВТБ (ПАО); неисполнительный директор,0.0,0.0
VTBR,Решетников Максим Геннадьевич,,,,,,,,,,,False,Член Наблюдательного совета Банка ВТБ (ПАО); неисполнительный директор,0.0,0.0
VTBR,Моисеев Алексей Владимирович,,,,,,,,,,,False,Член Наблюдательного совета Банка ВТБ (ПАО); неисполнительный директор,0.0,0.0
VTBR,Костин Андрей Леонидович,,,,,,,,,,,True,Член Наблюдательного совета Банка ВТБ (ПАО); исполнительный директор; Президент – Председатель Правления Банка ВТБ (ПАО),0.0,0.0
VTBR,Шадаев Максут Игоревич,,,,,,,,,,,False,Член Наблюдательного совета Банка ВТБ (ПАО); неисполнительный директор,0.0,0.0
VTBR,Репин Игорь Николаевич,,,,,,,,,,,False,Член Наблюдательного совета Банка ВТБ (ПАО); независимый директор,0.0,0.0
VTBR,Гаврилов Сергей Анатольевич,,,,,,,,,,,False,Член Наблюдательного совета Банка ВТБ (ПАО); независимый директор,0.0,0.0
VTBR,Каганов Вениамин Шаевич,,,,,,,,,,,False,Член Наблюдательного совета Банка ВТБ (ПАО); независимый директор,0.0,0.0
VTBR,Прокофьев Станислав Евгеньевич,,,,,,,,,,,False,Член Наблюдательного совета Банка ВТБ (ПАО); независимый директор,0.0,0.0
VTBR,Осеевский Михаил Эдуардович,,,N,,,,,,,,False,Член Наблюдательного совета Банка ВТБ (ПАО); независимый директор,1.0,22.7670248696953
VTBR,Пьянов Дмитрий Васильевич,,,,W,N,N,N,W,N,W,False,Первый заместитель Президента – Председателя Правления Банка ВТБ (ПАО); куратор финансовой и административно-хозяйственной функций и интеграции финансовых активов,10.0,78.76096569652562
VTBR,Бортников Денис Александрович,,,,,,,,,,,False,Заместитель Президента – Председателя Правления Банка ВТБ (ПАО); руководитель блока «Средний и малый бизнес»,0.0,0.0
VTBR,Горшков Георгий Георгиевич,,,,,,,,,,,False,Заместитель Президента – Председателя Правления Банка ВТБ (ПАО); руководитель блока «Розничный бизнес»,0.0,0.0
VTBR,Дергунова Ольга Константиновна,,,,,,,,,,,False,Заместитель Президента – Председателя Правления Банка ВТБ (ПАО),0.0,0.0
VTBR,Кулик Вадим Валерьевич,,N,,,,,,N,N,N,False,Заместитель Президента – Председателя Правления Банка ВТБ (ПАО); руководитель технологического блока,4.0,52.863394681944804
VTBR,Лукьяненко Валерий Васильевич,,,,,,,,,,,False,Заместитель Президента – Председателя Правления Банка ВТБ (ПАО); член Правления,0.0,0.0
VTBR,Сергейчук Виталий Юрьевич,,,,,,,,,,,False,Член Правления Банка ВТБ (ПАО); руководитель блока «Корпоративно-инвестиционный бизнес»,0.0,0.0
VTBR,Кондратенко Максим Дмитриевич,,,,,,,,,,,False,Член Правления Банка ВТБ (ПАО); главный риск-менеджер (CRO) Группы ВТБ,0.0,0.0
VTBR,Диркс Наталья Германовна,,,,,,,,,,,False,Член Правления Банка ВТБ (ПАО); руководитель Департамента операционной поддержки бизнеса – старший вице-президент,0.0,0.0
VTBR,Норов Эркин Рахматович,,,,,,,,,,,False,Член Правления Банка ВТБ (ПАО),0.0,0.0
VTBR,Андресов Юрий Николаевич,,N,N,N,N,N,,,,,False,Член Правления Банка ВТБ (ПАО); куратор офлайн-каналов розничных продаж; заместитель Президента – Председателя Правления Банка «Открытие» в 2024 году,5.0,58.85190554114832
VTBR,Лозовой Алексей,,,,,,,,,,,False,Член Правления Банка ВТБ (ПАО); до избрания в Правление — руководитель юридического департамента,0.0,0.0
VTBR,Левыкин Владимир Дмитриевич,,,,,,,N,,,,False,Член Правления Банка ВТБ (ПАО); руководитель Департамента стратегии и корпоративного развития,1.0,22.7670248696953
VTBR,Еременко Руслан Юрьевич,,,,,,,,,,,False,Член Правления Банка ВТБ (ПАО) с марта 2024 года; руководитель Департамента регионального корпоративного бизнеса – старший вице-президент,0.0,0.0
WUSH,Баяндин Егор Александрович,,,,,,,,,,,False,Председатель Совета директоров ПАО «ВУШ Холдинг»; заместитель генерального директора ООО «ВУШ» по информационным технологиям; технический директор Whoosh,0.0,0.0
WUSH,Чуйко Дмитрий Владимирович,,,,,,,,,,,True,Член Совета директоров ПАО «ВУШ Холдинг»; генеральный директор ПАО «ВУШ Холдинг»; основатель Whoosh,0.0,0.0
WUSH,Журавлев Олег Александрович,,,,,,,,,,,False,Член Совета директоров ПАО «ВУШ Холдинг»; заместитель генерального директора ООО «ВУШ» по территориальному развитию,0.0,0.0
WUSH,Лаврентьев Сергей Владимирович,,,,,,,,,,,False,Член Совета директоров ПАО «ВУШ Холдинг»; заместитель генерального директора ООО «ВУШ» по взаимодействию с органами власти,0.0,0.0
WUSH,Еремин Антон Валентинович,,,,,,,,,,,False,Член Совета директоров ПАО «ВУШ Холдинг»; первый заместитель генерального директора ООО «ВУШ»,0.0,0.0
WUSH,Зальцман Евгений Ефимович,,,,,,,,,,,False,Член Совета директоров ПАО «ВУШ Холдинг»,0.0,0.0
WUSH,Соловьева Юлия,,,,,N,N,N,,,,False,"Независимый директор, член Совета директоров ПАО «ВУШ Холдинг»",3.0,45.5340497393906
WUSH,Ефремов Николай Сергеевич,,,,,,,,,,,False,"Независимый директор, член Совета директоров ПАО «ВУШ Холдинг»",0.0,0.0
WUSH,Розанов Всеволод Валерьевич,N,W,N,,,,,,,,False,"Независимый директор, член Совета директоров ПАО «ВУШ Холдинг»",4.0,52.863394681944804
WUSH,Синявский Александр,,,N,N,N,,,,,,False,Финансовый директор Whoosh,3.0,45.5340497393906
WUSH,Камойлик Юлия,,,,,,,,,,,False,Директор по коммуникациям Whoosh,0.0,0.0
WUSH,Литвина Анастасия Леонидовна,,,,,,,,,,,False,Корпоративный секретарь ПАО «ВУШ Холдинг»,0.0,0.0
YDEX,Светлана Ячевская,,,,,,,,,,,False,Председатель совета директоров; независимый директор,0.0,0.0
YDEX,Андрей Бетин,,,,,,,,,,,False,Независимый директор,0.0,0.0
YDEX,Александр Ивлев,N,W,N,N,N,,,,,,False,Независимый директор,6.0,63.91511932854698
YDEX,Алексей Яковицкий,N,,,,,,,,,,False,Независимый директор,1.0,22.7670248696953
YDEX,Евгений Якушкин,,,,,,,,,,,False,Независимый директор,0.0,0.0
YDEX,Павел Деньгин,,,,,,,,,,,False,Неисполнительный директор,0.0,0.0
YDEX,Антон Сычёв,,,,,,,,,,,False,Неисполнительный директор,0.0,0.0
YDEX,Александр Чачава,,,,,,,,,,,False,Неисполнительный директор,0.0,0.0
YDEX,Артём Савиновский,,,,,,,,,,,True,Исполнительный директор; генеральный директор МКПАО «ЯНДЕКС»,0.0,0.0
YDEX,Алексей Кудрин,,,,,,,,,,,False,Советник по корпоративному развитию Яндекса,0.0,0.0
YDEX,Андрей Себрант,,,,,,,,,,,False,Директор по стратегическому маркетингу,0.0,0.0
YDEX,Александр Крайнов,,,,,,,,,,,False,Директор по развитию технологий искусственного интеллекта,0.0,0.0
YDEX,Павел Кушелев,,,,,,,,,,,False,Директор по PR-проектам,0.0,0.0
YDEX,Константин Сидорков,,,,,,,,,,,False,Директор по работе с артистами,0.0,0.0
YDEX,Даниил Шулейко,,,N,,,N,,,,,False,Директор бизнес-группы E-commerce и Ridetech,2.0,36.08488067145302
YDEX,Дмитрий Масюк,,,,,,,,,,,False,Директор бизнес-группы Поиска и рекламных технологий,0.0,0.0
YDEX,Роман Маресов,,,,,,,,,,,False,Руководитель e-commerce-сервисов Яндекса,0.0,0.0
YDEX,Александр Аникин,,,,,,,,,,,False,Руководитель направления Ridetech; генеральный директор ООО «Яндекс.Такси»,0.0,0.0
YDEX,Елена Бубнова,,,,,,,,,,,False,Руководитель Поиска Яндекса,0.0,0.0
YDEX,Игорь Богачёв,,,,,,,,,,,False,Коммерческий директор Яндекса,0.0,0.0
YDEX,Александр Балахнин,,,,,,,,,,,False,Финансовый директор Яндекса,0.0,0.0
YDEX,Иван Задохин,,,,,,,,,,,False,Операционный директор Яндекс Маркета,0.0,0.0
YDEX,Вадим Петров,,,,,,,,,,,False,Генеральный директор Яндекс Лавки,0.0,0.0
YDEX,Евгений Анищенков,,,,,,,,,,,False,Руководитель сервисов Яндекс Еда и Деливери,0.0,0.0
YDEX,Александр Дунаевский,,,,,,,,,,,False,Генеральный директор Кинопоиска,0.0,0.0
YDEX,Александра Сагалович,,,,,,,,,,,False,Руководитель Яндекс Музыки,0.0,0.0
YDEX,Виталий Григораш,,,,,,,,,,,False,Руководитель Яндекс Книг,0.0,0.0
YDEX,Андрей Гевак,,,,,,,,,,,False,Генеральный директор Яндекс Плюса,0.0,0.0
YDEX,Ольга Филипук,,,,,,,,,,,False,Директор по контенту Плюса и Фантеха,0.0,0.0
YDEX,Дмитрий Литвинов,,,,,,,,,,,False,Генеральный директор BandLink,0.0,0.0
YDEX,Дмитрий Субботин,,,,,,,,,,,False,Руководитель Яндекс Афиши,0.0,0.0
YDEX,Тембот Керефов,,,,,,,,,,,False,Руководитель Яндекс Доставки в России,0.0,0.0
YDEX,Кирилл Лунёв,,,,,,,,,,,False,Генеральный директор Яндекс Драйва,0.0,0.0
YDEX,Павел Алёшин,,,,,,,,,,,False,Генеральный директор Авто.ру,0.0,0.0
YDEX,Александр Ганьшин,,,,,,,,,,,False,Генеральный директор Яндекс Погоды; генеральный директор Яндекс Пробок,0.0,0.0
YDEX,Павел Епишин,,,,,,,,,,,False,Генеральный директор Яндекс Игр,0.0,0.0
ZAYM,Повалий Михаил Сергеевич,,,,,,,,,,,False,"председатель Совета директоров, независимый директор",0.0,0.0
ZAYM,Мехтиев Эльман Октай оглу,,,,,,,,,,,False,независимый директор,0.0,0.0
ZAYM,Макаров Роман Сергеевич,,,,,,,,,,,True,"член Совета директоров, генеральный директор",0.0,0.0
ZAYM,Грязнова Оксана Николаевна,,,,,,,,,,,False,"член Совета директоров, финансовый директор",0.0,0.0
ZAYM,Заводсков Андрей Дмитриевич,,,,,,,,,,,False,"член Совета директоров, заместитель генерального директора",0.0,0.0
ZAYM,Ляшенко Павел Андреевич,,,,,,,,,,,False,"член Совета директоров, генеральный директор ООО «ФинТехРобот»",0.0,0.0
ZAYM,Борейко Александр Сергеевич,,,,,,,,,,,False,"член Совета директоров, директор по связям с инвесторами",0.0,0.0
ZAYM,Матвеева Татьяна Васильевна,,,,,,,,,,,False,"лен Совета директоров, директор по правовым вопросам",0.0,0.0
ZAYM,Родионов Станислав Николаевич,,,,,,,,,,,False,"член Совета директоров, директор по информационной безопасности",0.0,0.0
ZAYM,Сныткин Алексей Викторович,,,,,,,,,,,False,"член Совета директоров, заместитель директора по управлению рисками и внутреннему контролю",0.0,0.0
