ticker,education_name,matched_name,method,score
ABIO,Александров Дмитрий Андреевич,Александров Дмитрий Андреевич,exact,100.0
ABIO,Богуславский Дмитрий Эдгардович,Богуславский Дмитрий Эдгардович,exact,100.0
ABIO,Деев Роман Вадимович,Деев Роман Вадимович,exact,100.0
ABIO,Исаев Андрей Александрович,Исаев Андрей Александрович,exact,100.0
ABIO,Исаев Артур Александрович,Исаев Артур Александрович,exact,100.0
ABIO,Киселев Сергей Львович,Киселев Сергей Львович,exact,100.0
ABIO,Масюк Сергей Владимирович,Масюк Сергей Владимирович,exact,100.0
ABIO,Мауэр Константин Николаевич,Мауэр Константин Николаевич,exact,100.0
ABIO,Примак Алексей Евгеньевич,Примак Алексей Евгеньевич,exact,100.0
AFKS,Васадзе Леван Шиоевич,Васадзе Леван Шиоевич,exact,100.0
AFKS,Волошин Александр Стальевич,Волошин Александр Стальевич,exact,100.0
AFKS,Вьюгин Олег Вячеславович,Вьюгин Олег Вячеславович,exact,100.0
AFKS,Евтушенков Владимир Петрович,Евтушенков Владимир Петрович,exact,100.0
AFKS,Евтушенков Феликс Владимирович,Евтушенков Феликс Владимирович,exact,100.0
AFKS,Кузьминов Ярослав Иванович,Кузьминов Ярослав Иванович,exact,100.0
AFKS,Маслов Алексей Александрович,Маслов Алексей Александрович,exact,100.0
AFKS,Ситдеков Тагир Алиевич,Ситдеков Тагир Алиевич,exact,100.0
AFKS,Шохин Александр Николаевич,Шохин Александр Николаевич,exact,100.0
AFLT,Александровский Сергей Владимирович,Александровский Сергей Владимирович,exact,100.0
AFLT,Бадеха Вадим Александрович,Бадеха Вадим Александрович,exact,100.0
AFLT,Каменской Игорь Александрович,Каменской Игорь Александрович,exact,100.0
AFLT,Ликсутов Максим Станиславович,Ликсутов Максим Станиславович,exact,100.0
AFLT,Моисеев Алексей Владимирович,Моисеев Алексей Владимирович,exact,100.0
AFLT,Никитин Андрей Сергеевич,Никитин Андрей Сергеевич,exact,100.0
AFLT,Пахомов Роман Викторович,Пахомов Роман Викторович,exact,100.0
AFLT,Песков Дмитрий Николаевич,Песков Дмитрий Николаевич,exact,100.0
AFLT,Прокофьев Станислав Евгеньевич,Прокофьев Станислав Евгеньевич,exact,100.0
AFLT,Савельев Виталий Геннадьевич,Савельев Виталий Геннадьевич,exact,100.0
AFLT,Семёнов Андрей Викторович,Семёнов Андрей Викторович,exact,100.0
AFLT,Чемезов Сергей Викторович,Чемезов Сергей Викторович,exact,100.0
AFLT,Чиханчин Андрей Юрьевич,Чиханчин Андрей Юрьевич,exact,100.0
AFLT,Шадаев Максут Игоревич,Шадаев Максут Игоревич,exact,100.0
AGRO,Липатов Тимур Владимирович,Липатов Тимур Владимирович,exact,100.0
AKRN,Беликов Игорь Вячеславович,Беликов Игорь Вячеславович,exact,100.0
AKRN,Гавриков Владимир Викторович,Гавриков Владимир Викторович,exact,100.0
AKRN,Данильченко Нина Викторовна,Данильченко Нина Викторовна,exact,100.0
AKRN,Дынкин Александр Александрович,Дынкин Александр Александрович,exact,100.0
AKRN,Кантолинский Михаил Иосифович,Кантолинский Михаил Иосифович,exact,100.0
AKRN,Колосовский Андрей Леонидович,Колосовский Андрей Леонидович,exact,100.0
AKRN,Корнышев Олег Александрович,Корнышев Олег Александрович,exact,100.0
AKRN,Куницкий Владимир Яковлевич,Куницкий Владимир Яковлевич,exact,100.0
AKRN,Попов Александр Валериевич,Попов Александр Валериевич,exact,100.0
AKRN,Швалюк Валерий Петрович,Швалюк Валерий Петрович,exact,100.0
ALRS,Багынанов Павел Николаевич,Багынанов Павел Николаевич,exact,100.0
ALRS,Григорьев Павел Анатольевич,Григорьев Павел Анатольевич,exact,100.0
ALRS,Григорьева Евгения Васильевна,Григорьева Евгения Васильевна,exact,100.0
ALRS,Донец Андрей Иванович,Донец Андрей Иванович,exact,100.0
ALRS,Дяченко Сергей Николаевич,Дяченко Сергей Николаевич,exact,100.0
ALRS,Жондоров Валерий Алексеевич,Жондоров Валерий Алексеевич,exact,100.0
ALRS,Иванов Сергей Сергеевич,Иванов Сергей Сергеевич,exact,100.0
ALRS,Маринычев Павел Алексеевич,Маринычев Павел Алексеевич,exact,100.0
ALRS,Моисеев Алексей Владимирович,Моисеев Алексей Владимирович,exact,100.0
ALRS,Николаев Айсен Сергеевич,Николаев Айсен Сергеевич,exact,100.0
ALRS,Николаев Игорь Иванович,Николаев Игорь Иванович,exact,100.0
ALRS,Павленко Сергей Витальевич,Павленко Сергей Витальевич,exact,100.0
ALRS,Рюмин Андрей Валерьевич,Рюмин Андрей Валерьевич,exact,100.0
ALRS,Силуанов Антон Германович,Силуанов Антон Германович,exact,100.0
ALRS,Фрадков Пётр Михайлович,Фрадков Пётр Михайлович,exact,100.0
APTK,Кузин Александр Владимирович,Кузин Александр Владимирович,exact,100.0
AQUA,Александров Владимир Валерьевич,Александров Владимир Валерьевич,exact,100.0
AQUA,Аюпова Сайёра Якуповна,Аюпова Сайёра Якуповна,exact,100.0
AQUA,Благирев Алексей Павлович,Благирев Алексей Павлович,exact,100.0
AQUA,Василенко Анна Геннадьевна,Василенко Анна Геннадьевна,exact,100.0
AQUA,Васильков Дмитрий Олегович,Васильков Дмитрий Олегович,exact,100.0
AQUA,Кащеев Роман Витальевич,Кащеев Роман Витальевич,exact,100.0
AQUA,Марченко Андрей Александрович,Марченко Андрей Александрович,exact,100.0
AQUA,Погуляев Владислав Юрьевич,Погуляев Владислав Юрьевич,exact,100.0
AQUA,Соснов Илья Геннадьевич,Соснов Илья Геннадьевич,exact,100.0
AQUA,Чернова Екатерина Анатольевна,Чернова Екатерина Анатольевна,exact,100.0
ASTR,Прянишников Николай Николаевич,Прянишников Николай Николаевич,exact,100.0
ASTR,Сивцев Илья Игоревич,Сивцев Илья Игоревич,exact,100.0
ASTR,Фролов Денис Владимирович,Фролов Денис Владимирович,exact,100.0
BANEP,Стрельцов Тимофей Михайлович,Стрельцов Тимофей Михайлович,exact,100.0
BELU,Белокопытов Николай Владимирович,Белокопытов Николай Владимирович,exact,100.0
BELU,Гукасян Мелине Генриковна,Гукасян Мелине Генриковна,exact,100.0
BELU,Иконников Александр Вячеславович,Иконников Александр Вячеславович,exact,100.0
BELU,Крачковский Александр Борисович,Крачковский Александр Борисович,exact,100.0
BELU,Купцов Сергей Александрович,Купцов Сергей Александрович,exact,100.0
BELU,Мечетин Александр Анатольевич,Мечетин Александр Анатольевич,exact,100.0
BELU,Молчанов Сергей Витальевич,Молчанов Сергей Витальевич,exact,100.0
BELU,Ордовский-Танаевский Бланко Ростислав,Ордовский-Танаевский Бланко Ростислав,exact,100.0
BELU,Прохоров Константин Анатольевич,Прохоров Константин Анатольевич,exact,100.0
BSPB,Иванникова Елена Викторовна,Иванникова Елена Викторовна,exact,100.0
BSPB,Савельев Александр Васильевич,Савельев Александр Васильевич,exact,100.0
CBOM,Маликова Дина Ринатовна,Маликова Дина Ринатовна,exact,100.0
CHMF,Мордашов Алексей Александрович,Мордашов Алексей Александрович,exact,100.0
CHMF,Шевелёв Александр Анатольевич,Шевелёв Александр Анатольевич,exact,100.0
CHMK,Капнин Владимир Викторович,Капнин Владимир Викторович,exact,100.0
CIAN,Григорьев Дмитрий Константинович,Григорьев Дмитрий Константинович,exact,100.0
CIAN,Мельников Максим Анатольевич,Мельников Максим Анатольевич,exact,100.0
DATA,Бушуева Екатерина Андреевна,Бушуева Екатерина,core_exact,100.0
DATA,Гревцев Виктор Викторович,Гревцев Виктор Викторович,exact,100.0
DATA,Жуков Андрей,Жуков Андрей,exact,100.0
DATA,Муницына Мария Анатольевна,Муницына Мария Анатольевна,exact,100.0
DATA,Пустовой Максим Владимирович,Пустовой Максим Владимирович,exact,100.0
DELI,Алгульян Даниил Валерьевич,Алгульян Даниил Валерьевич,exact,100.0
DELI,Артюх Константин Юрьевич,Артюх Константин Юрьевич,exact,100.0
DELI,Белотуркин Александр,Белотуркин Александр,exact,100.0
DELI,Бехтина Елена Александровна,Бехтина Елена Александровна,exact,100.0
DELI,Гюванч Донмез,Гюванч Донмез,exact,100.0
DELI,Коновальчук Виталий,Коновальчук Виталий,exact,100.0
DELI,Лойко Михаил,Лойко Михаил,exact,100.0
DELI,Меликян Артур Борисович,Меликян Артур Борисович,exact,100.0
DELI,Полещук Ярослав Николаевич,Полещук Ярослав Николаевич,exact,100.0
DELI,Саволайнен Ольга Викторовна,Саволайнен Ольга Викторовна,exact,100.0
DELI,Садовин Владимир Альбертович,Садовин Владимир Альбертович,exact,100.0
DELI,Чарухин Денис Юрьевич,Чарухин Денис Юрьевич,exact,100.0
DELI,Чораян Григорий Ованесович,Чораян Григорий Ованесович,exact,100.0
DIAS,Бабкин Алексей Анатольевич,Бабкин Алексей Анатольевич,exact,100.0
DIAS,Бочкарев Сергей Викторович,Бочкарев Сергей Викторович,exact,100.0
DIAS,Глазков Александр Валериевич,Глазков Александр Валериевич,exact,100.0
DIAS,Клишина Екатерина Александровна,Клишина Екатерина Александровна,exact,100.0
DIAS,Лебедев Дмитрий Владимирович,Лебедев Дмитрий Владимирович,exact,100.0
DIAS,Ляшков Александр Анатольевич,Ляшков Александр Анатольевич,exact,100.0
DIAS,Таскаева Татьяна Петровна,Таскаева Татьяна Петровна,exact,100.0
DVEC,Ажимов Олег Евгеньевич,Ажимов Олег Евгеньевич,exact,100.0
DVEC,Бельченко Антон Леонидович,Бельченко Антон Леонидович,exact,100.0
DVEC,Борисенко Вера Валентиновна,Борисенко Вера Валентиновна,exact,100.0
DVEC,Власов Алексей Валерьевич,Власов Алексей Валерьевич,exact,100.0
DVEC,Доланова Елена Федоровна,Доланова Елена Федоровна,exact,100.0
DVEC,Дьяченко Ксения Юрьевна,Дьяченко Ксения Юрьевна,exact,100.0
DVEC,Кабанова Лариса Владимировна,Кабанова Лариса Владимировна,exact,100.0
DVEC,Кимерин Владимир Анатольевич,Кимерин Владимир Анатольевич,exact,100.0
DVEC,Коломиец Владимир Александрович,Коломиец Владимир Александрович,exact,100.0
DVEC,Коптяков Станислав Сергеевич,Коптяков Станислав Сергеевич,exact,100.0
DVEC,Меделец Светлана Юрьевна,Меделец Светлана Юрьевна,exact,100.0
DVEC,Осенкова Ксения Геннадьевна,Осенкова Ксения Геннадьевна,exact,100.0
DVEC,Сорокин Роман Юрьевич,Сорокин Роман Юрьевич,exact,100.0
DVEC,Стороженко Виталий Анатольевич,Стороженко Виталий Анатольевич,exact,100.0
DVEC,Тюльпанов Евгений Викторович,Тюльпанов Евгений Викторович,exact,100.0
ELFV,Атцени Москвитин Матвей Владимирович,Атцени Москвитин Матвей Владимирович,exact,100.0
ELFV,Верещагин Михаил Игоревич,Верещагин Михаил Игоревич,exact,100.0
ELFV,Косменюк Олег Николаевич,Косменюк Олег Николаевич,exact,100.0
ELFV,Леонова Нина Васильевна,Леонова Нина Васильевна,exact,100.0
ELFV,Рачкин Сергей Владимирович,Рачкин Сергей Владимирович,exact,100.0
ELFV,Рожина Лариса Николаевна,Рожина Лариса Николаевна,exact,100.0
ELFV,Седова Жанна Игоревна,Седова Жанна Игоревна,exact,100.0
ELFV,Тналин Алибек Айбекович,Тналин Алибек Айбекович,exact,100.0
ELFV,Юзефович Елена Константиновна,Юзефович Елена Константиновна,exact,100.0
ENPG,Бахтина Ирина,Бахтина Ирина,exact,100.0
ENPG,Галенская Людмила Петровна,Галенская Людмила Петровна,exact,100.0
ENPG,Гераскин Вадим Викторович,Гераскин Вадим Викторович,exact,100.0
ENPG,Горбатова Анастасия Владимировна,Горбатова Анастасия Владимировна,exact,100.0
ENPG,Данилов Александр,Данилов Александр,exact,100.0
ENPG,Джеймс У. Рэйдер (J.W. Rader),Джеймс У. Рэйдер,exact,100.0
ENPG,Джеймс Шваб (James Schwab),Джеймс Шваб,exact,100.0
ENPG,Колмогоров Владимир Васильевич,Колмогоров Владимир Васильевич,exact,100.0
ENPG,Конопацкий Виктор,Конопацкий Виктор,exact,100.0
ENPG,Кристофер Бэнкрофт Бернэм (Christopher Bancroft Burnham),Кристофер Бернэм,unique_name_subset,100.0
ENPG,Малевинская Анна Александровна,Малевинская Анна Александровна,exact,100.0
ENPG,Плугарь Андрей Георгиевич,Плугарь Андрей Георгиевич,exact,100.0
ENPG,Погосбеков Давид Дешенович,Погосбеков Давид Дешенович,exact,100.0
ENPG,Санарова Ольга,Санарова Ольга,exact,100.0
ENPG,Тэргуд Маршалл Мл. (Thurgood Marshall Jr.),Тэргуд Маршалл Мл.,exact,100.0
ENPG,Филина Ольга Владимировна,Филина Ольга Владимировна,exact,100.0
ENPG,Фокина Жанна Сергеевна,Фокина Жанна Сергеевна,exact,100.0
ENPG,Шаронов Андрей Владимирович,Шаронов Андрей Владимирович,exact,100.0
ENPG,Яновский Андрей Владимирович,Яновский Андрей Владимирович,exact,100.0
ETLN,Бузулуцкий Михаил Игоревич,Бузулуцкий Михаил Игоревич,exact,100.0
ETLN,Волошин Александр Стальевич,Волошин Александр Стальевич,exact,100.0
ETLN,Егоров Сергей Валерьевич,Егоров Сергей Валерьевич,exact,100.0
ETLN,Крифтис Андреас,Андреас Крифтис,exact,100.0
ETLN,Оглоблина Марина Евгеньевна,Оглоблина Марина Евгеньевна,exact,100.0
ETLN,Пыльцов Виталий Николаевич,Пыльцов Виталий Николаевич,exact,100.0
ETLN,Щербина Геннадий Филиппович,Щербина Геннадий Филиппович,exact,100.0
EUTR,Алексеенков Олег Олегович,Алексеенков Олег Олегович,exact,100.0
EUTR,Алексеенков Сергей Олегович,Алексеенков Сергей Олегович,exact,100.0
EUTR,Депутатов Георгий Юрьевич,Депутатов Георгий Юрьевич,exact,100.0
EUTR,Дорошенко Николай Николаевич,Дорошенко Николай Николаевич,exact,100.0
EUTR,Мартышов Игорь Юрьевич,Мартышов Игорь Юрьевич,exact,100.0
EUTR,Панкратьева Наталья Михайловна,Панкратьева Наталья Михайловна,exact,100.0
EUTR,Сафонов Олег Петрович,Сафонов Олег Петрович,exact,100.0
EUTR,Сигова Мария Викторовна,Сигова Мария Викторовна,exact,100.0
EUTR,Хазин Андрей Леонидович,Хазин Андрей Леонидович,exact,100.0
EUTR,Шемякин Борис Олегович,Шемякин Борис Олегович,exact,100.0
FEES,Краинский Даниил Владимирович,Краинский Даниил Владимирович,exact,100.0
FEES,Кулишов Григорий Викторович,Кулишов Григорий Викторович,exact,100.0
FEES,Ляпунов Евгений Викторович,Ляпунов Евгений Викторович,exact,100.0
FEES,Макаров Владимир Александрович,Макаров Владимир Александрович,exact,100.0
FEES,Мольский Алексей Валерьевич,Мольский Алексей Валерьевич,exact,100.0
FEES,Муров Андрей Евгеньевич,Муров Андрей Евгеньевич,exact,100.0
FEES,Новак Александр Валентинович,Новак Александр Валентинович,exact,100.0
FEES,Полинов Алексей Александрович,Полинов Алексей Александрович,exact,100.0
FEES,Рюмин Андрей Валерьевич,Рюмин Андрей Валерьевич,exact,100.0
FEES,Ульянов Антон Сергеевич,Ульянов Антон Сергеевич,exact,100.0
FEES,Харитонов Владимир Вячеславович,Харитонов Владимир Вячеславович,exact,100.0
FESH,Иванов Петр Валерьевич,Иванов Петр Валерьевич,exact,100.0
FESH,Плотников Юрий Олегович,Плотников Юрий Олегович,exact,100.0
FIVE,Ворона Иван Николаевич,Ворона Иван Николаевич,exact,100.0
FIVE,Лобачева Екатерина Владимировна,Лобачева Екатерина Владимировна,exact,100.0
FIVE,Мурашкин Андрей Игоревич,Мурашкин Андрей Игоревич,exact,100.0
FIVE,Шехтерман Игорь Владимирович,Шехтерман Игорь Владимирович,exact,100.0
FIXP,Кирсанов Дмитрий Николаевич,Кирсанов Дмитрий Николаевич,exact,100.0
FIXP,Миронова Елена,Миронова Елена,exact,100.0
FIXP,Погонин Владимир Петрович,Погонин Владимир Петрович,exact,100.0
FLOT,Вербо Александр Михайлович,Вербо Александр Михайлович,exact,100.0
FLOT,Тонковидов Игорь Васильевич,Тонковидов Игорь Васильевич,exact,100.0
FLOT,Франк Сергей Оттович,Франк Сергей Оттович,exact,100.0
GAZP,Акимов Андрей Игоревич,Акимов Андрей Игоревич,exact,100.0
GAZP,Аксютин Олег Евгеньевич,Аксютин Олег Евгеньевич,exact,100.0
GAZP,Зубков Виктор Алексеевич,Зубков Виктор Алексеевич,exact,100.0
GAZP,Илюхина Елена Анатольевна,Илюхина Елена Анатольевна,exact,100.0
GAZP,Кузнец Сергей Иванович,Кузнец Сергей Иванович,exact,100.0
GAZP,Куприянов Сергей Владимирович,Куприянов Сергей Владимирович,exact,100.0
GAZP,Максимцев Игорь Анатольевич,Максимцев Игорь Анатольевич,exact,100.0
GAZP,Мантуров Денис Валентинович,Мантуров Денис Валентинович,exact,100.0
GAZP,Маркелов Виталий Анатольевич,Маркелов Виталий Анатольевич,exact,100.0
GAZP,Марков Владимир Константинович,Марков Владимир Константинович,exact,100.0
GAZP,Мартынов Виктор Георгиевич,Мартынов Виктор Георгиевич,exact,100.0
GAZP,Меньшиков Сергей Николаевич,Меньшиков Сергей Николаевич,exact,100.0
GAZP,Миллер Алексей Борисович,Миллер Алексей Борисович,exact,100.0
GAZP,Михаленко Вячеслав Александрович,Михаленко Вячеслав Александрович,exact,100.0
GAZP,Новак Александр Валентинович,Новак Александр Валентинович,exact,100.0
GAZP,Патрушев Дмитрий Николаевич,Патрушев Дмитрий Николаевич,exact,100.0
GAZP,Путин Михаил Евгеньевич,Путин Михаил Евгеньевич,exact,100.0
GAZP,Россеев Михаил Николаевич,Россеев Михаил Николаевич,exact,100.0
GAZP,Садыгов Фамил Камиль оглы,Садыгов Фамил Камиль оглы,exact,100.0
GAZP,Середа Михаил Леонидович,Середа Михаил Леонидович,exact,100.0
GAZP,Симдякин Вадим Михайлович,Симдякин Вадим Михайлович,exact,100.0
GAZP,Хомяков Сергей Федорович,Хомяков Сергей Федорович,exact,100.0
GEMC,Вольский Владислав Михайлович,Вольский Владислав Михайлович,exact,100.0
GEMC,Лобанов Олег Валентинович,Лобанов Олег Валентинович,exact,100.0
GEMC,Минаков Георгий Викторович,Минаков Георгий Викторович,exact,100.0
GEMC,Тронин Андрей Владимирович,Тронин Андрей Владимирович,exact,100.0
GEMC,Шмелев Дмитрий Сергеевич,Шмелев Дмитрий Сергеевич,exact,100.0
GEMC,Яновский Андрей Владимирович,Яновский Андрей Владимирович,exact,100.0
GLTR,Абдулла Белобайда / Abdulla Belobaida,Абдулла Белобайда,exact,100.0
GLTR,Абдултайаб Бахрейнвала / Dr. Abdultaiyab Bahrainwala,Абдултайаб Бахрейнвала,exact,100.0
GLTR,Альбина Амангельдинова / Albina Amangeldinova,Альбина Амангельдинова,exact,100.0
GLTR,Вячеслав Станиславский / Viacheslav Stanislavskiy,Вячеслав Станиславский,exact,100.0
GLTR,Газизов Антон / Anton Gazizov,Газизов Антон,exact,100.0
GLTR,Джафар Борхан / Jaafar Borhan Jaafar,Джафар Борхан,exact,100.0
GLTR,Ержан Ниязалиев / Yerzhan Niyazaliyev,Ержан Ниязалиев,exact,100.0
GLTR,Жуслен Хейраллах / Jouslin Khairallah,Жуслен Хейраллах,exact,100.0
GLTR,Кайрат Итемгенов / Kairat Itemgenov,Кайрат Итемгенов,exact,100.0
GLTR,Руслан Изатов / Ruslan Izatov,Руслан Изатов,exact,100.0
GLTR,Стефан Хенрих / Stefan Henrich,Стефан Хенрих,exact,100.0
GLTR,Сторожев Александр Валентинович / Alexander Storozhev,Сторожев Александр Валентинович,exact,100.0
GLTR,Юсеф Абу Лабан / Yousef Abu Laban,Юсеф Абу Лабан,exact,100.0
GMKN,Потанин Владимир Олегович,Потанин Владимир Олегович,exact,100.0
HEAD,Арсеньев Сергей Станиславович,Арсеньев Сергей Станиславович,exact,100.0
HEAD,Байцур Антон Григорьевич,Байцур Антон Григорьевич,exact,100.0
HEAD,Григорьев Дмитрий Константинович,Григорьев Дмитрий Константинович,exact,100.0
HEAD,Дуглас Гарднер,Дуглас Гарднер,exact,100.0
HEAD,Крюков Дмитрий Викторович,Крюков Дмитрий Викторович,exact,100.0
HEAD,Машков Валентин Сергеевич,Машков Валентин Сергеевич,exact,100.0
HEAD,Сергиенков Дмитрий Сергеевич,Сергиенков Дмитрий Сергеевич,exact,100.0
HEAD,Ушакова Светлана Александровна,Ушакова Светлана Александровна,exact,100.0
HEAD,Филатова Ольга Геннадьевна,Филатова Ольга Геннадьевна,exact,100.0
HNFG,Адамян Амаяк Степаевич,Адамян Амаяк Степаевич,exact,100.0
HNFG,Арутюнян Рубен Альбертович,Арутюнян Рубен Альбертович,exact,100.0
HNFG,Глазов Василий Владимирович,Глазов Василий Владимирович,exact,100.0
HNFG,Золотарева Светлана Сергеевна,Золотарева Светлана Сергеевна,exact,100.0
HNFG,Киреев Михаил Сергеевич,Киреев Михаил Сергеевич,exact,100.0
HNFG,Коршунова Анна Сергеевна,Коршунова Анна Сергеевна,exact,100.0
HNFG,Мелконян Гагик Аршавирович,Мелконян Гагик Аршавирович,exact,100.0
HNFG,Мороз Александр Евгеньевич,Мороз Александр Евгеньевич,exact,100.0
HNFG,Нахапетян Гор Борисович,Нахапетян Гор Борисович,exact,100.0
HNFG,Рихтер Пауль,Рихтер Пауль,exact,100.0
HNFG,Саркисян Акоп Гургенович,Саркисян Акоп Гургенович,exact,100.0
HYDR,Евграфова Елена Олеговна,Евграфова Елена Олеговна,exact,100.0
HYDR,Исаков Александр Юрьевич,Исаков Александр Юрьевич,exact,100.0
HYDR,Недотко Вадим Владиславович,Недотко Вадим Владиславович,exact,100.0
HYDR,Панин Виктор Евгеньевич,Панин Виктор Евгеньевич,exact,100.0
HYDR,Финкель Дмитрий Владимирович,Финкель Дмитрий Владимирович,exact,100.0
HYDR,Хмарин Виктор Викторович,Хмарин Виктор Викторович,exact,100.0
IRAO,Бугров Андрей Евгеньевич,Бугров Андрей Евгеньевич,exact,100.0
IRAO,Быстров Максим Сергеевич,Быстров Максим Сергеевич,exact,100.0
IRAO,Гавриленко Анатолий Анатольевич,Гавриленко Анатолий Анатольевич,exact,100.0
IRAO,Дрегваль Сергей Георгиевич,Дрегваль Сергей Георгиевич,exact,100.0
IRAO,Локшин Александр Маркович,Локшин Александр Маркович,exact,100.0
IRAO,Миловидов Владимир Дмитриевич,Миловидов Владимир Дмитриевич,exact,100.0
IRAO,Муров Андрей Евгеньевич,Муров Андрей Евгеньевич,exact,100.0
IRAO,Опадчий Фёдор Юрьевич,Опадчий Фёдор Юрьевич,exact,100.0
IRAO,Сечин Игорь Иванович,Сечин Игорь Иванович,exact,100.0
IRAO,Федоров Денис Владимирович,Федоров Денис Владимирович,exact,100.0
IRAO,Шугаев Дмитрий Евгеньевич,Шугаев Дмитрий Евгеньевич,exact,100.0
IVAT,Батыров Ренат Рафикович,Батыров Ренат Рафикович,exact,100.0
IVAT,Зокин Андрей Александрович,Зокин Андрей Александрович,exact,100.0
IVAT,Иодковский Станислав Эрикович,,unmatched,0.0
IVAT,Манойло Андрей Федорович,Манойло Андрей Федорович,exact,100.0
IVAT,Петров Виктор Александрович,Петров Виктор Александрович,exact,100.0
IVAT,Смирнов Максим Сергеевич,Смирнов Максим Сергеевич,exact,100.0
IVAT,Смирнов Павел Игоревич,Смирнов Павел Игоревич,exact,100.0
IVAT,Терентьев Евгений Викторович,Терентьев Евгений Викторович,exact,100.0
IVAT,Черных Сергей Дмитриевич,Черных Сергей Дмитриевич,exact,100.0
KAZT,Аникушин Сергей Александрович,Аникушин Сергей Александрович,exact,100.0
KAZT,Ардамаков Сергей Витальевич,Ардамаков Сергей Витальевич,exact,100.0
KAZT,Бобровский Сергей Викторович,Бобровский Сергей Викторович,exact,100.0
KAZT,Былинин Андрей Николаевич,Былинин Андрей Николаевич,exact,100.0
KAZT,Герасименко Александр Викторович,Герасименко Александр Викторович,exact,100.0
KAZT,Герасименко Виктор Иванович,Герасименко Виктор Иванович,exact,100.0
KAZT,Кудашев Виктор Николаевич,Кудашев Виктор Николаевич,exact,100.0
KAZT,Кудрявцев Виктор Петрович,Кудрявцев Виктор Петрович,exact,100.0
KAZT,Огарков Анатолий Аркадьевич,Огарков Анатолий Аркадьевич,exact,100.0
KAZT,Рачин Константин Геннадьевич,Рачин Константин Геннадьевич,exact,100.0
KAZT,Рыбкин Дмитрий Васильевич,Рыбкин Дмитрий Васильевич,exact,100.0
KAZT,Туманов Сергей Александрович,Туманов Сергей Александрович,exact,100.0
KAZT,Шульженко Юрий Григорьевич,Шульженко Юрий Григорьевич,exact,100.0
KZOS,Сафин Айрат Фоатович,Сафин Айрат Фоатович,exact,100.0
LEAS,Мизюра Сергей Николаевич,Мизюра Сергей Николаевич,exact,100.0
LENT,Сорокин Владимир Леонидович,Сорокин Владимир Леонидович,exact,100.0
LKOH,Кочкуров Сергей Алексеевич,Кочкуров Сергей Алексеевич,exact,100.0
LSNGP,Денисов Игорь Вадимович,Денисов Игорь Вадимович,exact,100.0
LSNGP,Казаев Владимир Александрович,Казаев Владимир Александрович,exact,100.0
LSNGP,Котвицкий Константин Валерьевич,Котвицкий Константин Валерьевич,exact,100.0
LSNGP,Краинский Даниил Владимирович,Краинский Даниил Владимирович,exact,100.0
LSNGP,Кузьмин Игорь Анатольевич,Кузьмин Игорь Анатольевич,exact,100.0
LSNGP,Кутыева Екатерина Валерьевна,Кутыева Екатерина Валерьевна,exact,100.0
LSNGP,Ляпунов Евгений Викторович,Ляпунов Евгений Викторович,exact,100.0
LSNGP,Мельникова Светлана Анатольевна,Мельникова Светлана Анатольевна,exact,100.0
LSNGP,Мольский Алексей Валерьевич,Мольский Алексей Валерьевич,exact,100.0
LSNGP,Пикин Сергей Сергеевич,Пикин Сергей Сергеевич,exact,100.0
LSNGP,Полинов Алексей Александрович,Полинов Алексей Александрович,exact,100.0
LSNGP,Протасов Станислав Дмитриевич,Протасов Станислав Дмитриевич,exact,100.0
LSNGP,Рюмин Андрей Валерьевич,Рюмин Андрей Валерьевич,exact,100.0
LSRG,Волчецкая Галина Александровна,Волчецкая Галина Александровна,exact,100.0
LSRG,Игнатенко Виталий Никитич,Игнатенко Виталий Никитич,exact,100.0
LSRG,Кудимов Юрий Александрович,Кудимов Юрий Александрович,exact,100.0
LSRG,Кутузов Дмитрий Владимирович,Кутузов Дмитрий Владимирович,exact,100.0
LSRG,Левит Игорь Михайлович,Левит Игорь Михайлович,exact,100.0
LSRG,Молчанов Егор Андреевич,Молчанов Егор Андреевич,exact,100.0
LSRG,Осипов Юрий Сергеевич,Осипов Юрий Сергеевич,exact,100.0
LSRG,Шадрина Любовь Викторовна,Шадрина Любовь Викторовна,exact,100.0
LSRG,Яковлев Владимир Анатольевич,Яковлев Владимир Анатольевич,exact,100.0
MAGN,Еремин Андрей Анатольевич,Еремин Андрей Анатольевич,exact,100.0
MAGN,Исмаилов Рашид Рустам оглы,Исмаилов Рашид Рустам оглы,exact,100.0
MAGN,Марцинович Валерий Ярославович,Марцинович Валерий Ярославович,exact,100.0
MAGN,Морган Ральф Таваколян,Морган Ральф Таваколян,exact,100.0
MAGN,Наумова Ольга Валерьевна,Наумова Ольга Валерьевна,exact,100.0
MAGN,Осеевский Михаил Эдуардович,Осеевский Михаил Эдуардович,exact,100.0
MAGN,Рашников Виктор Филиппович,Рашников Виктор Филиппович,exact,100.0
MAGN,Рашникова Ольга Викторовна,Рашникова Ольга Викторовна,exact,100.0
MAGN,Ушаков Сергей Николаевич,Ушаков Сергей Николаевич,exact,100.0
MAGN,Шиляев Павел Владимирович,Шиляев Павел Владимирович,exact,100.0
MBNK,Иссопов Эдуард Александрович,Иссопов Эдуард Александрович,exact,100.0
MDMG,Калугин Сергей Борисович,Калугин Сергей Борисович,exact,100.0
MDMG,Кудимов Юрий Александрович,Кудимов Юрий Александрович,exact,100.0
MDMG,Курцер Марк Аркадьевич,Курцер Марк Аркадьевич,exact,100.0
MDMG,Лукина Татьяна Борисовна,Лукина Татьяна Борисовна,exact,100.0
MDMG,Меклер Владимир Александрович,Меклер Владимир Александрович,exact,100.0
MDMG,Устименко Виталий Александрович,Устименко Виталий Александрович,exact,100.0
MGNT,Андрей Юрьевич Бодров,Andrey Bodrov,core_exact,100.0
MGNT,Анна Николаевна Боброва,Bobrova Anna Nikolayevna,core_exact,100.0
MGNT,Анна Юрьевна Мелешина,Meleshina Anna Yurievna,core_exact,100.0
MGNT,Дмитрий Анатольевич Иванов,Dmitry Ivanov,core_exact,100.0
MGNT,Евгений Сергеевич Случевский,,unmatched,0.0
MGNT,Илья Игоревич Соколов,Ilya Igorevich Sokolov,exact,100.0
MGNT,Маргарита Викторовна Витихович,Vitikhovich M. Viktorovna,fuzzy,85.71428571428572
MGNT,Наталья Анатольевна Дуличенко,Dulichenko Natalia Anatoliyevna,core_exact,100.0
MGNT,Сергей Юрьевич Буйлов,Buylov Sergey Yurievich,fuzzy,92.3076923076923
MGNT,Юрий Мисник,Yuri Misnik,exact,100.0
MGTSP,Александр Сергеевич Дмитриев,Александр Сергеевич Дмитриев,exact,100.0
MGTSP,Альберт Тимурович Гильманов,Альберт Тимурович Гильманов,exact,100.0
MGTSP,Виктор Леонидович Белов,Виктор Леонидович Белов,exact,100.0
MGTSP,Дмитрий Николаевич Рылов,Дмитрий Николаевич Рылов,exact,100.0
MGTSP,Инеса Галактионова,Инеса Галактионова,exact,100.0
MGTSP,Ирина Владимировна Карева,Ирина Владимировна Карева,exact,100.0
MGTSP,Лариса Владимировна Бодягина,Лариса Владимировна Бодягина,exact,100.0
MGTSP,Роман Валерьевич Райков,Роман Валерьевич Райков,exact,100.0
MOEX,Aleksandr Mikhailovich Kamenskiy,Aleksandr Mikhailovich Kamenskiy,exact,100.0
MOEX,Aleksandr Vadimovich Izosimov,Aleksandr Vadimovich Izosimov,exact,100.0
MOEX,Andrei Selyuk,Andrei Selyuk,exact,100.0
MOEX,Andrey Burilov,Andrey Burilov,exact,100.0
MOEX,Anton Vladimirovich Terentiev,Anton Vladimirovich Terentiev,exact,100.0
MOEX,Bella Zlatkis,Bella Zlatkis,exact,100.0
MOEX,Dmitry Shcheglov,Dmitry Shcheglov,exact,100.0
MOEX,Olga Vyacheslavovna Melentyeva,Olga Vyacheslavovna Melentyeva,exact,100.0
MOEX,Paul Anne F Bodart,Paul Anne F Bodart,exact,100.0
MOEX,Ramón Morales Adarraga,Ramón Morales Adarraga,exact,100.0
MOEX,Sergey Anatolyevich Shvetsov,Sergey Anatolyevich Shvetsov,exact,100.0
MOEX,Sergey Lykov,Sergey Lykov,exact,100.0
MOEX,Valery Pavlovich Goreglyad,Valery Pavlovich Goreglyad,exact,100.0
MOEX,Yuriy Denisov,Yuriy Denisov,exact,100.0
MRKC,Алёшин Артём Геннадьевич,Artem Gennadievich Aleshin,core_exact,100.0
MRKC,Варварин Александр Викторович,Aleksander Viktorovich Varvarin,exact,100.0
MRKC,Головцов Александр Викторович,Alexander Viktorovich Golovtsov,exact,100.0
MRKC,Зархин Виталий Юрьевич,Vitaly Yuryevich Zarkhin,core_exact,100.0
MRKC,Земсков Андрей Юрьевич,Andrey Yuryevich Zemskov,core_exact,100.0
MRKC,Казаков Александр Иванович,Alexander Ivanovich Kazakov,exact,100.0
MRKC,Логаткин Андрей Вячеславович,Andrey Logatkin,core_exact,100.0
MRKC,Маковский Игорь Владимирович,Igor Vladimirovich Makovsky,fuzzy,88.88888888888889
MRKC,Романовская Лариса Анатольевна,Larisa Anatolyevna Romanovskaya,fuzzy,94.73684210526316
MRKC,Саух Максим Михайлович,Maxim Mikhailovich Saukh,exact,100.0
MRKC,Терников Сергей Александрович,Sergey Aleksandrovich Ternikov,exact,100.0
MRKC,Чевкин Дмитрий Александрович,Dmitry Alexandrovich Chevkin,core_exact,100.0
MRKC,Шаркова Юлия Эдуардовна,Yuliya Sharkova,core_exact,100.0
MRKC,Шевчук Александр Викторович,Aleksander V. Shevchuk,unique_name_subset,100.0
MRKP,Андрей Владимирович Морозов,Andrey Vladimirovich Morozov,exact,100.0
MRKP,Виталий Юрьевич Зархин,Vitaly Yuryevich Zarkhin,core_exact,100.0
MRKP,Игорь Владимирович Маковский,Igor Vladimirovich Makovsky,fuzzy,88.88888888888889
MRKP,Олег Романович Федоров,Oleg Romanovich Fedorov,exact,100.0
MRKP,Сергей Александрович Терников,Alexandrovich T. Sergey,reviewed_alias,100.0
MRKP,Сергей Владимирович Хлусов,Sergey Vladimirovich Khlusov,exact,100.0
MRKU,Александр Викторович Шевчук,Александр Викторович Шевчук,exact,100.0
MRKU,Алексей Александрович Полинов,Алексей Александрович Полинов,exact,100.0
MRKU,Алексей Владимирович Санин,Алексей Владимирович Санин,exact,100.0
MRKU,Алексей Вячеславович Коптев,Алексей Вячеславович Коптев,exact,100.0
MRKU,Владимир Александрович Рябушев,Владимир Александрович Рябушев,exact,100.0
MRKU,Даниил Владимирович Краинский,Даниил Владимирович Краинский,exact,100.0
MRKU,Дмитрий Александрович Воденников,Дмитрий Александрович Воденников,exact,100.0
MRKU,Елена Викторовна Андреева,Елена Викторовна Андреева,exact,100.0
MRKU,Карина Владимировна Дашко,Карина Владимировна Дашко,exact,100.0
MRKU,Марина Александровна Лаврова,Марина Александровна Лаврова,exact,100.0
MRKU,Мария Геннадьевна Тихонова,Мария Геннадьевна Тихонова,exact,100.0
MRKU,Михаил Александрович Бычко,Михаил Александрович Бычко,exact,100.0
MRKU,Ольга Вячеславовна Очередько,Ольга Вячеславовна Очередько,exact,100.0
MRKU,Павел Валерьевич Родин,Павел Валерьевич Родин,exact,100.0
MRKU,Сергей Владимирович Попов,Сергей Владимирович Попов,exact,100.0
MRKV,Aleksander V. Shevchuk / Шевчук Александр Викторович,Aleksander V. Shevchuk,exact,100.0
MRKV,Aleksey Molskiy / Мольский Алексей Валерьевич,Aleksey Molskiy,exact,100.0
MRKV,Alexander Golovtsov / Головцов Александр Викторович,Alexander Golovtsov,exact,100.0
MRKV,Alexander Ilyich Gavrilov / Гаврилов Александр Ильич,Alexander Ilyich Gavrilov,exact,100.0
MRKV,Alexander Ivanovich Kazakov / Казаков Александр Иванович,Alexander Ivanovich Kazakov,exact,100.0
MRKV,Andrey P. Tulba / Тулба Андрей Петрович,Andrey P. Tulba,exact,100.0
MRKV,Dmitriy Lvovich Zaretsky / Зарецкий Дмитрий Львович,Dmitriy Lvovich Zaretsky,exact,100.0
MRKV,Irina Yurievna Puchkova / Пучкова Ирина Юрьевна,Irina Yurievna Puchkova,exact,100.0
MRKV,Konstantin Valeryevich Kravchenko / Кравченко Константин Валерьевич,Konstantin Valeryevich Kravchenko,exact,100.0
MRKV,Leonid Yuryevich Akimov / Акимов Леонид Юрьевич,Leonid Yuryevich Akimov,exact,100.0
MRKV,Maria Tikhonova / Тихонова Мария Геннадьевна,Maria Tikhonova,exact,100.0
MRKV,Oleg Grigoryevich Pavlov / Павлов Олег Григорьевич,Oleg Grigoryevich Pavlov,exact,100.0
MRKV,Yulia Gennadyevna Burtseva / Бурцева Юлия Геннадьевна,Yulia Gennadyevna Burtseva,exact,100.0
MRKV,Yuri Goncharov / Гончаров Юрий Владимирович,Yuri Goncharov,exact,100.0
MRKZ,Александр Викторович Шевчук,Александр Викторович Шевчук,exact,100.0
MRKZ,Александр Юрьевич Корнеев,Александр Юрьевич Корнеев,exact,100.0
MRKZ,Алексей Александрович Полинов,Алексей Александрович Полинов,exact,100.0
MRKZ,Андрей Владимирович Морозов,Андрей Владимирович Морозов,exact,100.0
MRKZ,Анна Владимировна Изотова,Анна Владимировна Изотова,exact,100.0
MRKZ,Артем Геннадьевич Алешин,Артем Геннадьевич Алешин,exact,100.0
MRKZ,Василий Васильевич Вычегжанин,Василий Васильевич Вычегжанин,exact,100.0
MRKZ,Владимир Вячеславович Харитонов,Владимир Вячеславович Харитонов,exact,100.0
MRKZ,Вячеслав Юрьевич Торсунов,Вячеслав Юрьевич Торсунов,exact,100.0
MRKZ,Денис Владимирович Ягодка,Денис Владимирович Ягодка,exact,100.0
MRKZ,Карина Андреевна Аганова,Карина Андреевна Аганова,exact,100.0
MRKZ,Мария Геннадьевна Тихонова,Мария Геннадьевна Тихонова,exact,100.0
MRKZ,Олег Романович Федоров,Олег Романович Федоров,exact,100.0
MRKZ,Светлана Валерьевна Филатова,Светлана Валерьевна Филатова,exact,100.0
MRKZ,Сергей Владимирович Климов,Сергей Владимирович Климов,exact,100.0
MRKZ,Сергей Сергеевич Пикин,Сергей Сергеевич Пикин,exact,100.0
MSNG,Александр Александрович Бутко,Aleksandr Aleksandrovich Butko,exact,100.0
MSNG,Александр Алексеевич Афанасьев,Alexander Alekseevich Afanasiev,fuzzy,97.2972972972973
MSNG,Анна Александровна Ефимова,Anna Alexandrovna Efimova,core_exact,100.0
MSNG,Денис Владимирович Федоров,Denis Fedorov,core_exact,100.0
MSNG,Денис Сергеевич Ворончихин,Denis Sergeyevich Voronchikhin,core_exact,100.0
MSNG,Елена Владимировна Михайлова,Elena Mikhailova,core_exact,100.0
MSNG,Елена Юрьевна Новенькова,Elena Yuryevna Novenkova,core_exact,100.0
MSNG,Иванников Александр Сергеевич,Aleksandr Sergeevich Ivannikov,exact,100.0
MSNG,Комиссаров Константин Васильевич,Konstantin Vasilyevich Komissarov,core_exact,100.0
MSNG,Маркелов Виталий Анатольевич,Vitaly Markelov,core_exact,100.0
MSNG,Сухов Геннадий Николаевич,Gennady Sukhov,core_exact,100.0
MSNG,Табельский Андрей Николаевич,Andrey Nikolaevich Tabelskiy,fuzzy,93.75
MSNG,Хорев Андрей Викторович,Andrey Viktorovich Khorev,exact,100.0
MSNG,Шацкий Павел Олегович,Pavel Olegovich Shatsky,fuzzy,88.88888888888889
MSRS,Александр Михайлович Пятигор,,unmatched,0.0
MSRS,Алексей Викторович Нуждов,Aleksey Viktorovich Nuzhdov,exact,100.0
MSRS,Анатолий Анатольевич Гавриленко,Anatoliy Gavrilenko,core_exact,100.0
MSRS,Владимир Юрьевич Мясников,Vladimir Yurievich Myasnikov,fuzzy,94.44444444444444
MSRS,Всеволод Евгеньевич Иванов,Vsevolod Evgenyevich Ivanov,core_exact,100.0
MSRS,Гасан Гизбуллагович Гасангаджиев,Gasan Gizbullagovich Gasangadzhiev,exact,100.0
MSRS,Евгений Ильич Логовинский,Yevgeniy Logovinskiy,fuzzy,94.73684210526316
MSRS,Ирина Алёхина,Irina Alekhina,exact,100.0
MSRS,Лариса Анатольевна Романовская,Larisa Anatolyevna Romanovskaya,fuzzy,94.73684210526316
MSRS,Лилия Ивановна Шелест,Lilia Ivanovna Shelest,fuzzy,96.2962962962963
MSRS,Ольга Андреевна Сергеева,Olga Andreevna Sergeeva,exact,100.0
MSRS,Петр Алексеевич Синютин,Peter Alekseevich Sinyutin,fuzzy,92.3076923076923
MSRS,Сергей Александрович Никитин,Sergey Alexandrovich Nikitin,core_exact,100.0
MSRS,Сергей Валентинович Грищенко,Sergey Valentinovich Grischenko,fuzzy,97.14285714285714
MSRS,Юрий Владимирович Гончаров,Yuri Goncharov,core_exact,100.0
MTLR,Алексей Лукашов,Alexey Lukashov,exact,100.0
MTLR,Войткус Дмитрий Сергеевич,Dmitry S. Voytkus,fuzzy,87.5
MTLR,Коржов Олег Викторович,,unmatched,0.0
MTLR,Лебедев Алексей Викторович,Alexey Viktorovich Lebedev,exact,100.0
MTLR,Силаева Екатерина Александровна,Ekaterina Silayeva,fuzzy,97.14285714285714
MTLR,Хафизов Игорь Валерьевич,Igor Valeryevich Khafizov,core_exact,100.0
MTSS,Алексей Андреевич Катунин / Alexey Katunin,Alexey Katunin,exact,100.0
MTSS,Артем Иванович Засурский / Artem I. Zassoursky,Artem I. Zassoursky,exact,100.0
MTSS,Валентин Борисович Юмашев / Valentin Borisovich Yumashev,Valentin Yumashev,core_exact,100.0
MTSS,Вячеслав Константинович Николаев / Vyacheslav Konstantinovich Nikolayev,Vyacheslav Nikolayev,core_exact,100.0
MTSS,Надя Шурабура / Nadia Shouraboura,Nadia Shouraboura,exact,100.0
MTSS,Павел Алексеевич Воронин / Pavel Voronin,Pavel Voronin,exact,100.0
MTSS,Пол Берриман / Paul Berriman,Paul Berriman,exact,100.0
MTSS,Полина Угрюмова / Polina Ugryumova,Polina Ugryumova,exact,100.0
MTSS,Регина Дагмар Бенедикта фон Флемминг / Regina von Flemming,Regina von Flemming,exact,100.0
MTSS,Руслан Султанович Ибрагимов / Ruslan Sultanovich Ibragimov,Ruslan Sultanovich Ibragimov,exact,100.0
MVID,Анатолий Викторович Мохов,Анатолий Викторович Мохов,exact,100.0
MVID,Андрей Скачек,Андрей Скачек,exact,100.0
MVID,Билан Абдурахимович Ужахов,Билан Абдурахимович Ужахов,exact,100.0
MVID,Владислав Сергеевич Бакальчук,Владислав Сергеевич Бакальчук,exact,100.0
MVID,Владислав Ушаков,Владислав Ушаков,exact,100.0
MVID,Денис Владимирович Голышев,Денис Владимирович Голышев,exact,100.0
MVID,Дмитрий Игоревич Пылев,Дмитрий Игоревич Пылев,exact,100.0
MVID,Евгений Александрович Щепелин,Евгений Александрович Щепелин,exact,100.0
MVID,Екатерина Ярина,Екатерина Ярина,exact,100.0
MVID,Йоханнес Мария Толай,Йоханнес Мария Толай,exact,100.0
MVID,Карен Ашрафян,Карен Ашрафян,exact,100.0
MVID,Роман Стенцель / Roman Stenzel,Роман Стенцель / Roman Stenzel,exact,100.0
MVID,Сергей Ануфриев,Сергей Ануфриев,exact,100.0
MVID,Степан Борисович Кузнецов,Степан Борисович Кузнецов,exact,100.0
MVID,Феликс Григорьевич Либ,Феликс Григорьевич Либ,exact,100.0
NKHP,Aleksey Vladimirovich Chemerichko / Чемеричко Алексей Владимирович,Aleksey Vladimirovich Chemerichko,exact,100.0
NKHP,Ivan Akhmedovich Chepovoy / Чеповой Иван Ахмедович,Ivan Akhmedovich Chepovoy,exact,100.0
NKHP,Ksenia Bolomatova / Боломатова Ксения Николаевна,Ksenia Bolomatova,exact,100.0
NKHP,Maxim Gruzinov / Грузинов Максим Юрьевич,Maxim Gruzinov,exact,100.0
NKHP,Oleg Soldatenkov / Солдатенков Олег Владимирович,Oleg Soldatenkov,exact,100.0
NKHP,Olga Vladimirovna Vodzinskaya / Водзинская Ольга Владимировна,Olga Vladimirovna Vodzinskaya,exact,100.0
NKHP,Roman Kron / Крон Роман Александрович,Roman Kron,exact,100.0
NKHP,Ryashit Akzhigitov / Акжигитов Ряшит Исхакович,Ryashit Akzhigitov,exact,100.0
NKHP,Yevgeniy Sutchenko / likely Сутченко Евгений Олегович,Yevgeniy Sutchenko,exact,100.0
NKHP,Yuriy Alekseevich Medvedev / Медведев Юрий Алексеевич,Yuriy Alekseevich Medvedev,exact,100.0
NKNC,Александр Анатольевич Петров,Александр Анатольевич Петров,exact,100.0
NKNC,Артур Гиззатуллин,Артур Гиззатуллин,exact,100.0
NKNC,Василий Петрович Номоконов,Василий Петрович Номоконов,exact,100.0
NKNC,Дарья Юрьевна Борисова,Дарья Юрьевна Борисова,exact,100.0
NKNC,Денис Владимирович Голенков,Денис Владимирович Голенков,exact,100.0
NKNC,Игорь Георгиевич Климов,Игорь Георгиевич Климов,exact,100.0
NKNC,Марат Инилович Фаляхов,Марат Инилович Фаляхов,exact,100.0
NKNC,Марина Владимировна Медведева,Марина Владимировна Медведева,exact,100.0
NKNC,Олег Иванович Макаров,Олег Иванович Макаров,exact,100.0
NKNC,Петр Орлов,Петр Орлов,exact,100.0
NKNC,Сергей Викторович Гринько,Сергей Викторович Гринько,exact,100.0
NKNC,Сергей Николаевич Лукичев,Сергей Николаевич Лукичев,exact,100.0
NLMK,Ben de Vos,Ben de Vos,exact,100.0
NLMK,Dmitry Kholkin,Dmitry Kholkin,exact,100.0
NLMK,Irene Spitzberg,Irene Spitzberg,exact,100.0
NLMK,Joachim Otto Jacob Limberg,Joachim Otto Jacob Limberg,exact,100.0
NLMK,Nikolai Alexeevich Gagarin,Nikolai Alexeevich Gagarin,exact,100.0
NLMK,Nikolay Ivanov,Nikolay Ivanov,exact,100.0
NLMK,Oleg Bagrin,Oleg Bagrin,exact,100.0
NLMK,Sergey Karataev,Sergey Karataev,exact,100.0
NLMK,Stanislav Shekshnia,Stanislav Shekshnia,exact,100.0
NLMK,Thomas Veraszto,Veraszto M. Thomas,unique_name_subset,100.0
NLMK,Vladimir Lisin,Vladimir Lisin,exact,100.0
NMTP,Киреев Сергей Георгиевич,Киреев Сергей Георгиевич,exact,100.0
NMTP,Ларин Вадим Михайлович,Ларин Вадим Михайлович,exact,100.0
NMTP,Леписткин Владимир Викторович,Леписткин Владимир Викторович,exact,100.0
NMTP,Шабанов Тимур Кайсерович,Шабанов Тимур Кайсерович,exact,100.0
NVTK,Акимов Андрей Игоревич,Андрей Акимов,core_exact,100.0
NVTK,Гайда Ирина Вернеровна,Ирина Гайда,core_exact,100.0
NVTK,Крюков Валерий Анатольевич,Валерий Крюков,core_exact,100.0
NVTK,Михельсон Леонид Викторович,Михельсон Леонид Викторович,exact,100.0
NVTK,Наталенко Александр Егорович,Александр Наталенко,core_exact,100.0
NVTK,Нестеренко Виктор Геннадьевич,Виктор Нестеренко,core_exact,100.0
NVTK,Орел Алексей Владимирович,Алексей Орел,core_exact,100.0
NVTK,Феодосьев Лев Владимирович,Лев Феодосьев,core_exact,100.0
NVTK,Эммануэль Киде,Эммануэль Кид,fuzzy,96.0
OGKB,Абдуллин Роман Эдуардович,Абдуллин Роман Эдуардович,exact,100.0
OGKB,Бикмурзин Альберт Фяритович,Бикмурзин Альберт Фяритович,exact,100.0
OGKB,Дмитриев Андрей Игоревич,Дмитриев Андрей Игоревич,exact,100.0
OGKB,Зайцев Сергей Артурович,Зайцев Сергей Артурович,exact,100.0
OGKB,Земляной Евгений Николаевич,Земляной Евгений Николаевич,exact,100.0
OGKB,Коробкина Ирина Юрьевна,Коробкина Ирина Юрьевна,exact,100.0
OGKB,Куликов Денис Викторович,Куликов Денис Викторович,exact,100.0
OGKB,Пятницев Валерий Геннадьевич,Пятницев Валерий Геннадьевич,exact,100.0
OGKB,Рогалев Николай Дмитриевич,Рогалев Николай Дмитриевич,exact,100.0
OGKB,Рогов Александр Владимирович,Рогов Александр Владимирович,exact,100.0
OGKB,Семиколенов Артем Викторович,Семиколенов Артем Викторович,exact,100.0
OGKB,Шацкий Павел Олегович,Шацкий Павел Олегович,exact,100.0
OKEY,BORIS VOLCHEK / Борис Волчек,BORIS VOLCHEK,exact,100.0
OKEY,DMITRIY KORZHEV / Дмитрий Коржев,DMITRIY KORZHEV,exact,100.0
OKEY,DMITRIY TROITSKIY / Дмитрий Троицкий,DMITRIY TROITSKIY,exact,100.0
OKEY,ILYA ILIN / Илья Ильин,ILYA ILIN,exact,100.0
OKEY,KONSTANTIN ARABIDIS / Константин Арабидис,KONSTANTIN ARABIDIS,exact,100.0
OKEY,Андрей Кришнев / Andrey Krishnev,Андрей Кришнев,exact,100.0
OZON,Герасимов Игорь Владиславович,Герасимов Игорь Владиславович,exact,100.0
OZPH,Анатолий Хавкин,Анатолий Хавкин,exact,100.0
OZPH,Андрей Горшков,Андрей Горшков,exact,100.0
OZPH,Артем Бездухов,Артем Бездухов,exact,100.0
OZPH,Базов Антон,Базов Антон,exact,100.0
OZPH,Галина Кремер,Галина Кремер,exact,100.0
OZPH,Дилшод Абдурасулов,Дилшод Абдурасулов,exact,100.0
OZPH,Дмитрий Коваленко,Дмитрий Коваленко,exact,100.0
OZPH,Евгения Тетерина,Евгения Тетерина,exact,100.0
OZPH,Мария Ульянова,Мария Ульянова,exact,100.0
OZPH,Наталья Андреева,Наталья Андреева,exact,100.0
OZPH,Олег Эдуардович Минаков,Олег Эдуардович Минаков,exact,100.0
OZPH,Ольга Ларина,Ольга Ларина,exact,100.0
OZPH,Павел Алексенко,Павел Алексенко,exact,100.0
OZPH,Павел Грядунов,Павел Грядунов,exact,100.0
OZPH,Рустем Терегулов,Рустем Терегулов,exact,100.0
OZPH,Сергей Тахиев,Сергей Тахиев,exact,100.0
PHOR,Абрашитов Андрей Юрьевич,Абрашитов Андрей Юрьевич,exact,100.0
PHOR,Вовк Андрей Михайлович,Вовк Андрей Михайлович,exact,100.0
PHOR,Гильгенберг Александр Александрович,Гильгенберг Александр Александрович,exact,100.0
PHOR,Грибков Алексей Борисович,Грибков Алексей Борисович,exact,100.0
PHOR,Давыденко Владимир Васильевич,Давыденко Владимир Васильевич,exact,100.0
PHOR,Иванов Алексей Юрьевич,Иванов Алексей Юрьевич,exact,100.0
PHOR,Круговых Юрий Николаевич,Круговых Юрий Николаевич,exact,100.0
PHOR,Левин Борис Владимирович,Левин Борис Владимирович,exact,100.0
PHOR,Лобанов Сергей Андреевич,Лобанов Сергей Андреевич,exact,100.0
PHOR,Николаев Антон Анатольевич,Николаев Антон Анатольевич,exact,100.0
PHOR,Новиков Денис Федорович,Новиков Денис Федорович,exact,100.0
PHOR,Пронин Сергей Александрович,Пронин Сергей Александрович,exact,100.0
PHOR,Рыбников Михаил Константинович,,unmatched,0.0
PHOR,Селезнев Александр Евгеньевич,Селезнев Александр Евгеньевич,exact,100.0
PHOR,Сиротенко Алексей Александрович,Сиротенко Алексей Александрович,exact,100.0
PHOR,Стеркин Михаил Владимирович,Стеркин Михаил Владимирович,exact,100.0
PHOR,Федоров Валерий Иванович,Федоров Валерий Иванович,exact,100.0
PHOR,Шарабайко Александр Федорович,Шарабайко Александр Федорович,exact,100.0
PIKK,Алексей Александрович Карпенко,Алексей Карпенко,core_exact,100.0
PIKK,Алексей Бланин,Алексей Бланин,exact,100.0
PIKK,Владимир Валерьевич Заболотский,Владимир Заболоцкий,core_exact,100.0
PIKK,Грегор Уильям Моват,Грегор Уильям Моват,exact,100.0
PIKK,Джулиан Майкл Симмондс,Джулиан М. Симмондс,fuzzy,90.47619047619048
PIKK,Дмитрий Тимофеев,Дмитрий Тимофеев,exact,100.0
PIKK,Ерванд Оникович Карапетян,Ерванд Карапетян,core_exact,100.0
PIKK,Зумруд Хандадашевна Рустамова,Зумруд Рустамова,core_exact,100.0
PIKK,Иван Николаевич Поландов,Иван Поландов,core_exact,100.0
PIKK,Илья Владиславович Юферев,Илья Юферев,core_exact,100.0
PIKK,Илья Михайлович Баландин,Илья Баландин,core_exact,100.0
PIKK,Кирилл Викторович Таченников,Кирилл Таченников,core_exact,100.0
PIKK,Сергей Владимирович Мруз,Сергей Мруз,core_exact,100.0
PIKK,Сергей Эдуардович Гордеев,Сергей Гордеев,core_exact,100.0
PIKK,Юрий Ильин,Юрий Ильин,exact,100.0
PLZL,Алексей Александрович Востоков,Алексей Востоков,core_exact,100.0
PLZL,Андрей Александрович Скорочкин,Андрей Скорочкин,core_exact,100.0
PLZL,Владимир Анатольевич Полин,Владимир Полин,core_exact,100.0
PLZL,Дмитрий Николаевич Оленьков,Дмитрий Оленьков,core_exact,100.0
PLZL,Михаил Валерьевич Гордин,Михаил Гордин,core_exact,100.0
POLY,Evgueni Konovalenko,Evgueni Konovalenko,exact,100.0
POLY,HE Abdulsalam Al Murshidi,HE Abdulsalam Al Murshidi,exact,100.0
POLY,Janat Berdalina,Janat Berdalina,exact,100.0
POLY,Omar Bahram,Omar Bahram,exact,100.0
POLY,Pascale Jeannin Perez,Pascale Jeannin Perez,exact,100.0
POLY,Richard Sharko,Richard Sharko,exact,100.0
POLY,Steven Dashevsky,Steven Dashevsky,exact,100.0
POLY,Vitaly Nesis,Vitaly Nesis,exact,100.0
POSI,Алексей Вячеславович Андреев,Алексей Вячеславович Андреев,exact,100.0
POSI,Андрей Игоревич Кузин,Андрей Игоревич Кузин,exact,100.0
POSI,Даниил Александрович Рыбак,Даниил Александрович Рыбак,exact,100.0
POSI,Денис Иванович Кораблев,Денис Иванович Кораблев,exact,100.0
POSI,Денис Сергеевич Баранов,Денис Сергеевич Баранов,exact,100.0
POSI,Дмитрий Владимирович Пухов,Дмитрий Владимирович Пухов,exact,100.0
POSI,Евгений Вячеславович Киреев,Евгений Вячеславович Киреев,exact,100.0
POSI,Карина Суреновна Саркисян,Карина Суреновна Саркисян,exact,100.0
POSI,Максим Георгиевич Филиппов,Максим Георгиевич Филиппов,exact,100.0
PRMD,Александр Игоревич Ефремов,Александр Игоревич Ефремов,exact,100.0
PRMD,Деян Йованович,Деян Йованович,exact,100.0
PRMD,Игорь Вениаминович Маев,Игорь Маев,core_exact,100.0
PRMD,Кира Яковлевна Заславская,Кира Заславская,core_exact,100.0
PRMD,Кирилл Юрьевич Рубинский,Кирилл Рубинский,core_exact,100.0
PRMD,Михаил Игоревич Малиновский,Михаил Малиновский,core_exact,100.0
PRMD,Петр Александрович Белый,Пётр Белый,core_exact,100.0
PRMD,Юрий Федорович Литвищенко,Юрий Литвищенко,core_exact,100.0
PRMD,Юрий Юрьевич Троянкин,Юрий Троянкин,core_exact,100.0
QIWI,Alexey Sergeevich Mashchenkov / Алексей Мащенков,,unmatched,0.0
RASP,Александр Владимирович Фролов,Александр Фролов,core_exact,100.0
RASP,Алексей Александрович Иванов,Алексей Иванов,core_exact,100.0
RASP,Андрей Владимирович Давыдов,Андрей Давыдов,core_exact,100.0
RASP,Владимир Федорович Мельниченко,Владимир Федорович Мельниченко,exact,100.0
RASP,Игорь Вадимович Богачев,Игорь Богачев,core_exact,100.0
RASP,Марат Михайлович Атнашев,Марат Атнашев,core_exact,100.0
RASP,Николай Владимирович Иванов,Николай Иванов,core_exact,100.0
RASP,Ольга Александровна Покровская,Ольга Покровская,core_exact,100.0
RASP,Регина Дагмар Бенедикта фон Флемминг,Регина Фон Флемминг,unique_name_subset,100.0
RASP,Эрик Хью Джон Стойлл,Эрик Стойлл,unique_name_subset,100.0
RENI,Гадлиба Юлия Олеговна,Гадлиба Юлия Олеговна,exact,100.0
RKKE,Борисов Юрий Иванович,Юрий Иванович Борисов,exact,100.0
RKKE,Быков Александр Иванович,Александр Иванович Быков,exact,100.0
RKKE,Мальцев Игорь Евгеньевич,Мальцев Игорь Евгеньевич,exact,100.0
RKKE,Никифоров Никита Юрьевич,Никита Юрьевич Никифоров,exact,100.0
RKKE,Озар Игорь Яковлевич,Игорь Яковлевич Озар,exact,100.0
RKKE,Погосян Михаил Асланович,Михаил Асланович Погосян,exact,100.0
RKKE,Романов Константин Владимирович,Константин Владимирович Романов,exact,100.0
RKKE,Суворов Павел Анатольевич,Павел Анатольевич Суворов,exact,100.0
RKKE,Федоров Александр Сергеевич,Александр Сергеевич Федоров,exact,100.0
RKKE,Форсов Георгий Львович,Георгий Львович Форсов,exact,100.0
RNFT,Дерех Андрей Михайлович,Andrey Derekh,core_exact,100.0
RNFT,Карпенко Сергей Анатольевич,Sergei Karpenko,core_exact,100.0
RNFT,Кирдода Игорь Иванович,Igor Ivanovich Kirdoda,exact,100.0
RNFT,Кузьменков Алексей Александрович,Aleksey Kuzmenkov,core_exact,100.0
RNFT,Мартынов Виктор Георгиевич,Viktor Martynov,core_exact,100.0
RNFT,Пицюра Евгений Владимирович,Evgeny Pitsyura,fuzzy,93.75
RNFT,Прозоровская Ольга Евгеньевна,Olga Prozorovskaya,fuzzy,94.44444444444444
RNFT,Романов Дмитрий Вячеславович,Dmitry Romanov,core_exact,100.0
RNFT,Сидский Николай Алексеевич,Sidsky Nikolay Alekseevich,fuzzy,89.65517241379311
RNFT,Степашин Сергей Вадимович,Sergey Stepashin,core_exact,100.0
RNFT,Толочек Евгений Викторович,Evgeniy Tolochek,core_exact,100.0
RNFT,Щербак Владимир Львович,Vladimir Shcherbak,core_exact,100.0
ROSN,Alexander Dmitrievich Nekipelov,Alexander Dmitrievich Nekipelov,exact,100.0
ROSN,Alexander Novak,Alexander Novak,exact,100.0
ROSN,Alexander Uss,Alexander Uss,exact,100.0
ROSN,Andrey Igorevich Akimov,Andrey Igorevich Akimov,exact,100.0
ROSN,Faisal Al-Suwaidi,Faisal Al-Suwaidi,exact,100.0
ROSN,Hamad Al-Mohannadi,Hamad Al-Mohannadi,exact,100.0
ROSN,Igor Sechin,Igor Sechin,exact,100.0
ROSN,Maxim Oreshkin,Maxim Oreshkin,exact,100.0
ROSN,Pedro A. Aquino,Pedro A. Aquino,exact,100.0
ROSN,Petr Lazarev,Petr Lazarev,exact,100.0
ROSN,Ural A. Latypov,Ural A. Latypov,exact,100.0
ROSN,Valentin Gennadyevich Mamayev,Valentin Gennadyevich Mamayev,exact,100.0
ROSN,Vladimir Litvinenko,Vladimir Litvinenko,exact,100.0
ROSN,Yegor Filippov,Yegor Filippov,exact,100.0
RTKM,Алексей Андреевич Яковицкий,Alexey Yakovitsky,fuzzy,86.48648648648648
RTKM,Алексей Валерьевич Сапунов,Alexey V. Sapunov,unique_name_subset,100.0
RTKM,Андрей Леонидович Костин,Andrey Kostin,core_exact,100.0
RTKM,Анна Борисовна Трегубенкова,Anna Borisovna Tregubenkova,exact,100.0
RTKM,Антон Алексеевич Устинов,Anton Alekseyevich Ustinov,core_exact,100.0
RTKM,Антон Андреевич Златопольский,Anton Andreyevich Zlatopolskiy,fuzzy,94.44444444444444
RTKM,Вадим Викторович Семенов,Vadim Viktorovich Semenov,exact,100.0
RTKM,Дарий Равильевич Халитов,Darius Khalitov,fuzzy,89.65517241379311
RTKM,Дмитрий Александрович Куракин,Dmitriy Kurakin,core_exact,100.0
RTKM,Дмитрий Николаевич Чернышенко,Dmitriy Chernyshenko,core_exact,100.0
RTKM,Елена Владимировна Шмелева,Elena V. Shmeleva,unique_name_subset,100.0
RTKM,Кирилл Александрович Дмитриев,Kirill Alexandrovich Dmitriev,core_exact,100.0
RTKM,Михаил Эдуардович Осеевский,Mikhail Eduardovitch Oseevskiy,fuzzy,94.11764705882352
RTKM,Николай Викторович Цехомский,Nikolay Viktorovich Tsekhomsky,fuzzy,91.89189189189189
RUAL,Alexander Popov / Александр Валентинович Попов,Alexander Popov,exact,100.0
RUAL,Anna Vasilenko / Анна Геннадьевна Василенко,Anna Vasilenko,exact,100.0
RUAL,Bernard Zonneveld / Бернард Зонневельд,Bernard Zonneveld,exact,100.0
RUAL,Chris Burnham / Christopher Bancroft Burnham,Chris Burnham,exact,100.0
RUAL,Egorov Anton Aleksandrovich / Антон Александрович Егоров,Egorov Anton Aleksandrovich,exact,100.0
RUAL,Evgeny Arkadievich Shvarts / Евгений Аркадьевич Шварц,Evgeny Arkadievich Shvarts,exact,100.0
RUAL,Evgeny Viktorovich Nikitin / Евгений Викторович Никитин,Evgeny Viktorovich Nikitin,exact,100.0
RUAL,Karen Li / Karen Li Wai-Yin / Карен Ли Вай-Инь,Karen Li,exact,100.0
RUAL,Kevin Parker / Kevin Edward Parker,Kevin Parker,exact,100.0
RUAL,Lok Tung Chan / Chan Lok Tung / Чен Лок Тунг,Lok Tung Chan,exact,100.0
RUAL,Lyudmila Petrovna Galenskaya / Людмила Петровна Галенская,Lyudmila Petrovna Galenskaya,exact,100.0
RUAL,Natalia Albrecht / Natalia Albrekht / Наталья Александровна Альбрехт,Natalia Albrecht,exact,100.0
RUAL,Semen Viktorovich Mironov / Семен Викторович Миронов,Semen Viktorovich Mironov,exact,100.0
RUAL,Victor Mann / Виктор Манн,Victor Mann,exact,100.0
SBER,Alexander Kuleshov,Alexander Kuleshov,exact,100.0
SBER,Anastasia Belyanina,Anastasia Belyanina,exact,100.0
SBER,Anton Siluanov,Anton Siluanov,exact,100.0
SBER,Bella Zlatkis,Bella Zlatkis,exact,100.0
SBER,Dmitriy Chernyshenko,Dmitriy Chernyshenko,exact,100.0
SBER,Gennady Melikian,Gennady Melikian,exact,100.0
SBER,Herman Gref,Herman Gref,exact,100.0
SBER,Larisa Zalomikhina,Larisa Zalomikhina,exact,100.0
SBER,Lev Khasis,Lev Khasis,exact,100.0
SBER,Maxim Oreshkin,Maxim Oreshkin,exact,100.0
SBER,Mikhail Kovalchuk,Mikhail Kovalchuk,exact,100.0
SBER,Mikhail Ratinskii,Mikhail Ratinskii,exact,100.0
SBER,Nadya Wells,Nadya Wells,exact,100.0
SBER,Nikolay Kudryavtsev,Nikolay Kudryavtsev,exact,100.0
SBER,Oleg V. Chistyakov,Oleg V. Chistyakov,exact,100.0
SBER,Oleg Yuryevich Tsvetkov,Oleg Yuryevich Tsvetkov,exact,100.0
SBER,Sergey Ignatiev,Sergey Ignatiev,exact,100.0
SBER,Vladimir Vladimirovich Kolychev,Vladimir Vladimirovich Kolychev,exact,100.0
SELG,Александр Александрович Хрущ,Aleksandr Khrushch,core_exact,100.0
SELG,Александр Егорович Аммосов,Aleksandr Ammosov,core_exact,100.0
SELG,Вадим Сергеевич Митрошин,Mitroshin Vadim Sergeevich,exact,100.0
SELG,Валерий Николаевич Кондратьев,Valeriy Kondratyev,fuzzy,97.14285714285714
SELG,Валерий Оруджалиевич Сулейманов,Valery Suleimanov,core_exact,100.0
SELG,Виктор Борисович Юн,Yun Viktor Borisovich,exact,100.0
SELG,Геннадий Альфредович Лаунер,Gennadiy Launer,core_exact,100.0
SELG,Евгений Владимирович Щетинин,Shchetinin Evgeny Vladimirovich,exact,100.0
SELG,Константин Александрович Бейрит,Konstantin Beyrit,fuzzy,94.11764705882352
SELG,Константин Константинович Соколов,Sokolov Konstantinovich,fuzzy,87.8048780487805
SELG,Сергей Владимирович Рыжов,Sergey Ryzhov,core_exact,100.0
SELG,Сергей Михайлович Татаринов,Sergey Tatarinov,core_exact,100.0
SFIN,Бойкова Татьяна Олеговна,Boikova Tatyana Olegovna,fuzzy,93.33333333333333
SFIN,Власов Максим Александрович,Vlasov Maxim Alexandrovich,core_exact,100.0
SFIN,Гольцман Антон Владимирович,Goltsman Anton Vladimirovich,exact,100.0
SFIN,Горбачев Михаил Валерьевич,Mikhail Gorbachev,core_exact,100.0
SFIN,Дмитриев Максим Владимирович,Dmitriev Maxim Vladimirovich,exact,100.0
SFIN,Лотарев Павел Викторович,Lotarev Pavel Viktorovich,exact,100.0
SFIN,Мякенький Александр Иванович,Aleksandr Myakenkiy,fuzzy,89.47368421052632
SFIN,Протас Александр Николаевич,Protas Alexander Nikolaevich,exact,100.0
SFIN,Сивачев Денис Александрович,Sivachev Denis Alexandrovich,core_exact,100.0
SFIN,Сидоров Игорь Анатольевич,Sidorov Igor Anatolyevich,core_exact,100.0
SGZH,Ali Uzdenov,Ali Uzdenov,exact,100.0
SGZH,Anastasia Anatolyevna Poletaeva,Anastasia Anatolyevna Poletaeva,exact,100.0
SGZH,Andrey Frolov,Andrey Frolov,exact,100.0
SGZH,Artem I. Zassoursky,Artem I. Zassoursky,exact,100.0
SGZH,Denis Martyanov,Denis Martyanov,exact,100.0
SGZH,Mikhail Mileshin,Mikhail Mileshin,exact,100.0
SGZH,Mikhail Shamolin,Mikhail Shamolin,exact,100.0
SGZH,Oksana Tikhonova,Oksana Tikhonova,exact,100.0
SGZH,Pavel Vakhnin,Pavel Vakhnin,exact,100.0
SGZH,Rovshan Aliyev,Rovshan Aliyev,exact,100.0
SGZH,Salavat Asgatovich Mirsaev,Salavat Asgatovich Mirsaev,exact,100.0
SGZH,Sergey Shishkin,Sergey Shishkin,exact,100.0
SGZH,Vladimir Sergeyevich Travkov,Vladimir Sergeyevich Travkov,exact,100.0
SGZH,Vladimir Tuzov,Vladimir Tuzov,exact,100.0
SGZH,Александр Михайлович Крещенко,,unmatched,0.0
SMLT,Александр Сергеевич Прыгунков,Alexander Prygunkov,core_exact,100.0
SMLT,Алексей Козлов,Alexey Kozlov,exact,100.0
SMLT,Андрей Владимирович Иваненко,Andrey Ivanenko,core_exact,100.0
SMLT,Анна Николаевна Акиньшина,Anna Akinshina,core_exact,100.0
SMLT,Виталий Руденко,Vitaly Rudenko,exact,100.0
SMLT,Владимир Комар,Vladimir Komar,exact,100.0
SMLT,Дмитрий Аркадьевич Голубков,Dmitry Golubkov,core_exact,100.0
SMLT,Дмитрий Волков,Dmitry Volkov,exact,100.0
SMLT,Игорь Викторович Евтушевский,Igor Evtushevskiy,fuzzy,94.11764705882352
SMLT,Михаил Борисович Кенин,Mikhail Kenin,core_exact,100.0
SMLT,Оскар Хартманн,Oskar Hartmann,fuzzy,96.55172413793103
SMLT,Станислав Владимирович Шекшня,Stanislav Shekshnia,core_exact,100.0
SNGS,Александр Николаевич Буланов,Aleksandr Bulanov,core_exact,100.0
SNGS,Андрей Владиславович Дручинин,Andrei Vladislavovich Druchinin,exact,100.0
SNGS,Валерий Николаевич Егоров,Valery Nikolaevich Egorov,exact,100.0
SNGS,Виктор Михайлович Кривошеев,Viktor Mikhaylovich Krivosheyev,fuzzy,97.14285714285714
SNGS,Владимир Леонидович Богданов,Vladimir Bogdanov,core_exact,100.0
SNGS,Владимир Петрович Ерохин,Vladimir Erokhin,core_exact,100.0
SNGS,Владислав Георгиевич Баранков,Vladislav Barankov,core_exact,100.0
SNGS,Георгий Рашитович Мухамадеев,Georgy Rashitovich Mukhamadeyev,fuzzy,97.43589743589743
SNGS,Иван Калистратович Диниченко,Ivan Kalistratovich Dinichenko,exact,100.0
SNGS,Илдус Шагалиевич Усманов,Ildus Shagalievich Usmanov,exact,100.0
SNGS,Николай Иванович Матвеев,Nikolai Ivanovich Matveev,exact,100.0
SOFL,Александр Минин,Александр Минин,exact,100.0
SOFL,Алексей Бутаков,Алексей Бутаков,exact,100.0
SOFL,Алексей Пилипчук,Алексей Пилипчук,exact,100.0
SOFL,Андрей Благоразумов,Андрей Благоразумов,exact,100.0
SOFL,Владимир Евгеньевич Лавров,,unmatched,0.0
SOFL,Владислав Котусов,Владислав Котусов,exact,100.0
SOFL,Дмитрий Васильев,Дмитрий Васильев,exact,100.0
SOFL,Елена Типисова,Елена Типисова,exact,100.0
SOFL,Наталья Лиходиевская,Наталья Лиходиевская,exact,100.0
SOFL,Станислав Халиков,Станислав Халиков,exact,100.0
SPBE,Aleksey Dmitriyevich Skorodumov,Aleksey Dmitriyevich Skorodumov,exact,100.0
SPBE,Alexander Tarabtsev,Alexander Tarabtsev,exact,100.0
SPBE,Alexander Valentinovich Chmel,Alexander Valentinovich Chmel,exact,100.0
SPBE,Dmitry Anatolevich Panchenko,Dmitry Anatolevich Panchenko,exact,100.0
SPBE,Eric Berthelot,Eric Berthelot,exact,100.0
SPBE,Evgeny Serdyukov,,unmatched,0.0
SPBE,Ivan Alexandrovich Tyryshkin,Ivan Tyryshkin,core_exact,100.0
SPBE,Jacques der Megredichyan,Jacques der Megredichyan,exact,100.0
SPBE,Mikhail Ivanov,Mikhail Ivanov,exact,100.0
SPBE,Oleg Vladimirovich Mikhasenko,Oleg Vladimirovich Mikhasenko,exact,100.0
SPBE,Pavel Krupnov,Pavel Krupnov,exact,100.0
SPBE,Pavel Vladimirovich Sokolov,Pavel Vladimirovich Sokolov,exact,100.0
SPBE,Roman Yuryevich Goryunov,Roman Yuryevich Goryunov,exact,100.0
SPBE,Sergei Kalinin,Sergei Kalinin,exact,100.0
SPBE,Sergey Mikhaylovich Rybakov,Sergey Mikhaylovich Rybakov,exact,100.0
SVAV,Adil Shamil Ogly Shirinov,Adil Shamil Ogly Shirinov,exact,100.0
SVAV,Elena Nishanova,Elena Nishanova,exact,100.0
SVAV,Goy Tatiana,Goy Tatiana,exact,100.0
SVAV,Lyudmila Viktorovna Afanasyeva,Lyudmila Viktorovna Afanasyeva,exact,100.0
SVAV,Nikolay Sobolev,Nikolay Sobolev,exact,100.0
SVAV,Viktor Mikhaylovich Khvesenya,Viktor Mikhaylovich Khvesenya,exact,100.0
SVAV,Vladislav Baumgertner,Vladislav Baumgertner,exact,100.0
SVAV,Zoya Kaika,Zoya Kaika,exact,100.0
SVCB,Aleksey Fisun,Aleksey Fisun,exact,100.0
SVCB,Braverman Anatoly Aleksandrovich,Braverman Anatoly Aleksandrovich,exact,100.0
SVCB,Dmitry Vladimirovich Gusev,Dmitry Vladimirovich Gusev,exact,100.0
SVCB,Dmitry Vladimirovich Khotimskiy,Dmitry Vladimirovich Khotimskiy,exact,100.0
SVCB,Elena Alexandrovna Cherstvova,Elena Alexandrovna Cherstvova,exact,100.0
SVCB,Joel Raymond Lautier,Joel Raymond Lautier,exact,100.0
SVCB,Mikhail Kuchment,Mikhail Kuchment,exact,100.0
SVCB,Mikhail Olegovich Avtukhov,Mikhail Olegovich Avtukhov,exact,100.0
SVCB,Mikhail Vasilyevich Klyukin,Mikhail Vasilyevich Klyukin,exact,100.0
SVCB,Nikolay Narayan Varma,Nikolay Narayan Varma,exact,100.0
SVCB,Pavel Barchugov,Pavel Barchugov,exact,100.0
SVCB,Regina von Fleming,Regina von Fleming,exact,100.0
SVCB,Sergey Nikolaevich Bondarovich,Sergey Nikolaevich Bondarovich,exact,100.0
T,Александр Борисович Лебединский,Александр Борисович Лебединский,exact,100.0
T,Александр Ильич Исаев,Александр Ильич Исаев,exact,100.0
T,Алексей Владимирович Малиновский,Алексей Владимирович Малиновский,exact,100.0
T,Артём Игоревич Лебедев,Артём Игоревич Лебедев,exact,100.0
T,Валерия Александровна Павлюкова,Валерия Александровна Павлюкова,exact,100.0
T,Илья Николаевич Писемский,Илья Николаевич Писемский,exact,100.0
T,Сергей Леонидович Батехин,Сергей Леонидович Батехин,exact,100.0
T,Станислав Викторович Близнюк,Станислав Викторович Близнюк,exact,100.0
T,Татьяна Борисовна Кузнецова,Татьяна Борисовна Кузнецова,exact,100.0
TATN,Аглиуллин Фаниль Анварович,Аглиуллин Фаниль Анварович,exact,100.0
TATN,Гайзатуллин Радик Рауфович,Гайзатуллин Радик Рауфович,exact,100.0
TATN,Галиев Ренат Маратович,Галиев Ренат Маратович,exact,100.0
TATN,Гамиров Дамир Маратович,Гамиров Дамир Маратович,exact,100.0
TATN,Гереч Ласло,Гереч Ласло,exact,100.0
TATN,Глухова Лариса Юрьевна,Глухова Лариса Юрьевна,exact,100.0
TATN,Крюков Валерий Анатольевич,Крюков Валерий Анатольевич,exact,100.0
TATN,Маганов Наиль Ульфатович,Маганов Наиль Ульфатович,exact,100.0
TATN,Минниханов Рустам Нургалиевич,Минниханов Рустам Нургалиевич,exact,100.0
TATN,Мухамадеев Рустам Набиуллович,Мухамадеев Рустам Набиуллович,exact,100.0
TATN,Неклюдов Сергей Вячеславович,Неклюдов Сергей Вячеславович,exact,100.0
TATN,Нурмухаметов Рафаиль Саитович,Нурмухаметов Рафаиль Саитович,exact,100.0
TATN,Сорокин Валерий Юрьевич,Сорокин Валерий Юрьевич,exact,100.0
TATN,Сюбаев Нурислам Зинатулович,Сюбаев Нурислам Зинатулович,exact,100.0
TATN,Тахаутдинов Шафагат Фахразович,Тахаутдинов Шафагат Фахразович,exact,100.0
TATN,Тихтуров Евгений Александрович,Тихтуров Евгений Александрович,exact,100.0
TATN,Халимов Рустам Хамисович,Халимов Рустам Хамисович,exact,100.0
TATN,Хисамов Раис Салихович,Хисамов Раис Салихович,exact,100.0
TGKA,Бикмурзин Альберт Фяритович,Бикмурзин Альберт Фяритович,exact,100.0
TGKA,Ведерчик Вадим Евгеньевич,Ведерчик Вадим Евгеньевич,exact,100.0
TGKA,Земляной Евгений Николаевич,Земляной Евгений Николаевич,exact,100.0
TGKA,Иванников Александр Сергеевич,Иванников Александр Сергеевич,exact,100.0
TGKA,Коробкина Ирина Юрьевна,Коробкина Ирина Юрьевна,exact,100.0
TGKA,Максимова Антонина Николаевна,Максимова Антонина Николаевна,exact,100.0
TGKA,Маркелов Виталий Анатольевич,Маркелов Виталий Анатольевич,exact,100.0
TGKA,Осин Никита Юрьевич,Осин Никита Юрьевич,exact,100.0
TGKA,Рогов Александр Владимирович,Рогов Александр Владимирович,exact,100.0
TGKA,Симдякин Вадим Михайлович,Симдякин Вадим Михайлович,exact,100.0
TGKA,Станишевская Раиса Владимировна,Станишевская Раиса Владимировна,exact,100.0
TGKA,Федоров Денис Владимирович,Федоров Денис Владимирович,exact,100.0
TGKA,Шацкий Павел Олегович,Шацкий Павел Олегович,exact,100.0
TGKB,Васильев Олег Юрьевич,Васильев Олег Юрьевич,exact,100.0
TGKB,Грабчак Евгений Петрович,Грабчак Евгений Петрович,exact,100.0
TGKB,Данилов Иван Александрович,Данилов Иван Александрович,exact,100.0
TGKB,Дьяконов Владимир Евгеньевич,Дьяконов Владимир Евгеньевич,exact,100.0
TGKB,Зайцев Михаил Владимирович,Зайцев Михаил Владимирович,exact,100.0
TGKB,Зварыч Ольга Владимировна,Зварыч Ольга Владимировна,exact,100.0
TGKB,Земляной Евгений Николаевич,Земляной Евгений Николаевич,exact,100.0
TGKB,Иванова Юлия Валентиновна,Иванова Юлия Валентиновна,exact,100.0
TGKB,Карпов Илья Игоревич,Карпов Илья Игоревич,exact,100.0
TGKB,Корниенко Андрей Владимирович,Корниенко Андрей Владимирович,exact,100.0
TGKB,Костенко Глеб Александрович,Костенко Глеб Александрович,exact,100.0
TGKB,Медведева Елена Анатольевна,Медведева Елена Анатольевна,exact,100.0
TGKB,Пермякова Ольга Сергеевна,Пермякова Ольга Сергеевна,exact,100.0
TGKB,Серова Ольга Викторовна,Серова Ольга Викторовна,exact,100.0
TGKB,Ушаков Александр Владимирович,Ушаков Александр Владимирович,exact,100.0
TGKB,Федоров Денис Владимирович,Федоров Денис Владимирович,exact,100.0
TGKB,Царева Валентина Валерьевна,Царева Валентина Валерьевна,exact,100.0
TRMK,Венде Франк-Детлеф,Венде Франк-Детлеф,exact,100.0
TRMK,Каплунов Андрей Юрьевич,Каплунов Андрей Юрьевич,exact,100.0
TRMK,Кузьминов Ярослав Иванович,Кузьминов Ярослав Иванович,exact,100.0
TRMK,Оборский Владимир Брониславович,Оборский Владимир Брониславович,exact,100.0
TRMK,Папин Денис,Папин Денис,exact,100.0
TRMK,Петросян Тигран Ишханович,Петросян Тигран Ишханович,exact,100.0
TRMK,Позолотина Елена Ивановна,Позолотина Елена Ивановна,exact,100.0
TRMK,Попов Михаил Владимирович,Попов Михаил Владимирович,exact,100.0
TRMK,Пышминцев Игорь Юрьевич,Пышминцев Игорь Юрьевич,exact,100.0
TRMK,Пьянков Борис Григорьевич,Пьянков Борис Григорьевич,exact,100.0
TRMK,Романенко Алексей Михайлович,Романенко Алексей Михайлович,exact,100.0
TRMK,Чикалов Сергей Геннадьевич,Чикалов Сергей Геннадьевич,exact,100.0
TRMK,Ширяев Александр Георгиевич,Ширяев Александр Георгиевич,exact,100.0
TRMK,Шматович Владимир Владимирович,Шматович Владимир Владимирович,exact,100.0
TRMK,Якоб Дмитрий,Якоб Дмитрий,exact,100.0
TRNFP,Андронов Сергей Александрович,Андронов Сергей Александрович,exact,100.0
TRNFP,Бадалов Андрей Юрьевич,Бадалов Андрей Юрьевич,exact,100.0
TRNFP,Гришанин Максим Сергеевич,Гришанин Максим Сергеевич,exact,100.0
TRNFP,Дмитриев Кирилл Александрович,Дмитриев Кирилл Александрович,exact,100.0
TRNFP,Ефремов Александр Михайлович,Ефремов Александр Михайлович,exact,100.0
TRNFP,Каланда Владимир Александрович,Каланда Владимир Александрович,exact,100.0
TRNFP,Король Борис Михайлович,Король Борис Михайлович,exact,100.0
TRNFP,Корсик Александр Леонидович,Корсик Александр Леонидович,exact,100.0
TRNFP,Новак Александр Валентинович,Новак Александр Валентинович,exact,100.0
TRNFP,Ревель-Муроз Павел Александрович,Ревель-Муроз Павел Александрович,exact,100.0
TRNFP,Савкин Владимир Васильевич,Савкин Владимир Васильевич,exact,100.0
TRNFP,Сазанов Алексей Валерьевич,Сазанов Алексей Валерьевич,exact,100.0
TRNFP,Салыгин Валерий Иванович,Салыгин Валерий Иванович,exact,100.0
TRNFP,Скворцов Вячеслав Михайлович,Скворцов Вячеслав Михайлович,exact,100.0
TRNFP,Сорокин Павел Юрьевич,Сорокин Павел Юрьевич,exact,100.0
TRNFP,Токарев Николай Петрович,Токарев Николай Петрович,exact,100.0
TRNFP,Уваров Алексей Константинович,Уваров Алексей Константинович,exact,100.0
TRNFP,Шмаль Геннадий Иосифович,Шмаль Геннадий Иосифович,exact,100.0
TRNFP,Шоцкий Сергей Александрович,Шоцкий Сергей Александрович,exact,100.0
TRNFP,Щурова Елена Владимировна,Щурова Елена Владимировна,exact,100.0
TTLK,Алексеев Сергей Владимирович,Алексеев Сергей Владимирович,exact,100.0
TTLK,Алтынбаева Ландыш Завдятовна,Алтынбаева Ландыш Завдятовна,exact,100.0
TTLK,Белобородов Сергей Александрович,Белобородов Сергей Александрович,exact,100.0
TTLK,Воробьев Михаил Сергеевич,Воробьев Михаил Сергеевич,exact,100.0
TTLK,Камалетдинов Тимур Русланович,Камалетдинов Тимур Русланович,exact,100.0
TTLK,Минниханов Расуль Рифкатович,Минниханов Расуль Рифкатович,exact,100.0
TTLK,Минниханов Рифкат Нургалиевич,Минниханов Рифкат Нургалиевич,exact,100.0
TTLK,Надин Артем Александрович,Надин Артем Александрович,exact,100.0
TTLK,Нафигин Альберт Ильдарович,Нафигин Альберт Ильдарович,exact,100.0
TTLK,Нургалеев Ильдар Тахиржанович,Нургалеев Ильдар Тахиржанович,exact,100.0
TTLK,Нурутдинов Айрат Рафкатович,Нурутдинов Айрат Рафкатович,exact,100.0
TTLK,Осадченко Анастасия Михайловна,Осадченко Анастасия Михайловна,exact,100.0
TTLK,Сибгатуллин Ильнар Ильдарович,Сибгатуллин Ильнар Ильдарович,exact,100.0
TTLK,Сорокин Валерий Юрьевич,Сорокин Валерий Юрьевич,exact,100.0
TTLK,Сотов Денис Игоревич,Сотов Денис Игоревич,exact,100.0
TTLK,Степанов Максим Александрович,Степанов Максим Александрович,exact,100.0
TTLK,Урлин Андрей Олегович,Урлин Андрей Олегович,exact,100.0
TTLK,Фролов Дмитрий Александрович,Фролов Дмитрий Александрович,exact,100.0
TTLK,Шагиахметов Сергей Равилевич,Шагиахметов Сергей Равилевич,exact,100.0
TTLK,Шафигуллин Лутфулла Нурисламович,Шафигуллин Лутфулла Нурисламович,exact,100.0
TTLK,Яковлев Альберт Валерьевич,Яковлев Альберт Валерьевич,exact,100.0
UGLD,Клёцкин Артём,Клёцкин Артём,exact,100.0
UGLD,Курбанов Руслан Магамедович,Курбанов Руслан Магамедович,exact,100.0
UGLD,Струков Константин Иванович,Струков Константин Иванович,exact,100.0
UGLD,Яковлев Дмитрий,Яковлев Дмитрий,exact,100.0
UPRO,Алексеенков Денис Александрович,Алексеенков Денис Александрович,exact,100.0
UPRO,Артемьев Игорь Юрьевич,Артемьев Игорь Юрьевич,exact,100.0
UPRO,Бейгер Мария Игоревна,Бейгер Мария Игоревна,exact,100.0
UPRO,Деркач Николай Николаевич,Деркач Николай Николаевич,exact,100.0
UPRO,Ермиличев Дмитрий Валерьевич,Ермиличев Дмитрий Валерьевич,exact,100.0
UPRO,Иванова Оксана Николаевна,Иванова Оксана Николаевна,exact,100.0
UPRO,Иноземцев Евгений Александрович,Иноземцев Евгений Александрович,exact,100.0
UPRO,Казарин Дмитрий Иванович,Казарин Дмитрий Иванович,exact,100.0
UPRO,Кирпичников Михаил Петрович,Кирпичников Михаил Петрович,exact,100.0
UPRO,Королев Виталий Геннадьевич,Королев Виталий Геннадьевич,exact,100.0
UPRO,Маликова Дина Ринатовна,Маликова Дина Ринатовна,exact,100.0
UPRO,Некипелов Александр Дмитриевич,Некипелов Александр Дмитриевич,exact,100.0
UPRO,Никонов Василий Владиславович,Никонов Василий Владиславович,exact,100.0
UPRO,Овчинников Сергей Борисович,Овчинников Сергей Борисович,exact,100.0
UPRO,Павлов Алексей Юрьевич,Павлов Алексей Юрьевич,exact,100.0
UPRO,Поварницын Андрей Васильевич,Поварницын Андрей Васильевич,exact,100.0
UPRO,Попов Игорь Викторович,Попов Игорь Викторович,exact,100.0
UPRO,Семенова Вероника Николаевна,Семенова Вероника Николаевна,exact,100.0
UPRO,Талалаева Елена Владимировна,Талалаева Елена Владимировна,exact,100.0
UPRO,Тарасенко Оксана Валерьевна,Тарасенко Оксана Валерьевна,exact,100.0
UPRO,Шишкин Андрей Николаевич,Шишкин Андрей Николаевич,exact,100.0
VKCO,Азаренко Елена,Азаренко Елена,exact,100.0
VKCO,Айвазов Александр,Айвазов Александр,exact,100.0
VKCO,Анисимов Никита,Анисимов Никита,exact,100.0
VKCO,Антонова Ульяна,Антонова Ульяна,exact,100.0
VKCO,Багудина Елена Геннадьевна,Багудина Елена Геннадьевна,exact,100.0
VKCO,Борыславская Светлана,Борыславская Светлана,exact,100.0
VKCO,Гогичаты Мераб,Гогичаты Мераб,exact,100.0
VKCO,Гордин Михаил,Гордин Михаил,exact,100.0
VKCO,Дуксин Николай,Дуксин Николай,exact,100.0
VKCO,Зыбина Мария,Зыбина Мария,exact,100.0
VKCO,Карпов Антон,Карпов Антон,exact,100.0
VKCO,Кириенко Владимир Сергеевич,Кириенко Владимир Сергеевич,exact,100.0
VKCO,Китова Екатерина,Китова Екатерина,exact,100.0
VKCO,Ковальчук Степан,Ковальчук Степан,exact,100.0
VKCO,Куприянов Сергей,Куприянов Сергей,exact,100.0
VKCO,Кучай Анастасия,Кучай Анастасия,exact,100.0
VKCO,Мальгинов Антон,Мальгинов Антон,exact,100.0
VKCO,Меркутов Алексей,Меркутов Алексей,exact,100.0
VKCO,Мыздриков Иван,Мыздриков Иван,exact,100.0
VKCO,Попов Петр,Попов Петр,exact,100.0
VKCO,Сиренко Ирина,Сиренко Ирина,exact,100.0
VKCO,Тадевосян Максим,Тадевосян Максим,exact,100.0
VKCO,Устинов Антон,Устинов Антон,exact,100.0
VKCO,Фролов Антон,Фролов Антон,exact,100.0
VKCO,Хайбуллов Рустам,Хайбуллов Рустам,exact,100.0
VKCO,Хуснояров Фарит,Хуснояров Фарит,exact,100.0
VKCO,Чудаков Дмитрий,Чудаков Дмитрий,exact,100.0
VKCO,Яковлева Наталья,Яковлева Наталья,exact,100.0
VSEH,Агранович Мария,Агранович Мария,exact,100.0
VSEH,Алеева Гульнара Ринатовна,Алеева Гульнара Ринатовна,exact,100.0
VSEH,Безумов Олег Игоревич,Безумов Олег Игоревич,exact,100.0
VSEH,Гребенюк Михаил Сергеевич,Гребенюк Михаил Сергеевич,exact,100.0
VSEH,Гришков Сергей,Гришков Сергей,exact,100.0
VSEH,Грунин Дмитрий,Грунин Дмитрий,exact,100.0
VSEH,Денисенко Сергей,Денисенко Сергей,exact,100.0
VSEH,Ершов Роман Владимирович,Ершов Роман Владимирович,exact,100.0
VSEH,Иванов Павел Андреевич,Иванов Павел Андреевич,exact,100.0
VSEH,Кузин Вадим Сергеевич,Кузин Вадим Сергеевич,exact,100.0
VSEH,Куприянов Иван,Куприянов Иван,exact,100.0
VSEH,Луннов Андрей Геннадьевич,Луннов Андрей Геннадьевич,exact,100.0
VSEH,Фахрутдинов Валентин Кириллович,Фахрутдинов Валентин Кириллович,exact,100.0
VSEH,Школлер Роман Александрович,Школлер Роман Александрович,exact,100.0
VSEH,Шмелева Мария Николаевна,Шмелева Мария Николаевна,exact,100.0
VSMO,Бабин Владимир Семенович,Бабин Владимир Семенович,exact,100.0
VSMO,Белясова Анна Владимировна,Белясова Анна Владимировна,exact,100.0
VSMO,Болотникова Юлия Владимировна,Болотникова Юлия Владимировна,exact,100.0
VSMO,Варфоломеев Владислав Игоревич,Варфоломеев Владислав Игоревич,exact,100.0
VSMO,Вишневский Илья Игоревич,Вишневский Илья Игоревич,exact,100.0
VSMO,Вищаненко Антон Владимирович,Вищаненко Антон Владимирович,exact,100.0
VSMO,Ледер Михаил Оттович,Ледер Михаил Оттович,exact,100.0
VSMO,Ледер Олег Оттович,Ледер Олег Оттович,exact,100.0
VSMO,Леликов Дмитрий Юрьевич,Леликов Дмитрий Юрьевич,exact,100.0
VSMO,Мельников Александр Константинович,Мельников Александр Константинович,exact,100.0
VSMO,Мельников Николай Константинович,Мельников Николай Константинович,exact,100.0
VSMO,Сбытов Максим Александрович,Сбытов Максим Александрович,exact,100.0
VSMO,Трифонов Дмитрий Валериевич,Трифонов Дмитрий Валериевич,exact,100.0
VSMO,Чемезов Сергей Викторович,Чемезов Сергей Викторович,exact,100.0
VSMO,Шелков Михаил Евгеньевич,Шелков Михаил Евгеньевич,exact,100.0
VTBR,Андресов Юрий Николаевич,Андресов Юрий Николаевич,exact,100.0
VTBR,Бортников Денис Александрович,Бортников Денис Александрович,exact,100.0
VTBR,Гаврилов Сергей Анатольевич,Гаврилов Сергей Анатольевич,exact,100.0
VTBR,Горшков Георгий Георгиевич,Горшков Георгий Георгиевич,exact,100.0
VTBR,Григоренко Дмитрий Юрьевич,Григоренко Дмитрий Юрьевич,exact,100.0
VTBR,Дергунова Ольга Константиновна,Дергунова Ольга Константиновна,exact,100.0
VTBR,Диркс Наталья Германовна,Диркс Наталья Германовна,exact,100.0
VTBR,Еременко Руслан Юрьевич,Еременко Руслан Юрьевич,exact,100.0
VTBR,Каганов Вениамин Шаевич,Каганов Вениамин Шаевич,exact,100.0
VTBR,Кондратенко Максим Дмитриевич,Кондратенко Максим Дмитриевич,exact,100.0
VTBR,Костин Андрей Леонидович,Костин Андрей Леонидович,exact,100.0
VTBR,Кулик Вадим Валерьевич,Кулик Вадим Валерьевич,exact,100.0
VTBR,Левыкин Владимир Дмитриевич,Левыкин Владимир Дмитриевич,exact,100.0
VTBR,Лозовой Алексей,Лозовой Алексей,exact,100.0
VTBR,Лукьяненко Валерий Васильевич,Лукьяненко Валерий Васильевич,exact,100.0
VTBR,Моисеев Алексей Владимирович,Моисеев Алексей Владимирович,exact,100.0
VTBR,Норов Эркин Рахматович,Норов Эркин Рахматович,exact,100.0
VTBR,Осеевский Михаил Эдуардович,Осеевский Михаил Эдуардович,exact,100.0
VTBR,Прокофьев Станислав Евгеньевич,Прокофьев Станислав Евгеньевич,exact,100.0
VTBR,Пьянов Дмитрий Васильевич,Пьянов Дмитрий Васильевич,exact,100.0
VTBR,Репин Игорь Николаевич,Репин Игорь Николаевич,exact,100.0
VTBR,Решетников Максим Геннадьевич,Решетников Максим Геннадьевич,exact,100.0
VTBR,Сергейчук Виталий Юрьевич,Сергейчук Виталий Юрьевич,exact,100.0
VTBR,Сидоренко Валерий Валерьевич,Сидоренко Валерий Валерьевич,exact,100.0
VTBR,Шадаев Максут Игоревич,Шадаев Максут Игоревич,exact,100.0
WUSH,Баяндин Егор Александрович,Баяндин Егор Александрович,exact,100.0
WUSH,Еремин Антон Валентинович,Еремин Антон Валентинович,exact,100.0
WUSH,Ефремов Николай Сергеевич,Ефремов Николай Сергеевич,exact,100.0
WUSH,Журавлев Олег Александрович,Журавлев Олег Александрович,exact,100.0
WUSH,Зальцман Евгений Ефимович,Зальцман Евгений Ефимович,exact,100.0
WUSH,Камойлик Юлия,Камойлик Юлия,exact,100.0
WUSH,Лаврентьев Сергей Владимирович,Лаврентьев Сергей Владимирович,exact,100.0
WUSH,Литвина Анастасия Леонидовна,Литвина Анастасия Леонидовна,exact,100.0
WUSH,Розанов Всеволод Валерьевич,Розанов Всеволод Валерьевич,exact,100.0
WUSH,Синявский Александр,Синявский Александр,exact,100.0
WUSH,Соловьева Юлия,Соловьева Юлия,exact,100.0
WUSH,Чуйко Дмитрий Владимирович,Чуйко Дмитрий Владимирович,exact,100.0
YDEX,Александр Аникин,Александр Аникин,exact,100.0
YDEX,Александр Балахнин,Александр Балахнин,exact,100.0
YDEX,Александр Ганьшин,Александр Ганьшин,exact,100.0
YDEX,Александр Дунаевский,Александр Дунаевский,exact,100.0
YDEX,Александр Ивлев,Александр Ивлев,exact,100.0
YDEX,Александр Крайнов,Александр Крайнов,exact,100.0
YDEX,Александр Чачава,Александр Чачава,exact,100.0
YDEX,Александра Сагалович,Александра Сагалович,exact,100.0
YDEX,Алексей Кудрин,Алексей Кудрин,exact,100.0
YDEX,Алексей Яковицкий,Алексей Яковицкий,exact,100.0
YDEX,Андрей Бетин,Андрей Бетин,exact,100.0
YDEX,Андрей Гевак,Андрей Гевак,exact,100.0
YDEX,Андрей Себрант,Андрей Себрант,exact,100.0
YDEX,Антон Сычёв,Антон Сычёв,exact,100.0
YDEX,Артём Савиновский,Артём Савиновский,exact,100.0
YDEX,Вадим Петров,Вадим Петров,exact,100.0
YDEX,Виталий Григораш,Виталий Григораш,exact,100.0
YDEX,Даниил Шулейко,Даниил Шулейко,exact,100.0
YDEX,Дмитрий Литвинов,Дмитрий Литвинов,exact,100.0
YDEX,Дмитрий Масюк,Дмитрий Масюк,exact,100.0
YDEX,Дмитрий Субботин,Дмитрий Субботин,exact,100.0
YDEX,Евгений Анищенков,Евгений Анищенков,exact,100.0
YDEX,Евгений Якушкин,Евгений Якушкин,exact,100.0
YDEX,Елена Бубнова,Елена Бубнова,exact,100.0
YDEX,Иван Задохин,Иван Задохин,exact,100.0
YDEX,Игорь Богачёв,Игорь Богачёв,exact,100.0
YDEX,Кирилл Лунёв,Кирилл Лунёв,exact,100.0
YDEX,Константин Сидорков,Константин Сидорков,exact,100.0
YDEX,Ольга Филипук,Ольга Филипук,exact,100.0
YDEX,Павел Алёшин,Павел Алёшин,exact,100.0
YDEX,Павел Деньгин,Павел Деньгин,exact,100.0
YDEX,Павел Епишин,Павел Епишин,exact,100.0
YDEX,Павел Кушелев,Павел Кушелев,exact,100.0
YDEX,Роман Маресов,Роман Маресов,exact,100.0
YDEX,Светлана Ячевская,Светлана Ячевская,exact,100.0
YDEX,Тембот Керефов,Тембот Керефов,exact,100.0
ZAYM,Борейко Александр Сергеевич,Борейко Александр Сергеевич,exact,100.0
ZAYM,Грязнова Оксана Николаевна,Грязнова Оксана Николаевна,exact,100.0
ZAYM,Заводсков Андрей Дмитриевич,Заводсков Андрей Дмитриевич,exact,100.0
ZAYM,Ляшенко Павел Андреевич,Ляшенко Павел Андреевич,exact,100.0
ZAYM,Макаров Роман Сергеевич,Макаров Роман Сергеевич,exact,100.0
ZAYM,Матвеева Татьяна Васильевна,Матвеева Татьяна Васильевна,exact,100.0
ZAYM,Мехтиев Эльман Октай оглу,Мехтиев Эльман Октай оглу,exact,100.0
ZAYM,Повалий Михаил Сергеевич,Повалий Михаил Сергеевич,exact,100.0
ZAYM,Родионов Станислав Николаевич,Родионов Станислав Николаевич,exact,100.0
ZAYM,Сныткин Алексей Викторович,Сныткин Алексей Викторович,exact,100.0
