iteration,sample_size,unique_companies,status,reason
0,28,18,ok,
1,28,18,ok,
2,28,16,ok,
3,28,16,ok,
4,28,19,ok,
5,28,17,ok,
6,28,17,ok,
7,28,17,ok,
8,28,19,ok,
9,28,20,ok,
10,28,18,ok,
11,28,18,ok,
12,28,16,ok,
13,28,19,ok,
14,28,16,ok,
15,28,19,ok,
16,28,20,ok,
17,28,18,ok,
18,28,17,ok,
19,28,19,ok,
20,28,19,ok,
21,28,15,ok,
22,28,16,ok,
23,28,21,ok,
24,28,20,ok,
25,28,18,ok,
26,28,16,ok,
27,28,18,ok,
28,28,19,ok,
29,28,20,ok,
30,28,19,ok,
31,28,16,ok,
32,28,19,ok,
33,28,19,ok,
34,28,17,ok,
35,28,16,ok,
36,28,20,ok,
37,28,17,ok,
38,28,16,ok,
39,28,19,ok,
40,28,17,ok,
41,28,17,ok,
42,28,17,ok,
43,28,19,ok,
44,28,17,ok,
45,28,18,ok,
46,28,18,ok,
47,28,20,ok,
48,28,17,ok,
49,28,21,ok,
50,28,21,ok,
51,28,20,ok,
52,28,19,ok,
53,28,17,ok,
54,28,18,ok,
55,28,19,ok,
56,28,19,ok,
57,28,15,ok,
58,28,19,ok,
59,28,16,ok,
60,28,19,ok,
61,28,16,ok,
62,28,18,ok,
63,28,19,ok,
64,28,19,ok,
65,28,17,ok,
66,28,17,ok,
67,28,15,ok,
68,28,16,ok,
69,28,16,ok,
70,28,16,ok,
71,28,17,ok,
72,28,18,ok,
73,28,16,ok,
74,28,18,ok,
75,28,17,ok,
76,28,17,ok,
77,28,18,ok,
78,28,19,ok,
79,28,18,ok,
80,28,15,ok,
81,28,21,ok,
82,28,17,ok,
83,28,18,ok,
84,28,17,ok,
85,28,19,ok,
86,28,17,ok,
87,28,19,ok,
88,28,17,ok,
89,28,22,ok,
90,28,19,ok,
91,28,20,ok,
92,28,15,ok,
93,28,20,ok,
94,28,20,ok,
95,28,17,ok,
96,28,20,ok,
97,28,20,ok,
98,28,21,ok,
99,28,16,ok,
100,28,17,ok,
101,28,17,ok,
102,28,18,ok,
103,28,20,ok,
104,28,19,ok,
105,28,19,ok,
106,28,17,ok,
107,28,17,ok,
108,28,17,ok,
109,28,19,ok,
110,28,16,ok,
111,28,19,ok,
112,28,15,ok,
113,28,15,ok,
114,28,18,ok,
115,28,18,ok,
116,28,17,ok,
117,28,17,ok,
118,28,17,ok,
119,28,19,ok,
120,28,22,ok,
121,28,17,ok,
122,28,20,ok,
123,28,18,ok,
124,28,18,ok,
125,28,20,ok,
126,28,20,ok,
127,28,21,ok,
128,28,19,ok,
129,28,16,ok,
130,28,17,ok,
131,28,20,ok,
132,28,18,ok,
133,28,21,ok,
134,28,19,ok,
135,28,18,ok,
136,28,17,ok,
137,28,17,ok,
138,28,17,ok,
139,28,18,ok,
140,28,16,ok,
141,28,17,ok,
142,28,18,ok,
143,28,19,ok,
144,28,19,ok,
145,28,19,ok,
146,28,15,ok,
147,28,18,ok,
148,28,19,ok,
149,28,15,ok,
150,28,20,ok,
151,28,17,ok,
152,28,17,ok,
153,28,20,ok,
154,28,16,ok,
155,28,22,ok,
156,28,16,ok,
157,28,16,ok,
158,28,19,ok,
159,28,17,ok,
160,28,18,ok,
161,28,16,ok,
162,28,18,ok,
163,28,19,ok,
164,28,20,ok,
165,28,15,ok,
166,28,20,ok,
167,28,19,ok,
168,28,18,ok,
169,28,19,ok,
170,28,20,ok,
171,28,16,ok,
172,28,18,ok,
173,28,18,ok,
174,28,19,ok,
175,28,16,ok,
176,28,16,ok,
177,28,18,ok,
178,28,17,ok,
179,28,17,ok,
180,28,15,ok,
181,28,18,ok,
182,28,15,ok,
183,28,19,ok,
184,28,21,ok,
185,28,17,ok,
186,28,17,ok,
187,28,16,ok,
188,28,20,ok,
189,28,19,ok,
190,28,18,ok,
191,28,19,ok,
192,28,18,ok,
193,28,19,ok,
194,28,20,ok,
195,28,20,ok,
196,28,17,ok,
197,28,20,ok,
198,28,15,ok,
199,28,19,ok,
200,28,21,ok,
201,28,16,ok,
202,28,16,ok,
203,28,16,ok,
204,28,20,ok,
205,28,16,ok,
206,28,17,ok,
207,28,19,ok,
208,28,19,ok,
209,28,18,ok,
210,28,17,ok,
211,28,18,ok,
212,28,18,ok,
213,28,19,ok,
214,28,15,ok,
215,28,17,ok,
216,28,20,ok,
217,28,17,ok,
218,28,17,ok,
219,28,18,ok,
220,28,23,ok,
221,28,18,ok,
222,28,16,ok,
223,28,18,ok,
224,28,20,ok,
225,28,17,ok,
226,28,19,ok,
227,28,20,ok,
228,28,18,ok,
229,28,18,ok,
230,28,19,ok,
231,28,19,ok,
232,28,17,ok,
233,28,17,ok,
234,28,16,ok,
235,28,17,ok,
236,28,19,ok,
237,28,19,ok,
238,28,17,ok,
239,28,17,ok,
240,28,19,ok,
241,28,17,ok,
242,28,18,ok,
243,28,18,ok,
244,28,19,ok,
245,28,19,ok,
246,28,20,ok,
247,28,17,ok,
248,28,18,ok,
249,28,18,ok,
250,28,16,ok,
251,28,15,ok,
252,28,19,ok,
253,28,17,ok,
254,28,17,ok,
255,28,16,ok,
256,28,19,ok,
257,28,17,ok,
258,28,19,ok,
259,28,19,ok,
260,28,17,ok,
261,28,17,ok,
262,28,15,ok,
263,28,22,ok,
264,28,17,ok,
265,28,19,ok,
266,28,19,ok,
267,28,17,ok,
268,28,18,ok,
269,28,20,ok,
270,28,18,ok,
271,28,18,ok,
272,28,18,ok,
273,28,17,ok,
274,28,16,ok,
275,28,19,ok,
276,28,18,ok,
277,28,17,ok,
278,28,19,ok,
279,28,17,ok,
280,28,18,ok,
281,28,18,ok,
282,28,19,ok,
283,28,15,ok,
284,28,19,ok,
285,28,19,ok,
286,28,18,ok,
287,28,17,ok,
288,28,21,ok,
289,28,17,ok,
290,28,19,ok,
291,28,18,ok,
292,28,21,ok,
293,28,17,ok,
294,28,16,ok,
295,28,19,ok,
296,28,14,ok,
297,28,18,ok,
298,28,19,ok,
299,28,17,ok,
300,28,18,ok,
301,28,20,ok,
302,28,16,ok,
303,28,17,ok,
304,28,18,ok,
305,28,19,ok,
306,28,20,ok,
307,28,19,ok,
308,28,18,ok,
309,28,21,ok,
310,28,17,ok,
311,28,18,ok,
312,28,16,ok,
313,28,19,ok,
314,28,17,ok,
315,28,20,ok,
316,28,20,ok,
317,28,15,ok,
318,28,18,ok,
319,28,17,ok,
320,28,17,ok,
321,28,16,ok,
322,28,18,ok,
323,28,20,ok,
324,28,18,ok,
325,28,20,ok,
326,28,17,ok,
327,28,18,ok,
328,28,20,ok,
329,28,17,ok,
330,28,20,ok,
331,28,16,ok,
332,28,15,ok,
333,28,15,ok,
334,28,16,ok,
335,28,18,ok,
336,28,20,ok,
337,28,17,ok,
338,28,17,ok,
339,28,21,ok,
340,28,19,ok,
341,28,18,ok,
342,28,17,ok,
343,28,18,ok,
344,28,18,ok,
345,28,17,ok,
346,28,21,ok,
347,28,20,ok,
348,28,18,ok,
349,28,21,ok,
350,28,19,ok,
351,28,18,ok,
352,28,17,ok,
353,28,17,ok,
354,28,18,ok,
355,28,16,ok,
356,28,18,ok,
357,28,19,ok,
358,28,18,ok,
359,28,19,ok,
360,28,19,ok,
361,28,17,ok,
362,28,17,ok,
363,28,17,ok,
364,28,18,ok,
365,28,17,ok,
366,28,19,ok,
367,28,18,ok,
368,28,18,ok,
369,28,22,ok,
370,28,19,ok,
371,28,20,ok,
372,28,17,ok,
373,28,21,ok,
374,28,16,ok,
375,28,17,ok,
376,28,19,ok,
377,28,20,ok,
378,28,18,ok,
379,28,17,ok,
380,28,17,ok,
381,28,18,ok,
382,28,16,ok,
383,28,19,ok,
384,28,18,ok,
385,28,18,ok,
386,28,15,ok,
387,28,16,ok,
388,28,20,ok,
389,28,17,ok,
390,28,18,ok,
391,28,20,ok,
392,28,21,ok,
393,28,18,ok,
394,28,19,ok,
395,28,16,ok,
396,28,19,ok,
397,28,21,ok,
398,28,18,ok,
399,28,20,ok,
400,28,19,ok,
401,28,18,ok,
402,28,17,ok,
403,28,19,ok,
404,28,16,ok,
405,28,16,ok,
406,28,20,ok,
407,28,17,ok,
408,28,16,ok,
409,28,18,ok,
410,28,19,ok,
411,28,20,ok,
412,28,18,ok,
413,28,19,ok,
414,28,17,ok,
415,28,18,ok,
416,28,21,ok,
417,28,19,ok,
418,28,20,ok,
419,28,24,ok,
420,28,18,ok,
421,28,18,ok,
422,28,18,ok,
423,28,19,ok,
424,28,20,ok,
425,28,16,ok,
426,28,18,ok,
427,28,20,ok,
428,28,19,ok,
429,28,16,ok,
430,28,16,ok,
431,28,19,ok,
432,28,20,ok,
433,28,18,ok,
434,28,15,ok,
435,28,16,ok,
436,28,17,ok,
437,28,21,ok,
438,28,17,ok,
439,28,22,ok,
440,28,18,ok,
441,28,17,ok,
442,28,19,ok,
443,28,17,ok,
444,28,18,ok,
445,28,17,ok,
446,28,21,ok,
447,28,18,ok,
448,28,17,ok,
449,28,17,ok,
450,28,17,ok,
451,28,18,ok,
452,28,20,ok,
453,28,17,ok,
454,28,20,ok,
455,28,16,ok,
456,28,19,ok,
457,28,19,ok,
458,28,19,ok,
459,28,20,ok,
460,28,21,ok,
461,28,19,ok,
462,28,15,ok,
463,28,17,ok,
464,28,20,ok,
465,28,21,ok,
466,28,20,ok,
467,28,20,ok,
468,28,16,ok,
469,28,19,ok,
470,28,18,ok,
471,28,17,ok,
472,28,18,ok,
473,28,17,ok,
474,28,19,ok,
475,28,17,ok,
476,28,21,ok,
477,28,17,ok,
478,28,17,ok,
479,28,20,ok,
480,28,20,ok,
481,28,19,ok,
482,28,18,ok,
483,28,18,ok,
484,28,19,ok,
485,28,20,ok,
486,28,18,ok,
487,28,16,ok,
488,28,17,ok,
489,28,17,ok,
490,28,16,ok,
491,28,17,ok,
492,28,19,ok,
493,28,18,ok,
494,28,18,ok,
495,28,16,ok,
496,28,18,ok,
497,28,15,ok,
498,28,15,ok,
499,28,19,ok,
500,28,17,ok,
501,28,20,ok,
502,28,17,ok,
503,28,19,ok,
504,28,15,ok,
505,28,21,ok,
506,28,18,ok,
507,28,17,ok,
508,28,16,ok,
509,28,22,ok,
510,28,21,ok,
511,28,19,ok,
512,28,16,ok,
513,28,18,ok,
514,28,19,ok,
515,28,16,ok,
516,28,17,ok,
517,28,18,ok,
518,28,18,ok,
519,28,19,ok,
520,28,19,ok,
521,28,21,ok,
522,28,16,ok,
523,28,17,ok,
524,28,16,ok,
525,28,21,ok,
526,28,19,ok,
527,28,16,ok,
528,28,17,ok,
529,28,20,ok,
530,28,18,ok,
531,28,17,ok,
532,28,19,ok,
533,28,18,ok,
534,28,15,ok,
535,28,17,ok,
536,28,15,ok,
537,28,17,ok,
538,28,20,ok,
539,28,19,ok,
540,28,19,ok,
541,28,19,ok,
542,28,17,ok,
543,28,20,ok,
544,28,17,ok,
545,28,17,ok,
546,28,18,ok,
547,28,16,ok,
548,28,19,ok,
549,28,20,ok,
550,28,19,ok,
551,28,17,ok,
552,28,16,ok,
553,28,18,ok,
554,28,19,ok,
555,28,20,ok,
556,28,17,ok,
557,28,17,ok,
558,28,17,ok,
559,28,17,ok,
560,28,18,ok,
561,28,19,ok,
562,28,17,ok,
563,28,18,ok,
564,28,21,ok,
565,28,17,ok,
566,28,18,ok,
567,28,18,ok,
568,28,16,ok,
569,28,16,ok,
570,28,19,ok,
571,28,20,ok,
572,28,16,ok,
573,28,17,ok,
574,28,17,ok,
575,28,21,ok,
576,28,18,ok,
577,28,21,ok,
578,28,25,ok,
579,28,18,ok,
580,28,15,ok,
581,28,14,ok,
582,28,17,ok,
583,28,19,ok,
584,28,18,ok,
585,28,16,ok,
586,28,19,ok,
587,28,16,ok,
588,28,19,ok,
589,28,16,ok,
590,28,18,ok,
591,28,18,ok,
592,28,20,ok,
593,28,17,ok,
594,28,19,ok,
595,28,17,ok,
596,28,16,ok,
597,28,17,ok,
598,28,18,ok,
599,28,16,ok,
600,28,20,ok,
601,28,18,ok,
602,28,17,ok,
603,28,19,ok,
604,28,19,ok,
605,28,19,ok,
606,28,18,ok,
607,28,16,ok,
608,28,16,ok,
609,28,20,ok,
610,28,16,ok,
611,28,18,ok,
612,28,18,ok,
613,28,22,ok,
614,28,18,ok,
615,28,18,ok,
616,28,19,ok,
617,28,19,ok,
618,28,20,ok,
619,28,21,ok,
620,28,19,ok,
621,28,16,ok,
622,28,20,ok,
623,28,21,ok,
624,28,19,ok,
625,28,17,ok,
626,28,19,ok,
627,28,15,ok,
628,28,18,ok,
629,28,16,ok,
630,28,22,ok,
631,28,18,ok,
632,28,20,ok,
633,28,19,ok,
634,28,15,ok,
635,28,17,ok,
636,28,15,ok,
637,28,16,ok,
638,28,17,ok,
639,28,18,ok,
640,28,17,ok,
641,28,17,ok,
642,28,19,ok,
643,28,16,ok,
644,28,18,ok,
645,28,20,ok,
646,28,18,ok,
647,28,17,ok,
648,28,21,ok,
649,28,18,ok,
650,28,18,ok,
651,28,14,ok,
652,28,19,ok,
653,28,16,ok,
654,28,18,ok,
655,28,17,ok,
656,28,15,ok,
657,28,17,ok,
658,28,17,ok,
659,28,18,ok,
660,28,18,ok,
661,28,17,ok,
662,28,17,ok,
663,28,18,ok,
664,28,17,ok,
665,28,20,ok,
666,28,19,ok,
667,28,15,ok,
668,28,18,ok,
669,28,18,ok,
670,28,17,ok,
671,28,18,ok,
672,28,21,ok,
673,28,19,ok,
674,28,18,ok,
675,28,18,ok,
676,28,21,ok,
677,28,17,ok,
678,28,20,ok,
679,28,17,ok,
680,28,18,ok,
681,28,20,ok,
682,28,18,ok,
683,28,20,ok,
684,28,16,ok,
685,28,17,ok,
686,28,19,ok,
687,28,17,ok,
688,28,18,ok,
689,28,17,ok,
690,28,15,ok,
691,28,19,ok,
692,28,18,ok,
693,28,18,ok,
694,28,20,ok,
695,28,17,ok,
696,28,19,ok,
697,28,16,ok,
698,28,16,ok,
699,28,16,ok,
700,28,17,ok,
701,28,19,ok,
702,28,16,ok,
703,28,21,ok,
704,28,18,ok,
705,28,17,ok,
706,28,14,ok,
707,28,19,ok,
708,28,19,ok,
709,28,19,ok,
710,28,16,ok,
711,28,16,ok,
712,28,21,ok,
713,28,15,ok,
714,28,17,ok,
715,28,18,ok,
716,28,14,ok,
717,28,15,ok,
718,28,19,ok,
719,28,17,ok,
720,28,18,ok,
721,28,17,ok,
722,28,17,ok,
723,28,16,ok,
724,28,19,ok,
725,28,21,ok,
726,28,18,ok,
727,28,21,ok,
728,28,17,ok,
729,28,20,ok,
730,28,18,ok,
731,28,19,ok,
732,28,19,ok,
733,28,17,ok,
734,28,19,ok,
735,28,16,ok,
736,28,16,ok,
737,28,21,ok,
738,28,20,ok,
739,28,18,ok,
740,28,14,ok,
741,28,19,ok,
742,28,19,ok,
743,28,19,ok,
744,28,15,ok,
745,28,16,ok,
746,28,20,ok,
747,28,21,ok,
748,28,18,ok,
749,28,18,ok,
750,28,22,ok,
751,28,17,ok,
752,28,21,ok,
753,28,19,ok,
754,28,19,ok,
755,28,18,ok,
756,28,21,ok,
757,28,14,ok,
758,28,15,ok,
759,28,19,ok,
760,28,18,ok,
761,28,19,ok,
762,28,20,ok,
763,28,18,ok,
764,28,18,ok,
765,28,20,ok,
766,28,13,ok,
767,28,17,ok,
768,28,20,ok,
769,28,13,ok,
770,28,16,ok,
771,28,18,ok,
772,28,18,ok,
773,28,16,ok,
774,28,20,ok,
775,28,21,ok,
776,28,17,ok,
777,28,19,ok,
778,28,20,ok,
779,28,19,ok,
780,28,20,ok,
781,28,18,ok,
782,28,20,ok,
783,28,17,ok,
784,28,15,ok,
785,28,18,ok,
786,28,19,ok,
787,28,19,ok,
788,28,19,ok,
789,28,22,ok,
790,28,20,ok,
791,28,18,ok,
792,28,18,ok,
793,28,20,ok,
794,28,18,ok,
795,28,16,ok,
796,28,20,ok,
797,28,16,ok,
798,28,19,ok,
799,28,19,ok,
800,28,17,ok,
801,28,18,ok,
802,28,21,ok,
803,28,19,ok,
804,28,18,ok,
805,28,19,ok,
806,28,15,ok,
807,28,22,ok,
808,28,17,ok,
809,28,16,ok,
810,28,17,ok,
811,28,17,ok,
812,28,17,ok,
813,28,18,ok,
814,28,19,ok,
815,28,19,ok,
816,28,21,ok,
817,28,18,ok,
818,28,19,ok,
819,28,16,ok,
820,28,16,ok,
821,28,20,ok,
822,28,18,ok,
823,28,17,ok,
824,28,19,ok,
825,28,18,ok,
826,28,15,ok,
827,28,17,ok,
828,28,17,ok,
829,28,17,ok,
830,28,20,ok,
831,28,18,ok,
832,28,17,ok,
833,28,14,ok,
834,28,18,ok,
835,28,19,ok,
836,28,20,ok,
837,28,15,ok,
838,28,19,ok,
839,28,20,ok,
840,28,19,ok,
841,28,17,ok,
842,28,20,ok,
843,28,15,ok,
844,28,18,ok,
845,28,16,ok,
846,28,21,ok,
847,28,20,ok,
848,28,16,ok,
849,28,19,ok,
850,28,18,ok,
851,28,17,ok,
852,28,18,ok,
853,28,19,ok,
854,28,19,ok,
855,28,20,ok,
856,28,16,ok,
857,28,19,ok,
858,28,17,ok,
859,28,15,ok,
860,28,18,ok,
861,28,16,ok,
862,28,17,ok,
863,28,17,ok,
864,28,22,ok,
865,28,17,ok,
866,28,16,ok,
867,28,16,ok,
868,28,19,ok,
869,28,21,ok,
870,28,15,ok,
871,28,18,ok,
872,28,17,ok,
873,28,19,ok,
874,28,19,ok,
875,28,18,ok,
876,28,16,ok,
877,28,16,ok,
878,28,14,ok,
879,28,19,ok,
880,28,18,ok,
881,28,21,ok,
882,28,18,ok,
883,28,18,ok,
884,28,18,ok,
885,28,19,ok,
886,28,20,ok,
887,28,17,ok,
888,28,18,ok,
889,28,16,ok,
890,28,18,ok,
891,28,18,ok,
892,28,20,ok,
893,28,19,ok,
894,28,16,ok,
895,28,18,ok,
896,28,17,ok,
897,28,18,ok,
898,28,18,ok,
899,28,19,ok,
900,28,18,ok,
901,28,17,ok,
902,28,17,ok,
903,28,16,ok,
904,28,17,ok,
905,28,17,ok,
906,28,16,ok,
907,28,18,ok,
908,28,17,ok,
909,28,17,ok,
910,28,19,ok,
911,28,20,ok,
912,28,13,ok,
913,28,16,ok,
914,28,15,ok,
915,28,19,ok,
916,28,17,ok,
917,28,17,ok,
918,28,16,ok,
919,28,16,ok,
920,28,18,ok,
921,28,18,ok,
922,28,21,ok,
923,28,18,ok,
924,28,16,ok,
925,28,17,ok,
926,28,18,ok,
927,28,18,ok,
928,28,17,ok,
929,28,18,ok,
930,28,16,ok,
931,28,17,ok,
932,28,20,ok,
933,28,18,ok,
934,28,16,ok,
935,28,13,ok,
936,28,14,ok,
937,28,18,ok,
938,28,18,ok,
939,28,22,ok,
940,28,18,ok,
941,28,16,ok,
942,28,16,ok,
943,28,17,ok,
944,28,21,ok,
945,28,17,ok,
946,28,22,ok,
947,28,19,ok,
948,28,18,ok,
949,28,19,ok,
950,28,16,ok,
951,28,20,ok,
952,28,14,ok,
953,28,17,ok,
954,28,19,ok,
955,28,19,ok,
956,28,18,ok,
957,28,18,ok,
958,28,21,ok,
959,28,18,ok,
960,28,17,ok,
961,28,19,ok,
962,28,18,ok,
963,28,18,ok,
964,28,19,ok,
965,28,19,ok,
966,28,17,ok,
967,28,18,ok,
968,28,16,ok,
969,28,21,ok,
970,28,19,ok,
971,28,17,ok,
972,28,19,ok,
973,28,22,ok,
974,28,20,ok,
975,28,16,ok,
976,28,19,ok,
977,28,17,ok,
978,28,20,ok,
979,28,19,ok,
980,28,17,ok,
981,28,21,ok,
982,28,18,ok,
983,28,17,ok,
984,28,16,ok,
985,28,19,ok,
986,28,16,ok,
987,28,17,ok,
988,28,18,ok,
989,28,17,ok,
990,28,18,ok,
991,28,17,ok,
992,28,17,ok,
993,28,19,ok,
994,28,17,ok,
995,28,18,ok,
996,28,16,ok,
997,28,20,ok,
998,28,18,ok,
999,28,16,ok,
1000,28,17,ok,
1001,28,20,ok,
1002,28,20,ok,
1003,28,16,ok,
1004,28,15,ok,
1005,28,17,ok,
1006,28,15,ok,
1007,28,18,ok,
1008,28,18,ok,
1009,28,21,ok,
1010,28,20,ok,
1011,28,19,ok,
1012,28,17,ok,
1013,28,18,ok,
1014,28,19,ok,
1015,28,17,ok,
1016,28,19,ok,
1017,28,16,ok,
1018,28,18,ok,
1019,28,21,ok,
1020,28,20,ok,
1021,28,18,ok,
1022,28,17,ok,
1023,28,17,ok,
1024,28,19,ok,
1025,28,16,ok,
1026,28,16,ok,
1027,28,15,ok,
1028,28,21,ok,
1029,28,18,ok,
1030,28,21,ok,
1031,28,19,ok,
1032,28,18,ok,
1033,28,19,ok,
1034,28,21,ok,
1035,28,17,ok,
1036,28,18,ok,
1037,28,19,ok,
1038,28,17,ok,
1039,28,15,ok,
1040,28,17,ok,
1041,28,17,ok,
1042,28,14,ok,
1043,28,16,ok,
1044,28,18,ok,
1045,28,19,ok,
1046,28,18,ok,
1047,28,19,ok,
1048,28,19,ok,
1049,28,18,ok,
1050,28,17,ok,
1051,28,18,ok,
1052,28,19,ok,
1053,28,19,ok,
1054,28,21,ok,
1055,28,21,ok,
1056,28,19,ok,
1057,28,16,ok,
1058,28,18,ok,
1059,28,20,ok,
1060,28,21,ok,
1061,28,19,ok,
1062,28,17,ok,
1063,28,17,ok,
1064,28,19,ok,
1065,28,16,ok,
1066,28,20,ok,
1067,28,17,ok,
1068,28,17,ok,
1069,28,16,ok,
1070,28,19,ok,
1071,28,19,ok,
1072,28,18,ok,
1073,28,19,ok,
1074,28,19,ok,
1075,28,19,ok,
1076,28,14,ok,
1077,28,15,ok,
1078,28,19,ok,
1079,28,17,ok,
1080,28,16,ok,
1081,28,19,ok,
1082,28,19,ok,
1083,28,21,ok,
1084,28,16,ok,
1085,28,18,ok,
1086,28,18,ok,
1087,28,17,ok,
1088,28,18,ok,
1089,28,16,ok,
1090,28,17,ok,
1091,28,19,ok,
1092,28,16,ok,
1093,28,16,ok,
1094,28,17,ok,
1095,28,18,ok,
1096,28,19,ok,
1097,28,17,ok,
1098,28,19,ok,
1099,28,20,ok,
1100,28,16,ok,
1101,28,18,ok,
1102,28,18,ok,
1103,28,21,ok,
1104,28,18,ok,
1105,28,17,ok,
1106,28,16,ok,
1107,28,17,ok,
1108,28,18,ok,
1109,28,17,ok,
1110,28,16,ok,
1111,28,17,ok,
1112,28,18,ok,
1113,28,15,ok,
1114,28,19,ok,
1115,28,21,ok,
1116,28,18,ok,
1117,28,16,ok,
1118,28,18,ok,
1119,28,17,ok,
1120,28,16,ok,
1121,28,18,ok,
1122,28,21,ok,
1123,28,18,ok,
1124,28,18,ok,
1125,28,15,ok,
1126,28,16,ok,
1127,28,17,ok,
1128,28,16,ok,
1129,28,21,ok,
1130,28,18,ok,
1131,28,17,ok,
1132,28,17,ok,
1133,28,19,ok,
1134,28,16,ok,
1135,28,15,ok,
1136,28,16,ok,
1137,28,13,ok,
1138,28,17,ok,
1139,28,19,ok,
1140,28,17,ok,
1141,28,17,ok,
1142,28,15,ok,
1143,28,17,ok,
1144,28,21,ok,
1145,28,20,ok,
1146,28,18,ok,
1147,28,18,ok,
1148,28,21,ok,
1149,28,19,ok,
1150,28,20,ok,
1151,28,17,ok,
1152,28,18,ok,
1153,28,18,ok,
1154,28,19,ok,
1155,28,17,ok,
1156,28,19,ok,
1157,28,17,ok,
1158,28,15,ok,
1159,28,18,ok,
1160,28,20,ok,
1161,28,19,ok,
1162,28,16,ok,
1163,28,18,ok,
1164,28,16,ok,
1165,28,17,ok,
1166,28,17,ok,
1167,28,15,ok,
1168,28,18,ok,
1169,28,18,ok,
1170,28,17,ok,
1171,28,14,ok,
1172,28,17,ok,
1173,28,17,ok,
1174,28,18,ok,
1175,28,18,ok,
1176,28,21,ok,
1177,28,16,ok,
1178,28,17,ok,
1179,28,19,ok,
1180,28,19,ok,
1181,28,15,ok,
1182,28,18,ok,
1183,28,18,ok,
1184,28,17,ok,
1185,28,18,ok,
1186,28,18,ok,
1187,28,18,ok,
1188,28,18,ok,
1189,28,17,ok,
1190,28,18,ok,
1191,28,20,ok,
1192,28,17,ok,
1193,28,15,ok,
1194,28,17,ok,
1195,28,16,ok,
1196,28,17,ok,
1197,28,16,ok,
1198,28,19,ok,
1199,28,16,ok,
1200,28,18,ok,
1201,28,16,ok,
1202,28,18,ok,
1203,28,18,ok,
1204,28,18,ok,
1205,28,19,ok,
1206,28,17,ok,
1207,28,18,ok,
1208,28,17,ok,
1209,28,16,ok,
1210,28,17,ok,
1211,28,15,ok,
1212,28,18,ok,
1213,28,18,ok,
1214,28,16,ok,
1215,28,20,ok,
1216,28,21,ok,
1217,28,19,ok,
1218,28,19,ok,
1219,28,17,ok,
1220,28,18,ok,
1221,28,18,ok,
1222,28,20,ok,
1223,28,19,ok,
1224,28,20,ok,
1225,28,17,ok,
1226,28,20,ok,
1227,28,21,ok,
1228,28,13,ok,
1229,28,18,ok,
1230,28,20,ok,
1231,28,18,ok,
1232,28,18,ok,
1233,28,21,ok,
1234,28,19,ok,
1235,28,19,ok,
1236,28,18,ok,
1237,28,20,ok,
1238,28,19,ok,
1239,28,17,ok,
1240,28,18,ok,
1241,28,21,ok,
1242,28,17,ok,
1243,28,17,ok,
1244,28,19,ok,
1245,28,20,ok,
1246,28,18,ok,
1247,28,17,ok,
1248,28,20,ok,
1249,28,19,ok,
1250,28,18,ok,
1251,28,18,ok,
1252,28,19,ok,
1253,28,19,ok,
1254,28,20,ok,
1255,28,18,ok,
1256,28,18,ok,
1257,28,20,ok,
1258,28,19,ok,
1259,28,17,ok,
1260,28,18,ok,
1261,28,18,ok,
1262,28,20,ok,
1263,28,18,ok,
1264,28,16,ok,
1265,28,16,ok,
1266,28,18,ok,
1267,28,17,ok,
1268,28,15,ok,
1269,28,20,ok,
1270,28,18,ok,
1271,28,19,ok,
1272,28,15,ok,
1273,28,20,ok,
1274,28,19,ok,
1275,28,17,ok,
1276,28,16,ok,
1277,28,14,ok,
1278,28,16,ok,
1279,28,19,ok,
1280,28,17,ok,
1281,28,16,ok,
1282,28,18,ok,
1283,28,20,ok,
1284,28,18,ok,
1285,28,18,ok,
1286,28,19,ok,
1287,28,18,ok,
1288,28,15,ok,
1289,28,18,ok,
1290,28,15,ok,
1291,28,19,ok,
1292,28,19,ok,
1293,28,17,ok,
1294,28,19,ok,
1295,28,18,ok,
1296,28,19,ok,
1297,28,15,ok,
1298,28,17,ok,
1299,28,18,ok,
1300,28,19,ok,
1301,28,21,ok,
1302,28,19,ok,
1303,28,17,ok,
1304,28,22,ok,
1305,28,21,ok,
1306,28,16,ok,
1307,28,18,ok,
1308,28,17,ok,
1309,28,20,ok,
1310,28,20,ok,
1311,28,16,ok,
1312,28,16,ok,
1313,28,17,ok,
1314,28,18,ok,
1315,28,18,ok,
1316,28,18,ok,
1317,28,18,ok,
1318,28,21,ok,
1319,28,17,ok,
1320,28,19,ok,
1321,28,20,ok,
1322,28,19,ok,
1323,28,16,ok,
1324,28,20,ok,
1325,28,17,ok,
1326,28,17,ok,
1327,28,18,ok,
1328,28,18,ok,
1329,28,19,ok,
1330,28,18,ok,
1331,28,18,ok,
1332,28,18,ok,
1333,28,18,ok,
1334,28,15,ok,
1335,28,18,ok,
1336,28,19,ok,
1337,28,19,ok,
1338,28,19,ok,
1339,28,14,ok,
1340,28,16,ok,
1341,28,15,ok,
1342,28,17,ok,
1343,28,18,ok,
1344,28,18,ok,
1345,28,17,ok,
1346,28,19,ok,
1347,28,16,ok,
1348,28,16,ok,
1349,28,17,ok,
1350,28,16,ok,
1351,28,17,ok,
1352,28,19,ok,
1353,28,17,ok,
1354,28,18,ok,
1355,28,18,ok,
1356,28,17,ok,
1357,28,19,ok,
1358,28,15,ok,
1359,28,18,ok,
1360,28,19,ok,
1361,28,16,ok,
1362,28,16,ok,
1363,28,19,ok,
1364,28,21,ok,
1365,28,17,ok,
1366,28,19,ok,
1367,28,17,ok,
1368,28,17,ok,
1369,28,21,ok,
1370,28,18,ok,
1371,28,18,ok,
1372,28,18,ok,
1373,28,17,ok,
1374,28,18,ok,
1375,28,18,ok,
1376,28,19,ok,
1377,28,18,ok,
1378,28,16,ok,
1379,28,22,ok,
1380,28,19,ok,
1381,28,19,ok,
1382,28,18,ok,
1383,28,16,ok,
1384,28,18,ok,
1385,28,18,ok,
1386,28,21,ok,
1387,28,15,ok,
1388,28,16,ok,
1389,28,20,ok,
1390,28,18,ok,
1391,28,18,ok,
1392,28,14,ok,
1393,28,17,ok,
1394,28,16,ok,
1395,28,19,ok,
1396,28,18,ok,
1397,28,17,ok,
1398,28,16,ok,
1399,28,18,ok,
1400,28,17,ok,
1401,28,16,ok,
1402,28,20,ok,
1403,28,18,ok,
1404,28,20,ok,
1405,28,18,ok,
1406,28,17,ok,
1407,28,19,ok,
1408,28,17,ok,
1409,28,18,ok,
1410,28,17,ok,
1411,28,17,ok,
1412,28,18,ok,
1413,28,16,ok,
1414,28,16,ok,
1415,28,19,ok,
1416,28,20,ok,
1417,28,17,ok,
1418,28,16,ok,
1419,28,20,ok,
1420,28,20,ok,
1421,28,17,ok,
1422,28,19,ok,
1423,28,18,ok,
1424,28,16,ok,
1425,28,16,ok,
1426,28,15,ok,
1427,28,18,ok,
1428,28,17,ok,
1429,28,17,ok,
1430,28,19,ok,
1431,28,17,ok,
1432,28,19,ok,
1433,28,18,ok,
1434,28,22,ok,
1435,28,19,ok,
1436,28,16,ok,
1437,28,17,ok,
1438,28,16,ok,
1439,28,17,ok,
1440,28,15,ok,
1441,28,17,ok,
1442,28,18,ok,
1443,28,18,ok,
1444,28,20,ok,
1445,28,18,ok,
1446,28,17,ok,
1447,28,17,ok,
1448,28,18,ok,
1449,28,17,ok,
1450,28,18,ok,
1451,28,15,ok,
1452,28,17,ok,
1453,28,17,ok,
1454,28,21,ok,
1455,28,16,ok,
1456,28,20,ok,
1457,28,21,ok,
1458,28,19,ok,
1459,28,18,ok,
1460,28,18,ok,
1461,28,21,ok,
1462,28,17,ok,
1463,28,18,ok,
1464,28,16,ok,
1465,28,19,ok,
1466,28,18,ok,
1467,28,17,ok,
1468,28,14,ok,
1469,28,18,ok,
1470,28,19,ok,
1471,28,19,ok,
1472,28,17,ok,
1473,28,16,ok,
1474,28,18,ok,
1475,28,18,ok,
1476,28,15,ok,
1477,28,16,ok,
1478,28,17,ok,
1479,28,17,ok,
1480,28,16,ok,
1481,28,19,ok,
1482,28,20,ok,
1483,28,18,ok,
1484,28,17,ok,
1485,28,15,ok,
1486,28,19,ok,
1487,28,19,ok,
1488,28,20,ok,
1489,28,21,ok,
1490,28,16,ok,
1491,28,16,ok,
1492,28,19,ok,
1493,28,15,ok,
1494,28,16,ok,
1495,28,19,ok,
1496,28,17,ok,
1497,28,17,ok,
1498,28,18,ok,
1499,28,17,ok,
1500,28,16,ok,
1501,28,16,ok,
1502,28,17,ok,
1503,28,19,ok,
1504,28,17,ok,
1505,28,18,ok,
1506,28,21,ok,
1507,28,20,ok,
1508,28,18,ok,
1509,28,17,ok,
1510,28,18,ok,
1511,28,19,ok,
1512,28,19,ok,
1513,28,16,ok,
1514,28,18,ok,
1515,28,20,ok,
1516,28,21,ok,
1517,28,17,ok,
1518,28,17,ok,
1519,28,19,ok,
1520,28,21,ok,
1521,28,19,ok,
1522,28,18,ok,
1523,28,19,ok,
1524,28,20,ok,
1525,28,20,ok,
1526,28,17,ok,
1527,28,18,ok,
1528,28,17,ok,
1529,28,20,ok,
1530,28,20,ok,
1531,28,20,ok,
1532,28,17,ok,
1533,28,18,ok,
1534,28,15,ok,
1535,28,18,ok,
1536,28,19,ok,
1537,28,16,ok,
1538,28,19,ok,
1539,28,18,ok,
1540,28,19,ok,
1541,28,16,ok,
1542,28,15,ok,
1543,28,15,ok,
1544,28,17,ok,
1545,28,16,ok,
1546,28,17,ok,
1547,28,19,ok,
1548,28,18,ok,
1549,28,17,ok,
1550,28,22,ok,
1551,28,19,ok,
1552,28,19,ok,
1553,28,17,ok,
1554,28,21,ok,
1555,28,17,ok,
1556,28,20,ok,
1557,28,20,ok,
1558,28,20,ok,
1559,28,16,ok,
1560,28,20,ok,
1561,28,18,ok,
1562,28,21,ok,
1563,28,17,ok,
1564,28,16,ok,
1565,28,18,ok,
1566,28,17,ok,
1567,28,18,ok,
1568,28,18,ok,
1569,28,17,ok,
1570,28,20,ok,
1571,28,18,ok,
1572,28,18,ok,
1573,28,18,ok,
1574,28,19,ok,
1575,28,20,ok,
1576,28,20,ok,
1577,28,18,ok,
1578,28,21,ok,
1579,28,17,ok,
1580,28,18,ok,
1581,28,18,ok,
1582,28,18,ok,
1583,28,17,ok,
1584,28,20,ok,
1585,28,15,ok,
1586,28,16,ok,
1587,28,18,ok,
1588,28,20,ok,
1589,28,17,ok,
1590,28,19,ok,
1591,28,17,ok,
1592,28,19,ok,
1593,28,19,ok,
1594,28,19,ok,
1595,28,17,ok,
1596,28,18,ok,
1597,28,19,ok,
1598,28,16,ok,
1599,28,19,ok,
1600,28,19,ok,
1601,28,19,ok,
1602,28,18,ok,
1603,28,16,ok,
1604,28,20,ok,
1605,28,16,ok,
1606,28,14,ok,
1607,28,17,ok,
1608,28,13,ok,
1609,28,17,ok,
1610,28,17,ok,
1611,28,18,ok,
1612,28,19,ok,
1613,28,16,ok,
1614,28,18,ok,
1615,28,20,ok,
1616,28,22,ok,
1617,28,19,ok,
1618,28,18,ok,
1619,28,18,ok,
1620,28,17,ok,
1621,28,17,ok,
1622,28,20,ok,
1623,28,15,ok,
1624,28,21,ok,
1625,28,20,ok,
1626,28,19,ok,
1627,28,18,ok,
1628,28,18,ok,
1629,28,16,ok,
1630,28,16,ok,
1631,28,17,ok,
1632,28,18,ok,
1633,28,17,ok,
1634,28,17,ok,
1635,28,18,ok,
1636,28,17,ok,
1637,28,17,ok,
1638,28,17,ok,
1639,28,22,ok,
1640,28,21,ok,
1641,28,19,ok,
1642,28,20,ok,
1643,28,18,ok,
1644,28,19,ok,
1645,28,19,ok,
1646,28,17,ok,
1647,28,19,ok,
1648,28,20,ok,
1649,28,16,ok,
1650,28,16,ok,
1651,28,15,ok,
1652,28,22,ok,
1653,28,20,ok,
1654,28,19,ok,
1655,28,18,ok,
1656,28,19,ok,
1657,28,19,ok,
1658,28,16,ok,
1659,28,19,ok,
1660,28,17,ok,
1661,28,18,ok,
1662,28,16,ok,
1663,28,16,ok,
1664,28,15,ok,
1665,28,19,ok,
1666,28,21,ok,
1667,28,20,ok,
1668,28,15,ok,
1669,28,20,ok,
1670,28,20,ok,
1671,28,16,ok,
1672,28,18,ok,
1673,28,17,ok,
1674,28,16,ok,
1675,28,17,ok,
1676,28,16,ok,
1677,28,20,ok,
1678,28,15,ok,
1679,28,17,ok,
1680,28,21,ok,
1681,28,18,ok,
1682,28,20,ok,
1683,28,18,ok,
1684,28,15,ok,
1685,28,18,ok,
1686,28,18,ok,
1687,28,19,ok,
1688,28,17,ok,
1689,28,18,ok,
1690,28,17,ok,
1691,28,19,ok,
1692,28,20,ok,
1693,28,17,ok,
1694,28,19,ok,
1695,28,18,ok,
1696,28,17,ok,
1697,28,18,ok,
1698,28,15,ok,
1699,28,18,ok,
1700,28,17,ok,
1701,28,18,ok,
1702,28,18,ok,
1703,28,15,ok,
1704,28,18,ok,
1705,28,17,ok,
1706,28,15,ok,
1707,28,19,ok,
1708,28,18,ok,
1709,28,18,ok,
1710,28,17,ok,
1711,28,18,ok,
1712,28,19,ok,
1713,28,18,ok,
1714,28,15,ok,
1715,28,19,ok,
1716,28,18,ok,
1717,28,19,ok,
1718,28,16,ok,
1719,28,18,ok,
1720,28,18,ok,
1721,28,16,ok,
1722,28,21,ok,
1723,28,20,ok,
1724,28,19,ok,
1725,28,14,ok,
1726,28,16,ok,
1727,28,20,ok,
1728,28,19,ok,
1729,28,17,ok,
1730,28,19,ok,
1731,28,19,ok,
1732,28,19,ok,
1733,28,16,ok,
1734,28,18,ok,
1735,28,16,ok,
1736,28,16,ok,
1737,28,19,ok,
1738,28,20,ok,
1739,28,19,ok,
1740,28,17,ok,
1741,28,19,ok,
1742,28,19,ok,
1743,28,19,ok,
1744,28,20,ok,
1745,28,19,ok,
1746,28,17,ok,
1747,28,15,ok,
1748,28,15,ok,
1749,28,21,ok,
1750,28,19,ok,
1751,28,18,ok,
1752,28,17,ok,
1753,28,18,ok,
1754,28,17,ok,
1755,28,19,ok,
1756,28,20,ok,
1757,28,21,ok,
1758,28,20,ok,
1759,28,17,ok,
1760,28,20,ok,
1761,28,18,ok,
1762,28,17,ok,
1763,28,21,ok,
1764,28,18,ok,
1765,28,20,ok,
1766,28,19,ok,
1767,28,15,ok,
1768,28,17,ok,
1769,28,16,ok,
1770,28,18,ok,
1771,28,16,ok,
1772,28,18,ok,
1773,28,19,ok,
1774,28,21,ok,
1775,28,18,ok,
1776,28,22,ok,
1777,28,18,ok,
1778,28,17,ok,
1779,28,18,ok,
1780,28,18,ok,
1781,28,19,ok,
1782,28,19,ok,
1783,28,19,ok,
1784,28,15,ok,
1785,28,15,ok,
1786,28,18,ok,
1787,28,18,ok,
1788,28,18,ok,
1789,28,18,ok,
1790,28,18,ok,
1791,28,18,ok,
1792,28,19,ok,
1793,28,23,ok,
1794,28,15,ok,
1795,28,19,ok,
1796,28,18,ok,
1797,28,21,ok,
1798,28,18,ok,
1799,28,16,ok,
1800,28,20,ok,
1801,28,19,ok,
1802,28,21,ok,
1803,28,21,ok,
1804,28,19,ok,
1805,28,18,ok,
1806,28,21,ok,
1807,28,16,ok,
1808,28,17,ok,
1809,28,15,ok,
1810,28,18,ok,
1811,28,17,ok,
1812,28,16,ok,
1813,28,20,ok,
1814,28,18,ok,
1815,28,15,ok,
1816,28,18,ok,
1817,28,19,ok,
1818,28,15,ok,
1819,28,17,ok,
1820,28,17,ok,
1821,28,20,ok,
1822,28,16,ok,
1823,28,17,ok,
1824,28,17,ok,
1825,28,22,ok,
1826,28,16,ok,
1827,28,16,ok,
1828,28,18,ok,
1829,28,19,ok,
1830,28,16,ok,
1831,28,16,ok,
1832,28,18,ok,
1833,28,18,ok,
1834,28,15,ok,
1835,28,15,ok,
1836,28,21,ok,
1837,28,18,ok,
1838,28,14,ok,
1839,28,18,ok,
1840,28,17,ok,
1841,28,21,ok,
1842,28,17,ok,
1843,28,18,ok,
1844,28,16,ok,
1845,28,16,ok,
1846,28,18,ok,
1847,28,19,ok,
1848,28,17,ok,
1849,28,17,ok,
1850,28,14,ok,
1851,28,18,ok,
1852,28,18,ok,
1853,28,17,ok,
1854,28,19,ok,
1855,28,18,ok,
1856,28,20,ok,
1857,28,14,ok,
1858,28,16,ok,
1859,28,20,ok,
1860,28,21,ok,
1861,28,18,ok,
1862,28,18,ok,
1863,28,15,ok,
1864,28,16,ok,
1865,28,16,ok,
1866,28,16,ok,
1867,28,20,ok,
1868,28,16,ok,
1869,28,17,ok,
1870,28,19,ok,
1871,28,17,ok,
1872,28,19,ok,
1873,28,17,ok,
1874,28,20,ok,
1875,28,17,ok,
1876,28,14,ok,
1877,28,17,ok,
1878,28,17,ok,
1879,28,16,ok,
1880,28,18,ok,
1881,28,18,ok,
1882,28,17,ok,
1883,28,17,ok,
1884,28,15,ok,
1885,28,18,ok,
1886,28,15,ok,
1887,28,21,ok,
1888,28,19,ok,
1889,28,16,ok,
1890,28,19,ok,
1891,28,15,ok,
1892,28,17,ok,
1893,28,16,ok,
1894,28,16,ok,
1895,28,19,ok,
1896,28,19,ok,
1897,28,18,ok,
1898,28,18,ok,
1899,28,16,ok,
1900,28,19,ok,
1901,28,18,ok,
1902,28,19,ok,
1903,28,16,ok,
1904,28,19,ok,
1905,28,19,ok,
1906,28,18,ok,
1907,28,19,ok,
1908,28,19,ok,
1909,28,17,ok,
1910,28,20,ok,
1911,28,18,ok,
1912,28,18,ok,
1913,28,16,ok,
1914,28,16,ok,
1915,28,22,ok,
1916,28,17,ok,
1917,28,19,ok,
1918,28,20,ok,
1919,28,17,ok,
1920,28,17,ok,
1921,28,20,ok,
1922,28,15,ok,
1923,28,18,ok,
1924,28,18,ok,
1925,28,19,ok,
1926,28,19,ok,
1927,28,18,ok,
1928,28,18,ok,
1929,28,18,ok,
1930,28,16,ok,
1931,28,17,ok,
1932,28,18,ok,
1933,28,18,ok,
1934,28,16,ok,
1935,28,15,ok,
1936,28,16,ok,
1937,28,17,ok,
1938,28,19,ok,
1939,28,15,ok,
1940,28,15,ok,
1941,28,16,ok,
1942,28,19,ok,
1943,28,19,ok,
1944,28,16,ok,
1945,28,17,ok,
1946,28,20,ok,
1947,28,19,ok,
1948,28,17,ok,
1949,28,17,ok,
1950,28,20,ok,
1951,28,18,ok,
1952,28,19,ok,
1953,28,17,ok,
1954,28,17,ok,
1955,28,20,ok,
1956,28,15,ok,
1957,28,15,ok,
1958,28,15,ok,
1959,28,17,ok,
1960,28,18,ok,
1961,28,20,ok,
1962,28,15,ok,
1963,28,17,ok,
1964,28,18,ok,
1965,28,14,ok,
1966,28,18,ok,
1967,28,21,ok,
1968,28,19,ok,
1969,28,17,ok,
1970,28,19,ok,
1971,28,19,ok,
1972,28,21,ok,
1973,28,17,ok,
1974,28,20,ok,
1975,28,19,ok,
1976,28,18,ok,
1977,28,17,ok,
1978,28,17,ok,
1979,28,16,ok,
1980,28,20,ok,
1981,28,18,ok,
1982,28,18,ok,
1983,28,16,ok,
1984,28,17,ok,
1985,28,18,ok,
1986,28,19,ok,
1987,28,19,ok,
1988,28,17,ok,
1989,28,17,ok,
1990,28,17,ok,
1991,28,19,ok,
1992,28,19,ok,
1993,28,18,ok,
1994,28,15,ok,
1995,28,15,ok,
1996,28,17,ok,
1997,28,18,ok,
1998,28,16,ok,
1999,28,18,ok,
