ticker,media_score,awards_score,expertise_score,face_score,communication_score,index_equal,index_critic,rank_equal,rank_critic,rank_change_critic_minus_equal,absolute_rank_change
ABIO,54.202300222951926,0.0,17.422552587681682,53.53755012585672,100.0,45.03248058729807,21.533289460887257,27.0,27.0,0.0,0.0
AFKS,,,58.33135442476656,,,,,,,,
AFLT,,,39.352116731935205,,100.0,,,,,,
AGRO,59.25680215447781,0.0,58.86816572404165,64.52269105633006,100.0,56.52953178696991,35.707992217001596,8.0,9.0,1.0,1.0
AKRN,61.14565977818457,68.3010746090859,42.770059050928175,,100.0,,,,,,
ALRS,61.95896760327661,0.0,47.28264267331856,55.892520437496245,100.0,53.02682614281829,31.552256358119017,15.0,16.0,1.0,1.0
APTK,,,59.63749874650858,,100.0,,,,,,
AQUA,64.39687178635475,0.0,45.94682154678373,60.59673811710746,100.0,54.188086290049185,32.26835570040234,13.0,13.0,0.0,0.0
ASTR,,,27.02371958087798,,100.0,,,,,,
BANEP,50.881316692276336,0.0,,,,,,,,,
BELU,58.169649852309725,0.0,41.009038389175736,48.88865578098765,,,,,,,
BSPB,66.22229933357934,0.0,50.734861652545526,,,,,,,,
CBOM,56.5473363449298,0.0,,37.02836907587439,50.0,,,,,,
CHMF,,,62.78602250190405,,,,,,,,
CHMK,50.34387423108457,0.0,,45.30560269797596,,,,,,,
CIAN,,,33.72685395477607,,100.0,,,,,,
DATA,62.11695953386712,22.7670248696953,51.431343779923765,57.3473902934702,100.0,58.73254369539129,42.281293798315,3.0,4.0,1.0,1.0
DELI,54.96371279948835,22.7670248696953,34.79396219677958,59.568541963270995,100.0,54.41864836584684,36.78791188605698,12.0,5.0,-7.0,7.0
DIAS,56.177668552137305,0.0,65.37593439412622,,100.0,,,,,,
DVEC,59.72642366356225,0.0,51.82273665797342,,100.0,,,,,,
ELFV,55.44638597458025,0.0,32.68730822323783,,100.0,,,,,,
ENPG,56.15065178978447,0.0,50.93833838027155,,100.0,,,,,,
ETLN,61.319006345531506,0.0,63.707814240073745,58.40982957929796,100.0,56.68733003298064,36.477030762956474,7.0,6.0,-1.0,1.0
EUTR,58.26562742658046,0.0,47.98943214143516,49.902794038649226,100.0,51.23157072133297,30.266764085877195,19.0,17.0,-2.0,2.0
FEES,67.91345671681466,0.0,58.01474483952608,,100.0,,,,,,
FESH,,,64.909946675563,,100.0,,,,,,
FIVE,60.79615827635892,52.8633946819448,45.37462288914955,61.85309901321753,100.0,64.17745497213416,53.35040381189826,1.0,2.0,1.0,1.0
FIXP,68.84953557964121,0.0,47.612819862447594,,100.0,,,,,,
FLOT,60.78029364711992,0.0,57.20764707468439,43.08196534963995,,,,,,,
GAZP,72.48351555689356,0.0,46.300405202789065,57.05663161478272,100.0,55.16811047489307,33.104118680972945,9.0,12.0,3.0,3.0
GEMC,54.58324838368529,0.0,59.55501406805792,58.15515350368304,100.0,54.45868319108526,34.20575184026583,11.0,10.0,-1.0,1.0
GLTR,,,49.23321485962758,,50.0,,,,,,
GMKN,,,45.05744867252452,,100.0,,,,,,
HEAD,57.01287518315475,58.85190554114832,42.03761296101695,59.93151654244704,100.0,63.56678204555342,53.971043551848965,2.0,1.0,-1.0,1.0
HNFG,49.827190597554,0.0,25.39428869069319,,100.0,,,,,,
HYDR,62.79123078401961,0.0,48.067867899788666,34.98939231719343,100.0,49.169698200200344,28.746695448573394,25.0,22.0,-3.0,3.0
IRAO,65.34807161472807,0.0,42.0409881506541,51.634772327063295,100.0,51.8047664184891,29.95914093401149,16.0,19.0,3.0,3.0
IVAT,76.35916976623936,0.0,42.42397797737696,,100.0,,,,,,
KAZT,60.999804154911075,0.0,56.49650507192956,40.04401852764573,100.0,51.50806555089728,31.61252905968498,18.0,15.0,-3.0,3.0
KZOS,64.09319456460128,0.0,48.14301612385859,,100.0,,,,,,
LEAS,58.11586712880895,22.7670248696953,45.92244323100464,,100.0,,,,,,
LENT,60.390581236295,45.5340497393906,45.396831583822824,,100.0,,,,,,
LKOH,63.124868978656494,0.0,,,,,,,,,
LSNGP,62.211740169824225,0.0,48.72851237427941,,100.0,,,,,,
LSRG,60.07777114211013,36.08488067145302,41.69918656112169,,,,,,,,
MAGN,66.0595413566633,75.63041955164012,55.499948230759834,,0.0,,,,,,
MBNK,57.21868271473403,0.0,65.7296683410902,,100.0,,,,,,
MDMG,61.86837996532135,36.08488067145302,49.7354470756684,,100.0,,,,,,
MGNT,,,33.08581600694556,,100.0,,,,,,
MGTSP,52.25563174595662,0.0,45.12127944742853,60.446831037318795,100.0,51.56474844614078,30.104469341548583,17.0,18.0,1.0,1.0
MOEX,72.46285455263775,45.5340497393906,35.99223459833849,,100.0,,,,,,
MRKC,,0.0,55.20155271399134,45.36922428229937,100.0,,,,,,
MRKP,56.37765932311235,0.0,44.537603320544264,45.36922428229937,100.0,49.2568973851912,28.30893254043929,24.0,24.0,0.0,0.0
MRKU,46.36122643060695,0.0,39.60280967327136,,100.0,,,,,,
MRKV,73.20585961993076,0.0,57.03147426739045,55.558663893498334,100.0,57.15919955616391,36.025989058056226,6.0,8.0,2.0,2.0
MRKZ,54.885811989481326,0.0,38.33608233896025,,100.0,,,,,,
MSNG,,36.08488067145302,43.08819381056352,,,,,,,,
MSRS,,0.0,41.640376323160446,53.214124756280086,100.0,,,,,,
MTLR,47.53149785600219,0.0,56.19887804947419,,0.0,,,,,,
MTSS,,68.3010746090859,29.04703232178363,60.32096149140478,100.0,,,,,,
MVID,57.99635967379585,0.0,62.53750825874338,,100.0,,,,,,
NKHP,39.3696247752281,0.0,55.14020634522141,,,,,,,,
NKNC,82.00320255260027,0.0,51.952647786510454,57.50229313151695,100.0,58.29162869412554,36.265735417211125,5.0,7.0,2.0,2.0
NLMK,65.76939888570726,45.5340497393906,15.92196014211214,,100.0,,,,,,
NMTP,58.15891991630203,0.0,11.505202315241084,,100.0,,,,,,
NVTK,85.61558919473364,22.7670248696953,33.518706992973705,,100.0,,,,,,
OGKB,,0.0,17.954792843301743,,,,,,,,
OKEY,72.48764186675437,22.7670248696953,26.910490003873587,,,,,,,,
OZON,,,,,,,,,,,
OZPH,,,26.629953361163302,,100.0,,,,,,
PHOR,52.708335749113616,0.0,46.14580060687954,47.61191769916456,100.0,49.29321081103154,28.526020567682398,23.0,23.0,0.0,0.0
PIKK,56.78517088634679,0.0,17.125485499215316,53.04525034138326,100.0,45.39118134538908,21.78074642894385,26.0,26.0,0.0,0.0
PLZL,66.97382563287587,36.08488067145302,24.74575292659673,,,,,,,,
POLY,82.47304185394665,72.16976134290604,55.05755311827553,55.980167369526704,,,,,,,
POSI,,36.08488067145302,18.029951982707075,35.8081249168174,0.0,,,,,,
PRMD,69.40520865500473,0.0,48.67601391152162,47.46857747092461,100.0,53.1099600074902,31.843507797968908,14.0,14.0,0.0,0.0
QIWI,,,42.688637960632015,,,,,,,,
RASP,58.04166900705124,5.691756217423825,15.999476829849058,41.5480696949225,,,,,,,
RENI,62.79123078401961,52.8633946819448,30.503775168311986,45.32544960812873,100.0,58.29677004848103,46.96120055324058,4.0,3.0,-1.0,1.0
RKKE,53.76834973769254,0.0,31.528308171601825,29.959978924186753,,,,,,,
RNFT,,,18.708418952304097,,100.0,,,,,,
ROSN,,0.0,51.6559347060197,,100.0,,,,,,
RTKM,70.92091572721799,0.0,57.531101451457666,,100.0,,,,,,
RUAL,,36.08488067145302,41.71002620948693,51.304363795758455,100.0,,,,,,
SBER,,0.0,51.42273281040695,,50.0,,,,,,
SELG,,0.0,23.824896405729937,,100.0,,,,,,
SFIN,,,9.262844681336263,,100.0,,,,,,
SGZH,,75.63041955164012,7.570679132920538,,100.0,,,,,,
SMLT,62.56793102881347,0.0,41.46976620734526,47.618552233104,100.0,50.33124989385255,28.75391508062069,22.0,21.0,-1.0,1.0
SNGS,73.13531206111303,0.0,57.39939848390748,,,,,,,,
SOFL,66.56753424923825,0.0,41.06821708661303,44.525345175815296,100.0,50.43221930233332,28.80145013846724,21.0,20.0,-1.0,1.0
SPBE,50.184006857565485,0.0,8.599169047721231,56.67756654093,100.0,43.09214848924335,18.881114769320256,28.0,28.0,0.0,0.0
SVAV,,0.0,80.70801686543366,,,,,,,,
SVCB,,22.7670248696953,58.50043366272084,52.66044766766097,100.0,,,,,,
T,,,17.171808549387706,,,,,,,,
TATN,71.36631971421447,0.0,23.98841654767983,57.2352051099389,100.0,50.517988274366644,26.64580870874672,20.0,25.0,5.0,5.0
TGKA,,,13.741618621724694,,,,,,,,
TGKB,,,18.439413818761505,,100.0,,,,,,
TRMK,64.18488122506675,0.0,47.49306430105552,49.875075864757264,,,,,,,
TRNFP,66.58383046807788,0.0,30.2383991955281,,100.0,,,,,,
TTLK,65.27739683836148,0.0,55.97880861893003,52.63331944267114,100.0,54.77790497999253,34.040475040503864,10.0,11.0,1.0,1.0
UGLD,,,53.022943934166,,100.0,,,,,,
UPRO,51.126005608083545,0.0,7.8278016116207105,,,,,,,,
VKCO,60.469945397069814,18.04244033572651,17.98339693700602,61.7436553411954,,,,,,,
VSEH,57.71847666264745,0.0,17.41092390396081,,100.0,,,,,,
VSMO,53.12191789937572,0.0,18.37229542373829,,,,,,,,
VTBR,72.5287975092278,0.0,40.267013735357175,,100.0,,,,,,
WUSH,54.5994382897587,0.0,24.316749958165666,,100.0,,,,,,
YDEX,60.5876229282267,0.0,12.970251185624171,,100.0,,,,,,
ZAYM,62.77231415492315,0.0,9.627658962521924,,100.0,,,,,,
